event_id,user_id,account_id,event_type,event_timestamp,created_at
E1,{1},A1,export,2025-07-23 21:43:18.000000,2025-07-25 10:12:17
E2,{1},A1,export,2025-10-16 06:09:24.000000,2025-10-18 04:02:58
E3,{1},A1,api_call,2025-08-28 00:56:42.000000,2025-08-28 16:13:24
E4,{1},A1,login,2025-09-18 20:15:31.000000,2025-09-20 17:19:34
E5,{1},A1,login,2025-07-28 03:40:22.000000,2025-07-29 13:57:54
E6,{1},A1,export,2025-06-23 06:55:20.000000,2025-06-24 12:19:37
E7,{1},A1,login,2025-08-04 22:30:54.000000,2025-08-05 11:54:29
E8,{1},A1,export,2025-09-07 08:57:06.000000,2025-09-08 17:06:36
E9,{1},A1,export,2025-11-01 01:07:09.000000,2025-11-02 03:33:49
E10,{1},A1,api_call,2025-09-22 07:26:13.000000,2025-09-22 17:15:16
E11,{3},A1,feature_call,2025-06-28 17:35:09.000000,2025-06-29 08:06:41
E12,{3},A1,api_call,2025-06-20 12:05:38.000000,2025-06-22 06:40:39
E13,{3},A1,feature_call,2025-10-13 15:07:50.000000,2025-10-15 07:08:42
E14,{3},A1,api_call,2025-10-08 15:21:21.000000,2025-10-09 16:51:56
E15,{4},A1,export,2025-06-24 12:28:01.000000,2025-06-26 02:41:36
E16,{4},A1,feature_call,2025-09-02 03:03:46.000000,2025-09-02 06:26:31
E17,{4},A1,login,2025-09-11 17:21:22.000000,2025-09-11 20:17:31
E18,{4},A1,export,2025-09-15 15:21:47.000000,2025-09-16 08:41:20
E19,{4},A1,feature_call,2025-08-27 02:56:05.000000,2025-08-28 16:32:13
E20,{4},A1,api_call,2025-09-28 23:45:16.000000,2025-09-30 16:29:35
E21,{4},A1,feature_call,2025-06-10 06:03:51.000000,2025-06-10 09:35:12
E22,{4},A1,feature_call,2025-08-15 00:01:47.000000,2025-08-15 10:05:31
E23,{4},A1,feature_call,2025-10-10 19:00:06.000000,2025-10-11 00:04:51
E24,{1},A1,login,2025-12-12 00:45:11.000000,2025-12-13 04:09:36
E25,{1},A1,login,2025-12-26 15:37:42.000000,2025-12-27 04:48:59
E26,{1},A1,api_call,2026-01-15 04:52:15.000000,2026-01-17 04:39:31
E27,{1},A1,feature_call,2025-12-18 21:22:06.000000,2025-12-20 07:43:40
E28,{1},A1,login,2025-12-27 12:44:18.000000,2025-12-27 15:13:14
E29,{1},A1,api_call,2025-12-26 18:58:36.000000,2025-12-27 06:31:35
E30,{1},A1,api_call,2025-12-27 08:47:19.000000,2025-12-28 10:58:53
E31,{1},A1,api_call,2025-12-30 01:36:04.000000,2025-12-30 16:34:18
E32,{1},A1,feature_call,2026-01-04 00:31:33.000000,2026-01-05 23:00:25
E33,{1},A1,api_call,2026-01-22 01:42:33.000000,2026-01-23 21:34:10
E34,{1},A1,api_call,2025-12-28 06:26:20.000000,2025-12-28 20:01:32
E35,{1},A1,api_call,2025-12-24 02:21:50.000000,2025-12-24 09:26:30
E36,{1},A1,feature_call,2025-12-20 20:08:23.000000,2025-12-22 00:21:58
E37,{1},A1,api_call,2025-12-02 21:09:00.000000,2025-12-03 23:04:39
E38,{1},A1,export,2025-11-24 03:45:58.000000,2025-11-25 04:17:32
E39,{1},A1,export,2025-12-27 03:12:07.000000,2025-12-28 15:17:01
E40,{1},A1,feature_call,2026-01-07 20:28:32.000000,2026-01-08 22:31:08
E41,{1},A1,feature_call,2025-12-10 06:50:00.000000,2025-12-11 02:38:22
E42,{1},A1,feature_call,2026-01-11 13:19:21.000000,2026-01-12 14:41:02
E43,{1},A1,export,2025-12-12 15:12:37.000000,2025-12-13 13:02:46
E44,{1},A1,export,2025-11-24 01:29:23.000000,2025-11-24 01:37:12
E45,{1},A1,api_call,2025-12-06 07:39:25.000000,2025-12-07 12:18:14
E46,{1},A1,api_call,2025-11-29 18:27:18.000000,2025-12-01 15:35:40
E47,{1},A1,api_call,2025-12-24 12:38:31.000000,2025-12-25 20:05:00
E48,{1},A1,login,2025-12-04 02:40:06.000000,2025-12-04 03:43:25
E49,{1},A1,login,2025-12-07 23:13:57.000000,2025-12-09 10:56:47
E50,{1},A1,feature_call,2025-12-31 16:09:57.000000,2026-01-01 15:19:05
E51,{1},A1,feature_call,2025-12-09 03:59:53.000000,2025-12-10 08:17:49
E52,{1},A1,feature_call,2025-12-13 13:21:52.000000,2025-12-13 20:54:40
E53,{1},A1,api_call,2025-12-26 06:58:28.000000,2025-12-26 14:40:38
E54,{1},A1,export,2025-11-24 14:05:44.000000,2025-11-25 04:15:06
E55,{1},A1,api_call,2025-12-29 03:15:59.000000,2025-12-29 09:07:09
E56,{1},A1,feature_call,2026-01-17 03:27:23.000000,2026-01-17 04:51:19
E57,{1},A1,feature_call,2026-01-07 12:52:34.000000,2026-01-09 04:01:04
E58,{1},A1,feature_call,2025-12-21 07:10:07.000000,2025-12-21 08:11:37
E59,{1},A1,login,2025-12-31 01:26:43.000000,2026-01-01 18:50:25
E60,{1},A1,api_call,2025-12-13 08:41:59.000000,2025-12-13 16:07:13
E61,{1},A1,api_call,2026-01-19 14:29:51.000000,2026-01-21 07:35:26
E62,{1},A1,api_call,2026-01-06 16:28:56.000000,2026-01-07 23:28:01
E63,{1},A1,login,2025-11-26 01:37:13.000000,2025-11-28 00:42:36
E64,{1},A1,export,2025-12-07 21:50:48.000000,2025-12-08 16:11:01
E65,{1},A1,feature_call,2026-01-13 16:20:15.000000,2026-01-15 13:27:49
E66,{1},A1,export,2025-12-10 23:25:56.000000,2025-12-12 02:23:21
E67,{1},A1,feature_call,2025-12-11 02:13:18.000000,2025-12-12 03:39:14
E68,{1},A1,feature_call,2025-12-14 16:52:25.000000,2025-12-16 01:18:22
E69,{1},A1,login,2025-11-30 16:39:14.000000,2025-12-01 10:18:57
E70,{1},A1,feature_call,2025-11-29 05:59:42.000000,2025-11-29 15:42:31
E71,{1},A1,feature_call,2025-11-30 02:23:42.000000,2025-11-30 12:05:19
E72,{1},A1,feature_call,2025-12-01 14:34:31.000000,2025-12-02 05:48:13
E73,{1},A1,feature_call,2026-01-09 08:24:26.000000,2026-01-09 10:21:48
E74,{1},A1,api_call,2026-01-19 21:26:33.000000,2026-01-20 15:34:21
E75,{1},A1,feature_call,2025-12-15 23:52:54.000000,2025-12-16 05:32:41
E76,{1},A1,api_call,2026-01-09 12:18:28.000000,2026-01-11 05:28:23
E77,{2},A1,api_call,2026-01-17 01:24:45.000000,2026-01-17 10:48:08
E78,{2},A1,export,2025-12-11 23:58:44.000000,2025-12-13 17:16:11
E79,{2},A1,login,2025-12-02 02:46:37.000000,2025-12-02 18:25:23
E80,{2},A1,feature_call,2025-12-31 20:49:07.000000,2026-01-02 19:19:51
E81,{2},A1,api_call,2025-12-06 23:22:54.000000,2025-12-07 20:01:12
E82,{3},A1,export,2025-12-18 15:58:19.000000,2025-12-20 09:46:50
E83,{3},A1,login,2026-01-21 01:30:03.000000,2026-01-22 23:50:49
E84,{3},A1,api_call,2025-12-08 02:58:48.000000,2025-12-09 11:27:17
E85,{3},A1,login,2025-12-15 18:22:39.000000,2025-12-17 15:32:00
E86,{3},A1,login,2025-12-20 20:20:25.000000,2025-12-21 07:23:41
E87,{4},A1,login,2026-01-11 07:44:36.000000,2026-01-12 04:54:41
E88,{4},A1,export,2025-12-18 00:11:25.000000,2025-12-19 22:58:58
E89,{4},A1,feature_call,2026-01-06 13:45:29.000000,2026-01-08 02:35:53
E90,{4},A1,export,2025-11-25 11:07:52.000000,2025-11-26 03:57:47
E91,{4},A1,feature_call,2025-12-21 00:48:09.000000,2025-12-22 10:58:21
E92,{4},A1,feature_call,2025-12-21 21:28:39.000000,2025-12-23 18:23:46
E93,{4},A1,api_call,2025-12-03 22:06:56.000000,2025-12-04 22:59:50
E94,{4},A1,login,2025-12-02 16:00:07.000000,2025-12-03 01:57:24
E95,{4},A1,api_call,2025-12-05 11:59:09.000000,2025-12-06 00:45:42
E96,{4},A1,login,2025-11-24 18:48:23.000000,2025-11-25 16:53:16
E97,{4},A1,export,2025-12-07 03:41:42.000000,2025-12-07 12:47:16
E98,{4},A1,login,2026-01-11 20:59:04.000000,2026-01-12 23:43:15
E99,{4},A1,login,2025-12-13 19:21:38.000000,2025-12-15 03:06:56
E100,{4},A1,api_call,2025-12-10 22:47:35.000000,2025-12-11 23:44:31
E101,{4},A1,export,2026-01-14 17:42:11.000000,2026-01-14 21:03:01
E102,{4},A1,api_call,2025-12-07 11:56:37.000000,2025-12-08 05:40:29
E103,{4},A1,api_call,2025-12-16 07:15:57.000000,2025-12-17 22:31:34
E104,{4},A1,api_call,2026-01-07 15:37:05.000000,2026-01-08 21:23:32
E105,{4},A1,feature_call,2025-12-10 06:19:32.000000,2025-12-11 11:22:48
E106,{4},A1,login,2025-12-03 01:32:43.000000,2025-12-03 20:22:54
E107,{4},A1,export,2026-01-12 11:54:33.000000,2026-01-13 19:38:14
E108,{4},A1,api_call,2025-12-30 22:03:22.000000,2025-12-31 02:50:07
E109,{4},A1,feature_call,2025-12-06 22:01:57.000000,2025-12-07 23:36:54
E110,{4},A1,login,2025-12-03 16:58:35.000000,2025-12-05 06:56:13
E111,{4},A1,api_call,2025-12-19 14:59:23.000000,2025-12-20 04:47:22
E112,{4},A1,api_call,2026-01-16 04:33:48.000000,2026-01-16 20:08:24
E113,{4},A1,export,2026-01-02 15:24:41.000000,2026-01-04 06:28:08
E114,{4},A1,api_call,2026-01-02 15:39:41.000000,2026-01-03 03:28:39
E115,{4},A1,login,2025-12-18 03:46:14.000000,2025-12-18 08:22:44
E116,{4},A1,feature_call,2025-12-03 08:35:31.000000,2025-12-03 10:11:58
E117,{4},A1,api_call,2026-01-02 22:05:38.000000,2026-01-03 15:49:22
E118,{4},A1,export,2026-01-01 19:48:05.000000,2026-01-02 19:41:36
E119,{4},A1,api_call,2026-01-06 19:08:40.000000,2026-01-07 22:57:52
E120,{4},A1,api_call,2026-01-20 03:25:29.000000,2026-01-21 03:34:38
E121,{4},A1,export,2025-12-30 05:17:16.000000,2025-12-31 02:27:51
E122,{4},A1,export,2026-01-19 15:56:46.000000,2026-01-20 12:44:07
E123,{4},A1,api_call,2025-12-28 10:59:42.000000,2025-12-29 22:46:20
E124,{4},A1,api_call,2025-12-04 07:23:16.000000,2025-12-05 23:57:47
E125,{4},A1,feature_call,2026-01-21 04:58:53.000000,2026-01-22 11:36:49
E126,{4},A1,export,2025-12-10 04:35:59.000000,2025-12-12 00:44:02
E127,{4},A1,feature_call,2025-11-29 21:16:52.000000,2025-11-30 14:48:41
E128,{4},A1,feature_call,2025-12-20 13:00:49.000000,2025-12-20 21:27:53
E129,{4},A1,api_call,2026-01-15 13:34:16.000000,2026-01-16 14:22:55
E130,{4},A1,api_call,2025-12-14 05:14:04.000000,2025-12-16 04:34:51
E131,{4},A1,api_call,2025-11-28 20:04:58.000000,2025-11-30 18:52:25
E132,{4},A1,api_call,2026-01-14 13:20:21.000000,2026-01-15 23:56:31
E133,{4},A1,api_call,2025-12-18 12:50:30.000000,2025-12-19 13:01:43
E134,{4},A1,login,2025-12-05 16:45:59.000000,2025-12-07 16:21:00
E135,{4},A1,login,2026-01-13 11:09:51.000000,2026-01-13 11:51:35
E136,{4},A1,login,2025-12-26 21:08:03.000000,2025-12-28 04:05:52
E137,{4},A1,login,2025-11-25 08:49:25.000000,2025-11-26 10:23:47
E138,{4},A1,feature_call,2025-11-28 14:29:11.000000,2025-11-28 16:38:07
E139,{4},A1,export,2026-01-08 11:32:27.000000,2026-01-08 12:05:54
E140,{4},A1,login,2025-12-17 07:21:55.000000,2025-12-17 22:28:17
E141,{4},A1,feature_call,2025-12-26 18:00:41.000000,2025-12-28 13:03:45
E142,{4},A1,feature_call,2025-12-15 03:18:22.000000,2025-12-17 02:18:23
E143,{4},A1,api_call,2026-01-01 06:55:13.000000,2026-01-01 19:50:23
E144,{4},A1,feature_call,2026-01-12 08:41:59.000000,2026-01-12 15:09:08
E145,{4},A1,feature_call,2026-01-21 20:59:54.000000,2026-01-22 10:44:51
E146,{4},A1,feature_call,2025-12-08 12:08:24.000000,2025-12-08 20:46:20
E147,{4},A1,login,2025-12-24 05:43:51.000000,2025-12-25 00:07:34
E148,{4},A1,feature_call,2025-11-29 02:59:19.000000,2025-11-29 20:59:35
E149,{4},A1,api_call,2025-12-29 10:57:29.000000,2025-12-31 05:17:57
E150,{4},A1,login,2025-12-02 09:34:59.000000,2025-12-02 23:30:53
E151,{4},A1,feature_call,2025-12-18 21:07:00.000000,2025-12-20 09:36:17
E152,{4},A1,feature_call,2026-01-05 11:11:56.000000,2026-01-06 01:10:53
E153,{4},A1,login,2026-01-21 13:20:37.000000,2026-01-23 11:21:56
E154,{4},A1,feature_call,2026-01-08 09:52:12.000000,2026-01-09 21:38:56
E155,{1},A1,feature_call,2026-02-22 00:00:00.980538,2026-02-23 21:18:16
E156,{1},A1,feature_call,2026-02-22 00:00:00.584032,2026-02-23 09:32:34
E157,{1},A1,api_call,2026-02-22 00:00:00.435519,2026-02-23 08:26:08
E158,{1},A1,api_call,2026-02-22 00:00:00.018953,2026-02-23 21:58:14
E159,{1},A1,export,2026-02-22 00:00:00.790767,2026-02-23 22:40:11
E160,{1},A1,login,2026-02-22 00:00:00.913393,2026-02-23 05:07:59
E161,{1},A1,feature_call,2026-02-22 00:00:00.644266,2026-02-23 01:56:40
E162,{1},A1,feature_call,2026-02-22 00:00:00.982673,2026-02-22 00:02:41
E163,{1},A1,api_call,2026-02-22 00:00:00.355760,2026-02-22 22:57:01
E164,{1},A1,export,2026-02-22 00:00:00.183816,2026-02-22 23:11:16
E165,{1},A1,api_call,2026-02-22 00:00:00.267819,2026-02-22 11:27:25
E166,{1},A1,login,2026-02-22 00:00:00.783752,2026-02-23 10:29:34
E167,{1},A1,login,2026-02-22 00:00:00.698371,2026-02-22 15:40:39
E168,{1},A1,login,2026-02-22 00:00:00.100921,2026-02-23 17:00:43
E169,{1},A1,export,2026-02-22 00:00:00.566144,2026-02-23 23:04:29
E170,{1},A1,feature_call,2026-02-22 00:00:00.411012,2026-02-23 19:22:17
E171,{1},A1,api_call,2026-02-22 00:00:00.404012,2026-02-22 06:01:14
E172,{1},A1,api_call,2026-02-22 00:00:00.157500,2026-02-23 02:15:58
E173,{1},A1,api_call,2026-02-22 00:00:00.263271,2026-02-22 12:55:46
E174,{1},A1,login,2026-02-22 00:00:00.139327,2026-02-23 04:23:55
E175,{1},A1,feature_call,2026-02-22 00:00:00.967051,2026-02-23 02:20:38
E176,{1},A1,feature_call,2026-02-22 00:00:00.469873,2026-02-22 14:30:08
E177,{1},A1,login,2026-02-22 00:00:00.754333,2026-02-22 23:26:59
E178,{1},A1,export,2026-02-22 00:00:00.908710,2026-02-23 09:59:59
E179,{1},A1,export,2026-02-22 00:00:00.987432,2026-02-23 02:51:17
E180,{1},A1,feature_call,2026-02-22 00:00:00.008280,2026-02-22 06:59:01
E181,{1},A1,login,2026-02-22 00:00:00.965889,2026-02-22 04:17:34
E182,{1},A1,login,2026-02-22 00:00:00.291518,2026-02-22 06:00:14
E183,{1},A1,feature_call,2026-02-22 00:00:00.603024,2026-02-23 09:46:36
E184,{1},A1,feature_call,2026-02-22 00:00:00.678306,2026-02-22 12:35:47
E185,{1},A1,feature_call,2026-02-22 00:00:00.322919,2026-02-23 09:20:48
E186,{1},A1,api_call,2026-02-22 00:00:00.323257,2026-02-22 18:40:15
E187,{1},A1,api_call,2026-02-22 00:00:00.190345,2026-02-23 07:40:28
E188,{1},A1,export,2026-02-22 00:00:00.415691,2026-02-22 19:30:07
E189,{1},A1,login,2026-02-22 00:00:00.012583,2026-02-23 02:51:51
E190,{1},A1,export,2026-02-22 00:00:00.839708,2026-02-22 20:45:34
E191,{1},A1,feature_call,2026-02-22 00:00:00.263376,2026-02-23 18:18:10
E192,{1},A1,api_call,2026-02-22 00:00:00.099720,2026-02-22 08:47:04
E193,{1},A1,login,2026-02-22 00:00:00.686284,2026-02-22 01:24:10
E194,{2},A1,feature_call,2026-02-22 00:00:00.819415,2026-02-23 03:06:12
E195,{2},A1,export,2026-02-22 00:00:00.146408,2026-02-23 22:59:57
E196,{2},A1,export,2026-02-22 00:00:00.804283,2026-02-23 22:08:09
E197,{2},A1,export,2026-02-22 00:00:00.975567,2026-02-23 23:45:21
E198,{2},A1,export,2026-02-22 00:00:00.927901,2026-02-23 12:10:59
E199,{2},A1,login,2026-02-22 00:00:00.355869,2026-02-22 05:05:12
E200,{2},A1,export,2026-02-22 00:00:00.299716,2026-02-22 04:32:33
E201,{2},A1,login,2026-02-22 00:00:00.092948,2026-02-23 13:50:40
E202,{2},A1,export,2026-02-22 00:00:00.689710,2026-02-22 10:54:56
E203,{2},A1,api_call,2026-02-22 00:00:00.536348,2026-02-22 18:28:42
E204,{2},A1,feature_call,2026-02-22 00:00:00.136247,2026-02-22 10:15:55
E205,{3},A1,export,2026-02-22 00:00:00.432977,2026-02-22 03:45:23
E206,{3},A1,login,2026-02-22 00:00:00.495286,2026-02-23 21:12:54
E207,{3},A1,feature_call,2026-02-22 00:00:00.646688,2026-02-23 20:49:55
E208,{3},A1,feature_call,2026-02-22 00:00:00.669368,2026-02-23 04:12:03
E209,{3},A1,feature_call,2026-02-22 00:00:00.710231,2026-02-22 02:04:19
E210,{3},A1,api_call,2026-02-22 00:00:00.020912,2026-02-22 21:35:11
E211,{3},A1,login,2026-02-22 00:00:00.856648,2026-02-23 06:51:06
E212,{3},A1,feature_call,2026-02-22 00:00:00.007246,2026-02-23 06:56:39
E213,{4},A1,api_call,2026-02-22 00:00:00.234621,2026-02-23 07:08:41
E214,{4},A1,feature_call,2026-02-22 00:00:00.457759,2026-02-23 12:35:22
E215,{4},A1,export,2026-02-22 00:00:00.481651,2026-02-22 03:16:25
E216,{4},A1,export,2026-02-22 00:00:00.060804,2026-02-23 02:16:59
E217,{4},A1,feature_call,2026-02-22 00:00:00.214946,2026-02-22 03:17:28
E218,{4},A1,export,2026-02-22 00:00:00.911301,2026-02-23 22:32:32
E219,{4},A1,export,2026-02-22 00:00:00.751920,2026-02-22 05:36:32
E220,{4},A1,feature_call,2026-02-22 00:00:00.084742,2026-02-23 00:53:40
E221,{4},A1,api_call,2026-02-22 00:00:00.524982,2026-02-23 01:30:09
E222,{4},A1,export,2026-02-22 00:00:00.884836,2026-02-22 11:03:13
E223,{4},A1,api_call,2026-02-22 00:00:00.607705,2026-02-22 09:04:52
E224,{4},A1,export,2026-02-22 00:00:00.178241,2026-02-22 06:11:43
E225,{4},A1,login,2026-02-22 00:00:00.087853,2026-02-22 16:30:44
E226,{4},A1,export,2026-02-22 00:00:00.226926,2026-02-23 22:23:52
E227,{4},A1,login,2026-02-22 00:00:00.484962,2026-02-23 15:34:32
E228,{4},A1,api_call,2026-02-22 00:00:00.381955,2026-02-22 09:03:08
E229,{4},A1,feature_call,2026-02-22 00:00:00.435826,2026-02-22 15:11:46
E230,{4},A1,feature_call,2026-02-22 00:00:00.254199,2026-02-23 13:12:01
E231,{4},A1,feature_call,2026-02-22 00:00:00.552254,2026-02-23 16:11:56
E232,{4},A1,export,2026-02-22 00:00:00.567957,2026-02-22 12:18:03
E233,{4},A1,api_call,2026-02-22 00:00:00.344145,2026-02-22 22:50:03
E234,{4},A1,api_call,2026-02-22 00:00:00.826540,2026-02-23 01:25:51
E235,{4},A1,export,2026-02-22 00:00:00.481026,2026-02-22 05:13:31
E236,{4},A1,export,2026-02-22 00:00:00.286817,2026-02-22 04:32:26
E237,{4},A1,export,2026-02-22 00:00:00.194213,2026-02-22 02:03:51
E238,{4},A1,export,2026-02-22 00:00:00.320998,2026-02-22 17:03:29
E239,{4},A1,login,2026-02-22 00:00:00.465820,2026-02-22 05:09:14
E240,{4},A1,login,2026-02-22 00:00:00.881037,2026-02-23 02:34:54
E241,{4},A1,api_call,2026-02-22 00:00:00.814137,2026-02-23 11:40:36
E242,{6},A3,feature_call,2025-08-18 20:21:04.000000,2025-08-18 22:50:37
E243,{6},A3,login,2025-12-16 02:54:06.000000,2025-12-16 10:57:55
E244,{6},A3,api_call,2025-10-31 17:54:26.000000,2025-11-01 17:18:34
E245,{6},A3,feature_call,2025-12-28 14:26:28.000000,2025-12-30 13:33:13
E246,{6},A3,login,2025-08-24 19:32:31.000000,2025-08-26 07:33:07
E247,{6},A3,api_call,2025-06-15 17:44:49.000000,2025-06-16 01:14:33
E248,{6},A3,feature_call,2025-09-28 08:13:08.000000,2025-09-29 14:27:25
E249,{6},A3,login,2025-04-29 09:18:48.000000,2025-04-29 14:15:50
E250,{6},A3,api_call,2025-12-28 11:39:39.000000,2025-12-28 21:02:02
E251,{6},A3,export,2025-10-24 05:44:51.000000,2025-10-25 22:55:06
E252,{6},A3,login,2025-09-13 23:41:54.000000,2025-09-14 02:35:52
E253,{6},A3,login,2026-01-05 04:28:18.000000,2026-01-07 02:47:07
E254,{6},A3,feature_call,2025-06-30 21:19:43.000000,2025-07-02 13:45:29
E255,{6},A3,login,2025-11-25 17:27:36.000000,2025-11-26 15:36:48
E256,{6},A3,feature_call,2025-07-16 09:10:06.000000,2025-07-17 07:03:40
E257,{6},A3,api_call,2025-04-30 15:09:49.000000,2025-04-30 22:35:34
E258,{6},A3,feature_call,2025-08-04 19:14:18.000000,2025-08-05 18:11:25
E259,{6},A3,export,2026-01-05 18:39:50.000000,2026-01-06 19:10:11
E260,{6},A3,feature_call,2025-05-22 21:56:31.000000,2025-05-23 16:41:33
E261,{6},A3,export,2025-09-12 04:01:20.000000,2025-09-13 10:46:59
E262,{6},A3,login,2025-08-27 01:38:06.000000,2025-08-28 01:25:22
E263,{6},A3,export,2025-09-11 11:56:40.000000,2025-09-12 21:45:08
E264,{6},A3,login,2025-07-31 19:44:08.000000,2025-08-01 18:29:15
E265,{6},A3,feature_call,2026-01-20 01:14:50.000000,2026-01-20 03:49:05
E266,{6},A3,api_call,2025-10-27 04:40:45.000000,2025-10-28 05:10:27
E267,{6},A3,feature_call,2025-07-27 02:50:37.000000,2025-07-28 12:23:10
E268,{6},A3,login,2025-12-12 12:12:59.000000,2025-12-14 07:34:30
E269,{6},A3,export,2025-12-13 09:33:51.000000,2025-12-13 15:04:55
E270,{6},A3,api_call,2025-05-19 12:21:24.000000,2025-05-21 03:32:37
E271,{6},A3,api_call,2025-07-08 09:10:17.000000,2025-07-09 14:25:27
E272,{6},A3,api_call,2025-06-20 21:53:21.000000,2025-06-21 14:02:40
E273,{6},A3,export,2025-05-17 16:00:01.000000,2025-05-18 22:40:27
E274,{6},A3,feature_call,2025-08-21 19:28:52.000000,2025-08-22 20:59:54
E275,{6},A3,feature_call,2025-08-04 13:33:17.000000,2025-08-06 06:46:57
E276,{6},A3,export,2025-07-06 02:21:42.000000,2025-07-08 01:04:45
E277,{6},A3,login,2025-07-06 17:28:33.000000,2025-07-06 23:21:18
E278,{6},A3,export,2025-11-03 21:02:48.000000,2025-11-05 08:32:44
E279,{7},A3,export,2025-05-08 18:10:23.000000,2025-05-10 16:40:26
E280,{7},A3,login,2025-11-18 11:35:00.000000,2025-11-20 02:04:22
E281,{7},A3,feature_call,2025-04-03 21:02:34.000000,2025-04-05 12:42:45
E282,{7},A3,export,2025-06-17 00:53:20.000000,2025-06-17 10:02:30
E283,{7},A3,api_call,2025-06-11 13:27:12.000000,2025-06-11 20:35:00
E284,{7},A3,api_call,2025-06-14 23:12:58.000000,2025-06-16 08:06:29
E285,{7},A3,login,2025-11-19 06:08:02.000000,2025-11-21 03:23:38
E286,{7},A3,feature_call,2025-11-24 21:27:41.000000,2025-11-25 08:32:43
E287,{7},A3,feature_call,2025-07-15 17:07:32.000000,2025-07-16 13:14:55
E288,{7},A3,feature_call,2025-06-23 00:15:28.000000,2025-06-23 20:13:45
E289,{7},A3,feature_call,2025-04-05 21:43:15.000000,2025-04-07 16:57:59
E290,{7},A3,login,2025-08-16 00:47:08.000000,2025-08-17 22:06:00
E291,{7},A3,login,2025-06-10 15:11:31.000000,2025-06-12 13:47:50
E292,{7},A3,login,2025-08-08 18:10:12.000000,2025-08-09 13:05:40
E293,{7},A3,login,2025-12-16 14:18:53.000000,2025-12-17 23:16:33
E294,{7},A3,feature_call,2025-04-03 03:48:23.000000,2025-04-05 03:11:17
E295,{7},A3,api_call,2025-10-18 15:16:48.000000,2025-10-19 03:24:51
E296,{8},A3,api_call,2025-12-08 22:35:46.000000,2025-12-10 12:23:11
E297,{8},A3,api_call,2025-08-17 07:58:17.000000,2025-08-18 22:20:13
E298,{8},A3,export,2025-08-23 01:27:46.000000,2025-08-25 00:42:48
E299,{8},A3,login,2025-11-17 01:49:37.000000,2025-11-17 09:23:37
E300,{8},A3,login,2025-11-05 02:18:25.000000,2025-11-06 13:02:52
E301,{8},A3,export,2025-11-15 18:49:50.000000,2025-11-16 10:51:28
E302,{8},A3,feature_call,2025-12-18 16:53:46.000000,2025-12-19 14:07:36
E303,{8},A3,export,2025-05-02 03:33:07.000000,2025-05-03 06:21:59
E304,{8},A3,login,2025-11-01 05:31:30.000000,2025-11-02 11:37:21
E305,{8},A3,api_call,2025-05-14 08:31:33.000000,2025-05-16 05:53:55
E306,{8},A3,login,2025-07-04 04:10:05.000000,2025-07-05 02:55:53
E307,{8},A3,export,2025-05-19 00:32:11.000000,2025-05-19 15:02:45
E308,{8},A3,api_call,2025-08-27 16:41:01.000000,2025-08-29 05:34:39
E309,{8},A3,export,2025-07-16 16:35:11.000000,2025-07-16 18:49:32
E310,{8},A3,feature_call,2025-10-18 00:45:33.000000,2025-10-18 05:34:47
E311,{8},A3,login,2025-04-16 15:46:23.000000,2025-04-17 03:36:53
E312,{8},A3,export,2025-09-08 19:58:23.000000,2025-09-09 11:32:09
E313,{8},A3,login,2025-05-18 04:14:45.000000,2025-05-18 07:30:57
E314,{8},A3,login,2025-12-05 14:22:38.000000,2025-12-06 20:29:30
E315,{8},A3,login,2025-11-19 11:58:43.000000,2025-11-21 01:09:13
E316,{8},A3,feature_call,2025-07-09 13:26:06.000000,2025-07-10 10:27:27
E317,{8},A3,export,2025-04-30 20:16:56.000000,2025-05-02 02:22:02
E318,{8},A3,api_call,2025-10-20 12:57:29.000000,2025-10-21 20:21:16
E319,{8},A3,export,2025-08-23 22:26:55.000000,2025-08-25 00:31:03
E320,{8},A3,api_call,2025-04-20 10:57:09.000000,2025-04-21 14:44:38
E321,{8},A3,login,2026-01-19 22:34:43.000000,2026-01-20 03:02:55
E322,{8},A3,api_call,2025-07-20 14:26:57.000000,2025-07-21 09:02:20
E323,{7},A3,login,2025-07-04 10:00:18.000000,2025-07-05 13:09:34
E324,{7},A3,feature_call,2025-07-30 04:39:30.000000,2025-07-31 09:48:14
E325,{7},A3,api_call,2025-10-02 00:33:19.000000,2025-10-03 22:41:01
E326,{7},A3,api_call,2025-08-12 22:01:41.000000,2025-08-13 11:36:01
E327,{7},A3,login,2026-01-23 19:27:25.000000,2026-01-25 08:00:27
E328,{7},A3,api_call,2025-10-28 02:23:28.000000,2025-10-29 17:43:14
E329,{7},A3,export,2026-01-09 02:59:19.000000,2026-01-10 11:44:09
E330,{7},A3,export,2025-10-10 07:32:21.000000,2025-10-10 14:55:07
E331,{7},A3,login,2025-12-31 14:11:15.000000,2026-01-01 20:01:02
E332,{7},A3,export,2025-07-14 06:34:40.000000,2025-07-14 17:28:01
E333,{7},A3,login,2025-07-17 17:07:33.000000,2025-07-19 13:43:12
E334,{7},A3,api_call,2025-08-09 19:24:06.000000,2025-08-09 22:41:02
E335,{7},A3,feature_call,2025-11-14 06:28:46.000000,2025-11-16 04:43:17
E336,{7},A3,login,2025-12-14 01:53:58.000000,2025-12-15 16:50:26
E337,{7},A3,login,2025-08-29 06:46:31.000000,2025-08-30 18:52:30
E338,{7},A3,api_call,2025-12-27 02:08:53.000000,2025-12-27 21:40:31
E339,{7},A3,feature_call,2025-11-04 03:24:18.000000,2025-11-04 21:01:07
E340,{7},A3,login,2025-10-27 11:31:34.000000,2025-10-28 11:45:01
E341,{7},A3,login,2025-11-16 21:09:42.000000,2025-11-17 05:44:32
E342,{7},A3,api_call,2025-07-11 16:15:37.000000,2025-07-12 04:19:32
E343,{7},A3,api_call,2025-11-26 08:43:45.000000,2025-11-28 05:13:49
E344,{7},A3,export,2025-08-17 23:29:05.000000,2025-08-18 01:15:14
E345,{7},A3,api_call,2025-12-20 13:38:34.000000,2025-12-21 01:25:36
E346,{7},A3,login,2026-01-13 04:43:24.000000,2026-01-13 23:04:35
E347,{7},A3,login,2025-10-10 17:23:25.000000,2025-10-10 19:22:02
E348,{7},A3,api_call,2025-10-14 12:40:26.000000,2025-10-15 19:00:01
E349,{7},A3,login,2025-12-26 18:50:47.000000,2025-12-27 11:25:38
E350,{7},A3,login,2025-09-07 00:38:16.000000,2025-09-08 19:47:54
E351,{7},A3,export,2025-12-16 05:12:29.000000,2025-12-17 17:45:08
E352,{7},A3,feature_call,2025-11-08 20:58:20.000000,2025-11-10 11:19:56
E353,{7},A3,feature_call,2025-07-16 05:17:58.000000,2025-07-17 19:59:25
E354,{7},A3,api_call,2025-11-14 12:32:49.000000,2025-11-14 16:25:00
E355,{7},A3,api_call,2025-07-04 04:23:33.000000,2025-07-04 14:47:40
E356,{7},A3,export,2025-10-02 07:47:20.000000,2025-10-03 09:34:00
E357,{7},A3,export,2025-07-31 11:51:46.000000,2025-08-02 06:01:57
E358,{7},A3,api_call,2025-08-15 00:46:05.000000,2025-08-16 03:31:55
E359,{7},A3,login,2025-09-23 22:05:29.000000,2025-09-24 16:19:34
E360,{7},A3,export,2025-10-01 04:00:01.000000,2025-10-01 09:48:55
E361,{7},A3,export,2025-07-13 15:20:50.000000,2025-07-15 03:08:47
E362,{7},A3,login,2025-12-26 21:46:49.000000,2025-12-26 23:06:26
E363,{7},A3,export,2025-11-15 11:45:29.000000,2025-11-15 16:29:06
E364,{7},A3,export,2025-10-29 00:00:21.000000,2025-10-30 19:20:16
E365,{7},A3,feature_call,2025-07-12 15:49:05.000000,2025-07-14 14:31:50
E366,{7},A3,api_call,2025-09-29 02:42:08.000000,2025-09-29 05:14:39
E367,{7},A3,feature_call,2025-09-27 18:08:24.000000,2025-09-29 15:21:08
E368,{7},A3,export,2025-09-06 17:39:03.000000,2025-09-06 19:36:42
E369,{7},A3,feature_call,2025-07-31 12:19:53.000000,2025-08-01 15:31:04
E370,{7},A3,export,2025-07-09 18:25:28.000000,2025-07-10 23:31:56
E371,{9},A4,export,2025-08-29 19:24:04.000000,2025-08-29 22:57:50
E372,{9},A4,api_call,2025-09-06 06:48:52.000000,2025-09-07 01:12:59
E373,{9},A4,feature_call,2025-07-03 20:17:30.000000,2025-07-04 17:37:59
E374,{9},A4,login,2025-07-19 02:28:12.000000,2025-07-19 19:05:52
E375,{9},A4,api_call,2025-07-12 03:55:16.000000,2025-07-13 00:00:16
E376,{9},A4,login,2025-10-01 22:23:05.000000,2025-10-01 22:33:51
E377,{9},A4,login,2025-08-23 09:04:32.000000,2025-08-24 19:52:38
E378,{9},A4,login,2025-07-28 09:42:08.000000,2025-07-29 14:56:11
E379,{9},A4,api_call,2025-05-22 02:53:45.000000,2025-05-23 13:57:20
E380,{9},A4,login,2025-07-10 22:51:41.000000,2025-07-12 01:09:29
E381,{9},A4,export,2025-08-03 22:24:58.000000,2025-08-05 06:54:20
E382,{9},A4,api_call,2025-08-02 04:04:21.000000,2025-08-03 13:45:17
E383,{9},A4,login,2025-05-30 15:10:54.000000,2025-06-01 11:32:58
E384,{9},A4,export,2025-06-01 22:17:09.000000,2025-06-03 14:53:48
E385,{9},A4,feature_call,2025-07-06 08:24:12.000000,2025-07-07 14:16:26
E386,{9},A4,api_call,2025-09-19 17:14:31.000000,2025-09-20 23:53:45
E387,{9},A4,export,2025-11-06 12:34:22.000000,2025-11-08 08:22:30
E388,{9},A4,export,2025-06-19 13:55:56.000000,2025-06-20 19:33:46
E389,{9},A4,login,2025-10-06 08:05:29.000000,2025-10-06 10:53:15
E390,{9},A4,login,2025-10-25 04:01:23.000000,2025-10-25 23:03:04
E391,{11},A4,api_call,2025-06-08 04:35:17.000000,2025-06-10 02:07:11
E392,{11},A4,login,2025-08-12 12:26:14.000000,2025-08-13 13:58:01
E393,{11},A4,login,2025-07-12 06:24:32.000000,2025-07-13 19:42:29
E394,{11},A4,login,2025-07-04 04:09:28.000000,2025-07-04 07:08:49
E395,{11},A4,feature_call,2025-05-30 05:14:32.000000,2025-05-30 15:44:17
E396,{11},A4,api_call,2025-07-22 19:36:23.000000,2025-07-23 15:58:36
E397,{11},A4,login,2025-09-03 10:50:14.000000,2025-09-03 19:09:02
E398,{11},A4,login,2025-11-02 06:28:16.000000,2025-11-03 04:02:19
E399,{11},A4,export,2025-07-09 02:56:09.000000,2025-07-10 06:06:36
E400,{11},A4,feature_call,2025-08-07 20:29:28.000000,2025-08-09 19:37:37
E401,{11},A4,export,2025-10-21 02:22:09.000000,2025-10-22 12:37:07
E402,{11},A4,export,2025-08-15 03:18:54.000000,2025-08-16 22:15:02
E403,{11},A4,login,2025-10-26 03:53:50.000000,2025-10-26 22:07:08
E404,{11},A4,login,2025-06-08 14:17:14.000000,2025-06-10 11:40:23
E405,{11},A4,export,2025-08-23 03:01:18.000000,2025-08-23 09:17:13
E406,{11},A4,export,2025-10-02 01:08:05.000000,2025-10-03 00:58:21
E407,{11},A4,api_call,2025-06-27 13:47:30.000000,2025-06-28 00:50:41
E408,{11},A4,login,2025-08-02 20:34:16.000000,2025-08-03 12:34:30
E409,{11},A4,api_call,2025-08-04 01:40:29.000000,2025-08-05 01:49:34
E410,{11},A4,export,2025-05-12 13:49:54.000000,2025-05-14 01:38:34
E411,{11},A4,api_call,2025-07-04 14:33:15.000000,2025-07-05 02:31:50
E412,{11},A4,api_call,2025-09-24 10:26:53.000000,2025-09-26 01:56:12
E413,{11},A4,api_call,2025-09-21 05:27:34.000000,2025-09-22 09:48:43
E414,{11},A4,feature_call,2025-10-30 20:13:41.000000,2025-10-31 18:02:43
E415,{12},A5,export,2025-03-31 10:46:02.000000,2025-04-01 13:03:38
E416,{12},A5,feature_call,2025-12-05 14:06:00.000000,2025-12-06 10:19:17
E417,{13},A5,login,2025-09-26 13:02:22.000000,2025-09-27 20:11:16
E418,{13},A5,export,2025-03-10 13:23:08.000000,2025-03-11 03:08:09
E419,{13},A5,export,2025-07-16 11:18:47.000000,2025-07-18 04:53:06
E420,{13},A5,feature_call,2025-03-07 22:35:34.000000,2025-03-08 04:10:27
E421,{13},A5,api_call,2025-09-09 21:54:03.000000,2025-09-10 05:33:55
E422,{13},A5,login,2025-09-24 06:34:56.000000,2025-09-25 00:58:10
E423,{13},A5,login,2025-06-06 09:29:39.000000,2025-06-07 07:29:25
E424,{13},A5,api_call,2025-12-06 07:55:29.000000,2025-12-07 03:22:54
E425,{13},A5,api_call,2025-03-23 01:12:43.000000,2025-03-24 19:58:23
E426,{14},A5,feature_call,2025-03-04 18:08:52.000000,2025-03-06 14:41:32
E427,{14},A5,export,2025-12-06 16:16:07.000000,2025-12-07 15:45:43
E428,{14},A5,export,2025-04-19 19:08:16.000000,2025-04-21 05:41:27
E429,{12},A5,api_call,2025-12-25 13:03:49.000000,2025-12-26 09:13:38
E430,{12},A5,login,2025-08-16 06:16:53.000000,2025-08-17 20:50:48
E431,{12},A5,feature_call,2025-09-04 06:52:09.000000,2025-09-05 14:19:24
E432,{12},A5,feature_call,2026-01-12 06:29:12.000000,2026-01-13 20:24:45
E433,{12},A5,feature_call,2025-11-28 03:55:24.000000,2025-11-29 12:06:31
E434,{12},A5,export,2025-12-11 05:28:51.000000,2025-12-13 02:49:17
E435,{12},A5,feature_call,2025-12-10 18:27:40.000000,2025-12-12 03:55:42
E436,{12},A5,login,2025-12-20 09:08:47.000000,2025-12-21 10:23:55
E437,{12},A5,login,2025-10-07 11:11:33.000000,2025-10-08 04:35:31
E438,{12},A5,export,2026-01-25 10:08:47.000000,2026-01-27 05:46:24
E439,{12},A5,feature_call,2025-11-26 15:06:24.000000,2025-11-27 04:57:02
E440,{12},A5,api_call,2025-11-07 04:53:52.000000,2025-11-07 18:29:21
E441,{12},A5,login,2025-12-12 08:34:47.000000,2025-12-12 19:17:55
E442,{12},A5,login,2026-01-14 10:11:33.000000,2026-01-15 21:09:15
E443,{12},A5,feature_call,2025-12-24 22:15:15.000000,2025-12-25 06:16:54
E444,{12},A5,feature_call,2025-12-23 16:37:54.000000,2025-12-25 10:11:51
E445,{12},A5,api_call,2025-10-05 18:38:05.000000,2025-10-06 21:23:20
E446,{12},A5,export,2025-10-30 07:29:36.000000,2025-10-30 18:57:40
E447,{12},A5,api_call,2025-12-01 19:07:51.000000,2025-12-03 01:24:26
E448,{12},A5,export,2025-08-21 16:15:50.000000,2025-08-22 01:01:35
E449,{12},A5,feature_call,2025-10-03 23:20:23.000000,2025-10-04 18:17:25
E450,{12},A5,feature_call,2025-11-13 02:39:58.000000,2025-11-14 18:31:09
E451,{12},A5,export,2025-11-03 10:02:13.000000,2025-11-04 19:49:47
E452,{12},A5,feature_call,2025-12-27 04:00:10.000000,2025-12-27 19:56:56
E453,{12},A5,login,2025-09-02 10:04:32.000000,2025-09-02 10:30:12
E454,{12},A5,feature_call,2026-01-27 10:02:38.000000,2026-01-27 23:09:12
E455,{12},A5,api_call,2025-08-09 15:01:17.000000,2025-08-10 21:29:44
E456,{12},A5,export,2025-11-28 23:00:19.000000,2025-11-29 00:48:30
E457,{12},A5,export,2025-08-28 08:18:08.000000,2025-08-30 07:23:23
E458,{12},A5,api_call,2026-01-04 15:28:24.000000,2026-01-06 04:21:25
E459,{12},A5,feature_call,2025-08-15 15:02:24.000000,2025-08-16 10:17:15
E460,{12},A5,export,2026-01-21 17:56:07.000000,2026-01-23 01:26:12
E461,{12},A5,api_call,2026-01-09 19:38:18.000000,2026-01-10 20:03:20
E462,{12},A5,login,2026-01-09 13:07:34.000000,2026-01-10 02:21:56
E463,{12},A5,api_call,2025-09-01 10:42:46.000000,2025-09-02 06:47:23
E464,{12},A5,api_call,2025-12-30 01:09:57.000000,2025-12-30 07:54:01
E465,{12},A5,export,2025-11-07 12:16:24.000000,2025-11-08 01:48:00
E466,{12},A5,api_call,2025-12-23 04:17:26.000000,2025-12-24 20:23:20
E467,{12},A5,api_call,2025-11-27 06:57:05.000000,2025-11-28 20:59:37
E468,{12},A5,feature_call,2026-01-07 22:51:51.000000,2026-01-08 22:27:41
E469,{12},A5,login,2025-10-10 06:26:03.000000,2025-10-11 21:23:30
E470,{12},A5,login,2025-11-21 10:49:20.000000,2025-11-23 05:04:39
E471,{12},A5,login,2025-10-17 22:21:42.000000,2025-10-18 04:43:03
E472,{12},A5,api_call,2025-09-14 02:27:19.000000,2025-09-15 09:53:47
E473,{12},A5,api_call,2025-11-22 06:15:48.000000,2025-11-23 01:36:14
E474,{12},A5,login,2026-01-03 02:43:11.000000,2026-01-05 00:48:44
E475,{12},A5,export,2025-08-25 09:28:34.000000,2025-08-25 14:32:57
E476,{12},A5,export,2025-08-28 20:04:07.000000,2025-08-29 15:48:11
E477,{12},A5,export,2025-12-26 19:35:22.000000,2025-12-28 10:34:58
E478,{12},A5,api_call,2025-09-09 13:03:04.000000,2025-09-11 03:01:45
E479,{12},A5,api_call,2025-11-09 05:05:04.000000,2025-11-10 00:01:31
E480,{12},A5,export,2025-12-21 16:57:45.000000,2025-12-23 16:43:46
E481,{12},A5,api_call,2025-08-08 06:10:26.000000,2025-08-08 14:41:56
E482,{12},A5,api_call,2026-01-02 09:23:17.000000,2026-01-04 08:00:30
E483,{12},A5,export,2025-10-21 10:35:58.000000,2025-10-21 14:38:51
E484,{12},A5,feature_call,2025-12-25 02:07:46.000000,2025-12-26 01:54:04
E485,{12},A5,export,2025-12-20 04:04:17.000000,2025-12-22 01:39:17
E486,{12},A5,feature_call,2025-08-24 22:46:09.000000,2025-08-25 08:45:28
E487,{12},A5,api_call,2025-09-06 15:43:00.000000,2025-09-08 05:46:11
E488,{12},A5,feature_call,2025-08-09 03:59:06.000000,2025-08-09 14:37:24
E489,{12},A5,export,2025-11-14 20:05:17.000000,2025-11-16 14:31:57
E490,{12},A5,api_call,2025-12-09 05:34:21.000000,2025-12-10 14:25:41
E491,{13},A5,api_call,2025-09-25 11:23:11.000000,2025-09-25 22:43:01
E492,{13},A5,feature_call,2025-10-26 14:38:00.000000,2025-10-26 21:42:01
E493,{13},A5,export,2026-01-01 16:52:06.000000,2026-01-02 06:08:28
E494,{13},A5,login,2025-10-18 09:47:26.000000,2025-10-19 09:06:35
E495,{13},A5,api_call,2025-09-02 16:31:35.000000,2025-09-04 05:21:58
E496,{13},A5,login,2025-12-15 23:30:35.000000,2025-12-16 08:19:51
E497,{13},A5,export,2025-08-12 14:07:38.000000,2025-08-12 19:03:31
E498,{13},A5,feature_call,2025-08-28 13:22:40.000000,2025-08-29 07:33:11
E499,{13},A5,feature_call,2026-01-22 21:40:13.000000,2026-01-24 13:25:30
E500,{13},A5,api_call,2025-10-18 10:35:04.000000,2025-10-19 03:08:45
E501,{13},A5,api_call,2025-11-02 02:20:35.000000,2025-11-03 18:41:17
E502,{13},A5,login,2025-10-09 09:22:02.000000,2025-10-09 11:37:03
E503,{13},A5,feature_call,2025-09-12 01:48:28.000000,2025-09-13 21:07:53
E504,{13},A5,feature_call,2025-12-31 04:43:15.000000,2026-01-01 16:52:37
E505,{13},A5,login,2025-12-16 03:43:40.000000,2025-12-17 19:55:54
E506,{13},A5,feature_call,2025-08-11 14:46:26.000000,2025-08-12 01:49:26
E507,{13},A5,feature_call,2025-08-20 08:29:59.000000,2025-08-20 20:25:11
E508,{13},A5,export,2025-08-26 12:45:50.000000,2025-08-28 07:36:33
E509,{13},A5,api_call,2025-09-07 04:20:04.000000,2025-09-08 16:38:09
E510,{13},A5,export,2025-08-11 23:25:32.000000,2025-08-13 13:18:06
E511,{13},A5,export,2025-08-16 01:09:12.000000,2025-08-17 03:27:19
E512,{13},A5,api_call,2026-01-16 03:30:17.000000,2026-01-17 11:31:37
E513,{13},A5,login,2025-10-16 05:44:43.000000,2025-10-16 06:00:38
E514,{13},A5,feature_call,2025-08-17 21:17:30.000000,2025-08-19 03:59:41
E515,{13},A5,export,2025-08-27 01:33:55.000000,2025-08-27 06:31:13
E516,{13},A5,feature_call,2026-01-15 05:40:11.000000,2026-01-16 12:24:16
E517,{13},A5,feature_call,2025-11-22 17:46:57.000000,2025-11-24 03:27:34
E518,{13},A5,login,2026-01-11 03:50:17.000000,2026-01-12 16:45:14
E519,{13},A5,feature_call,2025-10-12 03:09:34.000000,2025-10-13 12:03:02
E520,{13},A5,login,2025-10-26 20:02:22.000000,2025-10-27 06:11:49
E521,{13},A5,feature_call,2026-01-24 15:02:31.000000,2026-01-24 23:56:00
E522,{13},A5,export,2025-10-01 19:16:30.000000,2025-10-03 00:29:02
E523,{13},A5,feature_call,2025-12-16 06:03:38.000000,2025-12-16 23:39:54
E524,{13},A5,feature_call,2025-09-21 20:33:52.000000,2025-09-22 23:31:38
E525,{13},A5,feature_call,2025-11-11 18:58:51.000000,2025-11-13 13:29:49
E526,{13},A5,feature_call,2025-10-28 15:57:46.000000,2025-10-29 12:10:53
E527,{13},A5,login,2025-08-28 21:46:28.000000,2025-08-29 20:14:38
E528,{13},A5,api_call,2025-11-16 14:45:01.000000,2025-11-17 14:05:29
E529,{13},A5,api_call,2025-12-21 23:10:32.000000,2025-12-22 08:01:51
E530,{13},A5,login,2025-08-26 04:17:02.000000,2025-08-27 00:01:53
E531,{13},A5,export,2025-09-10 00:05:52.000000,2025-09-11 06:27:31
E532,{13},A5,api_call,2025-09-17 09:45:23.000000,2025-09-19 07:30:55
E533,{13},A5,login,2025-08-28 06:08:24.000000,2025-08-30 04:47:52
E534,{13},A5,login,2025-10-11 00:52:06.000000,2025-10-12 16:57:59
E535,{13},A5,login,2025-12-23 04:53:31.000000,2025-12-23 06:53:52
E536,{13},A5,export,2025-08-27 02:40:05.000000,2025-08-28 15:23:22
E537,{14},A5,api_call,2025-08-24 20:12:29.000000,2025-08-25 00:56:41
E538,{14},A5,feature_call,2026-01-17 01:15:14.000000,2026-01-17 07:16:07
E539,{14},A5,login,2025-11-02 06:36:27.000000,2025-11-02 16:22:49
E540,{14},A5,api_call,2026-01-01 21:03:12.000000,2026-01-02 05:31:35
E541,{14},A5,login,2025-12-19 23:54:57.000000,2025-12-21 09:29:33
E542,{14},A5,export,2025-10-05 03:57:39.000000,2025-10-06 15:19:38
E543,{14},A5,feature_call,2025-11-10 00:59:47.000000,2025-11-10 23:09:56
E544,{14},A5,export,2025-11-20 01:50:38.000000,2025-11-21 23:47:06
E545,{14},A5,feature_call,2025-08-17 19:51:55.000000,2025-08-19 03:17:54
E546,{14},A5,api_call,2025-10-31 06:37:57.000000,2025-10-31 16:54:11
E547,{14},A5,export,2025-10-20 20:08:52.000000,2025-10-21 23:27:17
E548,{14},A5,api_call,2025-12-14 02:12:31.000000,2025-12-15 08:04:37
E549,{14},A5,feature_call,2025-08-31 05:51:52.000000,2025-09-01 06:10:12
E550,{14},A5,login,2025-09-01 10:53:03.000000,2025-09-01 16:07:29
E551,{14},A5,export,2025-11-11 22:16:04.000000,2025-11-13 04:33:57
E552,{14},A5,login,2025-10-23 21:01:08.000000,2025-10-24 06:10:38
E553,{14},A5,export,2025-09-06 07:34:49.000000,2025-09-07 07:19:45
E554,{14},A5,export,2025-12-21 06:17:46.000000,2025-12-23 06:06:24
E555,{14},A5,feature_call,2025-10-08 10:05:36.000000,2025-10-09 00:39:09
E556,{14},A5,feature_call,2026-01-07 12:00:53.000000,2026-01-07 13:21:36
E557,{14},A5,login,2025-12-01 14:54:43.000000,2025-12-03 08:56:11
E558,{14},A5,export,2025-12-04 02:39:31.000000,2025-12-05 17:28:31
E559,{14},A5,login,2025-11-21 19:54:57.000000,2025-11-23 16:58:46
E560,{14},A5,login,2025-09-02 16:47:49.000000,2025-09-04 06:08:29
E561,{14},A5,feature_call,2025-11-04 05:23:25.000000,2025-11-04 07:57:52
E562,{14},A5,login,2025-09-07 12:08:01.000000,2025-09-08 00:44:46
E563,{14},A5,feature_call,2025-11-10 01:35:04.000000,2025-11-11 15:14:25
E564,{14},A5,api_call,2025-11-11 21:40:19.000000,2025-11-12 21:18:06
E565,{14},A5,login,2025-10-24 19:29:34.000000,2025-10-24 21:43:39
E566,{14},A5,feature_call,2025-11-13 23:31:45.000000,2025-11-15 06:28:45
E567,{14},A5,export,2026-01-23 21:54:44.000000,2026-01-24 19:18:39
E568,{14},A5,api_call,2025-08-28 17:47:54.000000,2025-08-29 14:41:08
E569,{14},A5,feature_call,2025-09-09 09:24:16.000000,2025-09-10 22:15:39
E570,{14},A5,login,2025-08-22 22:42:03.000000,2025-08-24 04:33:07
E571,{14},A5,feature_call,2025-08-11 07:23:10.000000,2025-08-13 06:38:10
E572,{14},A5,export,2026-01-02 12:21:39.000000,2026-01-02 14:54:12
E573,{14},A5,api_call,2025-08-21 07:09:55.000000,2025-08-21 23:04:54
E574,{14},A5,login,2026-01-06 01:07:55.000000,2026-01-07 01:52:19
E575,{16},A7,export,2025-10-18 17:28:53.000000,2025-10-19 03:05:49
E576,{16},A7,api_call,2025-07-11 10:14:33.000000,2025-07-12 09:34:31
E577,{16},A7,login,2025-11-12 12:03:00.000000,2025-11-13 19:47:19
E578,{16},A7,feature_call,2025-09-12 10:01:59.000000,2025-09-12 19:30:53
E579,{16},A7,export,2025-11-22 20:06:33.000000,2025-11-23 23:49:46
E580,{16},A7,api_call,2025-09-11 01:19:13.000000,2025-09-11 03:21:49
E581,{16},A7,feature_call,2025-06-17 12:46:41.000000,2025-06-19 02:27:10
E582,{16},A7,api_call,2025-06-26 03:40:45.000000,2025-06-27 16:26:50
E583,{16},A7,api_call,2025-05-28 10:07:54.000000,2025-05-29 04:19:11
E584,{16},A7,login,2026-01-29 00:00:00.635128,2026-01-29 19:18:59
E585,{16},A7,api_call,2026-01-29 00:00:00.658139,2026-01-30 04:08:44
E586,{16},A7,export,2026-01-29 00:00:00.352256,2026-01-30 16:02:05
E587,{16},A7,feature_call,2026-01-29 00:00:00.035996,2026-01-29 19:26:18
E588,{16},A7,feature_call,2026-01-29 00:00:00.739453,2026-01-29 13:06:50
E589,{16},A7,export,2026-01-29 00:00:00.192039,2026-01-29 04:42:32
E590,{17},A8,export,2026-01-06 11:19:18.000000,2026-01-08 04:46:22
E591,{17},A8,api_call,2026-05-23 06:38:47.000000,2026-05-24 07:31:53
E592,{17},A8,export,2026-04-25 15:35:56.000000,2026-04-26 13:04:45
E593,{17},A8,api_call,2026-04-04 00:18:05.000000,2026-04-04 15:12:19
E594,{17},A8,api_call,2026-02-20 20:55:23.000000,2026-02-22 03:31:41
E595,{17},A8,login,2026-01-06 03:45:53.000000,2026-01-06 11:32:22
E596,{17},A8,export,2026-04-26 11:46:08.000000,2026-04-26 19:25:02
E597,{17},A8,api_call,2025-12-14 15:10:30.000000,2025-12-14 22:23:46
E598,{17},A8,feature_call,2025-12-21 03:50:54.000000,2025-12-22 18:56:05
E599,{17},A8,api_call,2026-03-31 06:49:07.000000,2026-03-31 21:33:51
E600,{17},A8,export,2026-02-16 09:39:55.000000,2026-02-16 21:44:14
E601,{17},A8,login,2026-03-23 21:16:42.000000,2026-03-25 08:44:38
E602,{17},A8,export,2026-03-14 17:48:43.000000,2026-03-15 03:56:24
E603,{17},A8,export,2026-05-24 15:02:11.000000,2026-05-26 07:26:38
E604,{17},A8,feature_call,2026-04-19 13:42:25.000000,2026-04-19 22:39:21
E605,{17},A8,feature_call,2026-05-16 13:58:24.000000,2026-05-18 08:22:49
E606,{18},A8,login,2026-03-23 19:49:20.000000,2026-03-25 11:32:16
E607,{18},A8,api_call,2025-12-13 11:29:35.000000,2025-12-13 17:20:05
E608,{18},A8,feature_call,2026-05-22 11:57:54.000000,2026-05-22 14:35:52
E609,{18},A8,export,2026-03-13 20:58:12.000000,2026-03-14 20:50:34
E610,{18},A8,api_call,2026-02-12 14:56:22.000000,2026-02-14 09:59:43
E611,{18},A8,api_call,2026-05-08 16:35:57.000000,2026-05-08 18:11:03
E612,{19},A9,login,2025-07-06 02:01:43.000000,2025-07-06 14:13:02
E613,{19},A9,login,2025-06-13 14:32:22.000000,2025-06-14 04:33:32
E614,{19},A9,export,2025-06-21 04:06:44.000000,2025-06-22 20:12:43
E615,{19},A9,api_call,2025-06-21 02:56:49.000000,2025-06-22 17:33:33
E616,{19},A9,login,2025-06-15 17:50:02.000000,2025-06-17 13:39:10
E617,{19},A9,export,2025-07-07 21:02:24.000000,2025-07-09 16:43:11
E618,{19},A9,login,2025-06-28 22:47:38.000000,2025-06-29 05:53:27
E619,{19},A9,login,2025-06-14 20:10:55.000000,2025-06-16 19:51:40
E620,{20},A9,api_call,2025-06-20 18:14:49.000000,2025-06-21 18:43:36
E621,{20},A9,api_call,2025-06-25 04:08:46.000000,2025-06-26 10:52:53
E622,{20},A9,feature_call,2025-07-07 23:47:42.000000,2025-07-09 16:43:20
E623,{20},A9,login,2025-06-16 21:27:34.000000,2025-06-17 08:26:46
E624,{20},A9,login,2025-07-02 11:27:16.000000,2025-07-02 23:40:17
E625,{20},A9,feature_call,2025-07-02 20:49:40.000000,2025-07-04 19:27:01
E626,{20},A9,login,2025-07-11 19:02:12.000000,2025-07-12 06:55:09
E627,{20},A9,feature_call,2025-06-26 00:20:13.000000,2025-06-27 08:47:13
E628,{21},A10,api_call,2025-07-10 12:21:39.000000,2025-07-11 14:15:32
E629,{21},A10,feature_call,2025-08-08 06:17:07.000000,2025-08-09 12:29:38
E630,{21},A10,export,2025-07-14 22:46:47.000000,2025-07-16 19:31:29
E631,{21},A10,export,2025-07-26 10:42:13.000000,2025-07-26 20:34:04
E632,{21},A10,feature_call,2025-08-03 13:24:24.000000,2025-08-04 16:34:38
E633,{21},A10,login,2025-07-15 11:10:34.000000,2025-07-16 14:04:56
E634,{21},A10,feature_call,2025-07-20 12:51:02.000000,2025-07-22 03:16:49
E635,{21},A10,export,2025-07-21 10:01:00.000000,2025-07-22 20:11:36
E636,{21},A10,export,2025-07-19 15:04:23.000000,2025-07-20 23:18:53
E637,{21},A10,export,2025-07-14 15:17:49.000000,2025-07-15 04:23:26
E638,{22},A10,feature_call,2025-08-04 21:32:13.000000,2025-08-06 15:20:44
E639,{22},A10,feature_call,2025-07-21 01:01:29.000000,2025-07-22 00:12:15
E640,{22},A10,export,2025-07-18 18:36:19.000000,2025-07-18 23:01:37
E641,{22},A10,api_call,2025-07-22 09:37:08.000000,2025-07-23 13:06:28
E642,{22},A10,login,2025-07-14 02:43:30.000000,2025-07-15 09:19:41
E643,{22},A10,login,2025-07-20 15:29:09.000000,2025-07-21 03:31:14
E644,{22},A10,feature_call,2025-08-04 12:00:54.000000,2025-08-04 18:47:54
E645,{22},A10,api_call,2025-08-05 21:25:39.000000,2025-08-06 09:33:58
E646,{22},A10,login,2025-07-14 00:53:40.000000,2025-07-15 13:20:41
E647,{22},A10,feature_call,2025-07-22 07:38:37.000000,2025-07-22 21:58:24
E648,{22},A10,export,2025-08-08 11:25:28.000000,2025-08-08 23:14:10
E649,{22},A10,api_call,2025-07-15 08:48:03.000000,2025-07-16 21:44:21
E650,{22},A10,export,2025-07-28 21:06:25.000000,2025-07-30 16:44:44
E651,{22},A10,feature_call,2025-08-07 14:03:31.000000,2025-08-09 10:19:50
E652,{22},A10,feature_call,2025-07-13 10:49:06.000000,2025-07-14 14:07:07
E653,{22},A10,feature_call,2025-08-01 23:17:01.000000,2025-08-03 06:44:03
E654,{22},A10,api_call,2025-07-17 11:11:28.000000,2025-07-18 05:00:22
E655,{22},A10,export,2025-07-30 21:33:48.000000,2025-08-01 03:37:09
E656,{22},A10,feature_call,2025-08-08 05:25:22.000000,2025-08-09 21:21:26
E657,{22},A10,login,2025-07-25 16:12:54.000000,2025-07-27 10:10:10
E658,{22},A10,export,2025-07-27 02:31:11.000000,2025-07-27 14:51:13
E659,{22},A10,export,2025-07-29 10:32:37.000000,2025-07-30 12:44:52
E660,{22},A10,export,2025-07-13 15:22:00.000000,2025-07-15 04:23:10
E661,{22},A10,feature_call,2025-08-08 16:54:32.000000,2025-08-09 12:32:01
E662,{22},A10,feature_call,2025-08-02 12:35:18.000000,2025-08-03 22:13:35
E663,{22},A10,feature_call,2025-07-16 03:14:50.000000,2025-07-17 07:20:16
E664,{22},A10,export,2025-07-19 20:51:54.000000,2025-07-20 04:21:44
E665,{22},A10,login,2025-07-13 01:21:57.000000,2025-07-13 13:23:45
E666,{22},A10,login,2025-08-07 17:31:48.000000,2025-08-07 20:08:12
E667,{22},A10,api_call,2025-07-19 20:33:17.000000,2025-07-21 20:24:29
E668,{22},A10,export,2025-08-05 05:17:09.000000,2025-08-07 00:38:45
E669,{22},A10,login,2025-07-27 04:47:51.000000,2025-07-29 00:46:36
E670,{23},A10,export,2025-07-21 22:35:34.000000,2025-07-22 21:00:02
E671,{23},A10,api_call,2025-07-12 08:23:16.000000,2025-07-12 14:38:51
E672,{23},A10,export,2025-07-14 23:47:44.000000,2025-07-15 16:53:33
E673,{23},A10,api_call,2025-07-21 12:48:22.000000,2025-07-23 01:51:17
E674,{23},A10,login,2025-07-23 22:37:13.000000,2025-07-24 13:47:53
E675,{23},A10,feature_call,2025-07-17 12:23:21.000000,2025-07-19 12:15:14
E676,{23},A10,feature_call,2025-07-31 13:06:27.000000,2025-08-01 03:25:48
E677,{23},A10,export,2025-07-21 09:09:44.000000,2025-07-21 17:49:01
E678,{23},A10,feature_call,2025-07-24 17:13:23.000000,2025-07-26 08:37:37
E679,{23},A10,login,2025-07-21 03:18:53.000000,2025-07-21 06:08:58
E680,{23},A10,api_call,2025-07-18 15:26:34.000000,2025-07-19 11:11:32
E681,{23},A10,login,2025-07-26 19:29:36.000000,2025-07-28 14:34:05
E682,{23},A10,login,2025-08-08 06:19:23.000000,2025-08-09 04:26:32
E683,{24},A10,feature_call,2025-07-13 09:10:09.000000,2025-07-14 23:36:28
E684,{24},A10,login,2025-07-16 00:34:25.000000,2025-07-16 06:53:01
E685,{24},A10,export,2025-07-30 09:22:29.000000,2025-07-30 15:39:35
E686,{24},A10,export,2025-08-08 14:16:36.000000,2025-08-09 19:58:15
E687,{24},A10,export,2025-08-02 05:19:49.000000,2025-08-03 07:11:15
E688,{24},A10,feature_call,2025-08-07 13:15:00.000000,2025-08-08 23:44:10
E689,{24},A10,feature_call,2025-07-20 23:44:08.000000,2025-07-22 13:52:30
E690,{24},A10,export,2025-07-15 02:30:46.000000,2025-07-16 17:02:08
E691,{24},A10,export,2025-07-14 09:20:14.000000,2025-07-16 09:06:41
E692,{24},A10,api_call,2025-08-03 07:50:49.000000,2025-08-05 05:52:36
E693,{24},A10,feature_call,2025-08-01 03:30:43.000000,2025-08-02 17:26:28
E694,{24},A10,api_call,2025-08-08 14:04:44.000000,2025-08-10 05:27:41
E695,{24},A10,feature_call,2025-07-23 05:03:31.000000,2025-07-24 11:15:39
E696,{24},A10,login,2025-07-29 04:25:02.000000,2025-07-30 06:44:20
E697,{24},A10,feature_call,2025-07-26 23:41:20.000000,2025-07-28 15:30:27
E698,{24},A10,api_call,2025-08-07 00:33:02.000000,2025-08-08 10:34:33
E699,{24},A10,api_call,2025-07-21 02:46:25.000000,2025-07-21 06:55:12
E700,{24},A10,export,2025-07-26 00:59:32.000000,2025-07-26 23:03:42
E701,{24},A10,api_call,2025-07-11 01:48:13.000000,2025-07-11 23:55:02
E702,{24},A10,login,2025-07-29 05:08:04.000000,2025-07-30 12:11:34
E703,{24},A10,login,2025-07-18 11:49:43.000000,2025-07-19 21:11:07
E704,{24},A10,feature_call,2025-08-05 11:31:14.000000,2025-08-05 12:36:32
E705,{24},A10,api_call,2025-08-08 05:28:31.000000,2025-08-10 02:27:11
E706,{24},A10,api_call,2025-07-27 11:10:36.000000,2025-07-28 13:40:32
E707,{24},A10,feature_call,2025-07-31 01:00:04.000000,2025-08-01 21:13:35
E708,{24},A10,export,2025-07-17 09:15:22.000000,2025-07-18 20:13:47
E709,{24},A10,login,2025-07-15 17:33:22.000000,2025-07-17 17:15:46
E710,{24},A10,export,2025-08-04 18:27:29.000000,2025-08-04 22:31:56
E711,{24},A10,login,2025-07-17 08:46:02.000000,2025-07-17 22:54:20
E712,{24},A10,login,2025-07-26 11:01:13.000000,2025-07-27 09:14:02
E713,{24},A10,feature_call,2025-08-08 17:13:29.000000,2025-08-09 06:48:15
E714,{24},A10,feature_call,2025-07-22 18:00:45.000000,2025-07-23 19:27:34
E715,{24},A10,api_call,2025-07-30 13:38:50.000000,2025-08-01 05:00:57
E716,{24},A10,feature_call,2025-07-10 05:43:20.000000,2025-07-11 04:50:41
E717,{24},A10,export,2025-07-31 09:36:42.000000,2025-07-31 21:39:11
E718,{24},A10,export,2025-07-20 04:30:29.000000,2025-07-21 16:03:18
E719,{21},A10,login,2025-12-01 16:10:06.000000,2025-12-02 07:09:56
E720,{22},A10,login,2025-12-15 21:36:33.000000,2025-12-16 22:50:31
E721,{22},A10,api_call,2025-10-01 10:22:58.000000,2025-10-02 16:20:29
E722,{22},A10,feature_call,2025-09-16 19:34:56.000000,2025-09-17 13:38:28
E723,{22},A10,login,2025-12-28 06:47:02.000000,2025-12-29 01:51:56
E724,{22},A10,export,2025-11-22 20:24:46.000000,2025-11-23 09:46:30
E725,{22},A10,login,2025-10-15 21:02:15.000000,2025-10-17 14:33:00
E726,{22},A10,feature_call,2025-10-14 14:50:54.000000,2025-10-16 04:50:43
E727,{22},A10,feature_call,2025-10-16 23:34:52.000000,2025-10-17 09:58:56
E728,{22},A10,login,2026-01-30 22:29:43.000000,2026-02-01 07:21:20
E729,{22},A10,login,2025-09-01 03:00:31.000000,2025-09-02 19:25:50
E730,{22},A10,api_call,2026-01-13 16:45:08.000000,2026-01-15 13:43:39
E731,{22},A10,export,2026-02-02 20:17:40.000000,2026-02-03 02:53:01
E732,{22},A10,api_call,2025-09-07 20:07:57.000000,2025-09-09 16:55:54
E733,{22},A10,feature_call,2025-11-13 12:52:24.000000,2025-11-14 17:27:59
E734,{24},A10,feature_call,2025-10-17 09:01:22.000000,2025-10-19 01:20:34
E735,{24},A10,feature_call,2025-12-20 18:09:01.000000,2025-12-22 06:58:21
E736,{24},A10,export,2025-09-20 17:47:26.000000,2025-09-21 11:07:05
E737,{24},A10,login,2025-08-18 20:16:50.000000,2025-08-20 07:07:24
E738,{24},A10,feature_call,2025-12-02 11:51:31.000000,2025-12-02 18:38:44
E739,{24},A10,export,2025-10-13 10:21:23.000000,2025-10-14 17:04:59
E740,{24},A10,export,2025-10-31 00:01:47.000000,2025-10-31 00:34:55
E741,{24},A10,export,2025-08-22 09:49:43.000000,2025-08-23 18:10:55
E742,{24},A10,login,2025-09-11 01:00:29.000000,2025-09-12 23:05:00
E743,{24},A10,api_call,2025-09-21 08:45:19.000000,2025-09-22 04:48:01
E744,{24},A10,feature_call,2025-09-03 15:38:07.000000,2025-09-05 08:10:11
E745,{24},A10,api_call,2025-09-06 00:38:18.000000,2025-09-06 08:20:57
E746,{24},A10,feature_call,2025-12-11 10:23:09.000000,2025-12-13 04:14:34
E747,{24},A10,export,2025-09-12 19:24:04.000000,2025-09-14 07:13:27
E748,{24},A10,export,2025-11-15 20:07:21.000000,2025-11-17 11:35:22
E749,{24},A10,login,2026-01-24 02:44:26.000000,2026-01-26 01:10:22
E750,{24},A10,api_call,2025-12-04 11:19:44.000000,2025-12-05 10:02:51
E751,{24},A10,export,2026-01-18 19:11:19.000000,2026-01-20 06:28:22
E752,{24},A10,export,2026-02-09 15:57:57.000000,2026-02-10 00:51:15
E753,{24},A10,export,2026-01-01 18:41:38.000000,2026-01-02 11:14:22
E754,{24},A10,api_call,2025-09-25 07:19:03.000000,2025-09-25 14:05:39
E755,{24},A10,login,2025-09-02 12:37:22.000000,2025-09-04 06:42:12
E756,{24},A10,api_call,2025-11-22 22:08:54.000000,2025-11-24 00:37:41
E757,{24},A10,login,2025-10-24 16:19:20.000000,2025-10-24 19:21:36
E758,{24},A10,login,2025-10-19 11:52:58.000000,2025-10-20 02:09:53
E759,{24},A10,login,2025-11-05 05:45:59.000000,2025-11-06 21:00:21
E760,{24},A10,feature_call,2025-10-06 21:09:43.000000,2025-10-08 17:50:36
E761,{24},A10,export,2025-12-29 14:38:19.000000,2025-12-31 01:50:30
E762,{24},A10,feature_call,2025-12-18 03:34:55.000000,2025-12-18 15:45:33
E763,{24},A10,login,2025-09-15 22:16:19.000000,2025-09-17 02:41:54
E764,{24},A10,api_call,2026-01-25 15:13:26.000000,2026-01-27 05:51:07
E765,{24},A10,login,2025-09-07 00:48:34.000000,2025-09-07 06:57:23
E766,{24},A10,feature_call,2025-08-24 12:47:38.000000,2025-08-24 19:15:23
E767,{24},A10,login,2025-09-29 20:41:44.000000,2025-09-30 17:22:26
E768,{24},A10,api_call,2025-09-30 17:49:51.000000,2025-10-02 08:34:17
E769,{24},A10,api_call,2026-02-03 06:05:46.000000,2026-02-03 18:41:12
E770,{22},A10,api_call,2026-03-12 00:00:00.373137,2026-03-12 22:51:03
E771,{22},A10,api_call,2026-03-12 00:00:00.040658,2026-03-12 22:04:23
E772,{22},A10,api_call,2026-03-12 00:00:00.560401,2026-03-12 06:33:47
E773,{22},A10,login,2026-03-12 00:00:00.618898,2026-03-12 23:31:02
E774,{22},A10,login,2026-03-12 00:00:00.102575,2026-03-12 02:44:54
E775,{22},A10,api_call,2026-03-12 00:00:00.704840,2026-03-12 13:29:08
E776,{22},A10,api_call,2026-03-12 00:00:00.130533,2026-03-12 10:39:22
E777,{22},A10,login,2026-03-12 00:00:00.574038,2026-03-12 18:45:30
E778,{23},A10,api_call,2026-03-12 00:00:00.921979,2026-03-12 15:47:38
E779,{23},A10,api_call,2026-03-12 00:00:00.074488,2026-03-13 07:40:14
E780,{23},A10,export,2026-03-12 00:00:00.119884,2026-03-12 13:17:57
E781,{23},A10,export,2026-03-12 00:00:00.447904,2026-03-12 10:49:19
E782,{23},A10,api_call,2026-03-12 00:00:00.133848,2026-03-13 01:33:35
E783,{23},A10,api_call,2026-03-12 00:00:00.093245,2026-03-13 16:04:35
E784,{24},A10,feature_call,2026-03-12 00:00:00.553098,2026-03-12 03:22:47
E785,{24},A10,export,2026-03-12 00:00:00.244351,2026-03-12 05:08:28
E786,{24},A10,api_call,2026-03-12 00:00:00.868651,2026-03-13 13:08:38
E787,{24},A10,export,2026-03-12 00:00:00.174768,2026-03-12 12:32:05
E788,{24},A10,export,2026-03-12 00:00:00.641751,2026-03-12 21:16:23
E789,{25},A11,api_call,2025-05-05 10:37:52.000000,2025-05-06 17:02:24
E790,{25},A11,login,2025-10-19 22:19:20.000000,2025-10-21 14:01:26
E791,{25},A11,export,2025-06-20 16:24:45.000000,2025-06-21 04:23:49
E792,{25},A11,login,2025-06-18 17:58:21.000000,2025-06-20 06:35:28
E793,{25},A11,feature_call,2025-08-16 19:24:28.000000,2025-08-18 05:41:24
E794,{25},A11,login,2025-08-03 14:08:54.000000,2025-08-04 21:24:39
E795,{25},A11,feature_call,2025-07-19 15:36:44.000000,2025-07-21 10:39:24
E796,{25},A11,export,2025-07-22 19:46:09.000000,2025-07-23 07:50:00
E797,{25},A11,api_call,2025-08-12 17:22:05.000000,2025-08-13 14:34:54
E798,{25},A11,login,2026-01-04 02:54:10.000000,2026-01-04 12:50:28
E799,{25},A11,export,2025-11-07 23:52:25.000000,2025-11-08 08:32:09
E800,{25},A11,export,2025-10-07 21:56:02.000000,2025-10-08 11:49:31
E801,{25},A11,feature_call,2025-07-02 17:58:23.000000,2025-07-03 08:41:46
E802,{25},A11,api_call,2025-06-20 10:26:59.000000,2025-06-20 11:36:05
E803,{25},A11,login,2025-09-28 12:06:30.000000,2025-09-30 00:14:22
E804,{25},A11,api_call,2026-01-18 11:55:30.000000,2026-01-19 19:09:00
E805,{25},A11,api_call,2025-11-11 15:22:40.000000,2025-11-13 02:09:24
E806,{25},A11,feature_call,2026-01-15 02:38:48.000000,2026-01-15 10:41:25
E807,{25},A11,export,2025-09-26 10:56:40.000000,2025-09-28 10:31:58
E808,{25},A11,export,2025-06-01 11:22:01.000000,2025-06-02 02:44:28
E809,{25},A11,api_call,2025-07-20 11:15:45.000000,2025-07-22 06:18:58
E810,{25},A11,feature_call,2025-10-30 04:37:41.000000,2025-10-30 07:06:45
E811,{25},A11,feature_call,2026-01-09 04:10:52.000000,2026-01-09 04:33:10
E812,{25},A11,api_call,2025-11-20 04:44:51.000000,2025-11-21 21:08:14
E813,{25},A11,feature_call,2025-11-20 15:13:24.000000,2025-11-21 04:53:06
E814,{25},A11,login,2025-11-05 19:29:29.000000,2025-11-06 07:44:07
E815,{25},A11,api_call,2025-09-11 04:18:30.000000,2025-09-11 10:14:57
E816,{25},A11,export,2025-10-13 01:31:28.000000,2025-10-13 03:00:57
E817,{25},A11,login,2025-09-13 22:04:02.000000,2025-09-14 13:18:04
E818,{25},A11,login,2025-10-10 10:29:15.000000,2025-10-10 16:21:29
E819,{25},A11,feature_call,2025-10-10 18:56:54.000000,2025-10-11 02:01:27
E820,{25},A11,feature_call,2025-10-09 06:08:38.000000,2025-10-11 01:51:01
E821,{25},A11,feature_call,2025-11-20 18:37:18.000000,2025-11-21 18:45:31
E822,{25},A11,export,2025-09-16 14:23:54.000000,2025-09-17 03:16:21
E823,{25},A11,login,2025-10-27 21:15:53.000000,2025-10-28 15:12:07
E824,{25},A11,feature_call,2025-10-10 15:43:50.000000,2025-10-12 02:50:45
E825,{25},A11,feature_call,2025-11-12 13:39:58.000000,2025-11-12 22:38:29
E826,{25},A11,feature_call,2025-09-14 09:28:42.000000,2025-09-14 12:15:06
E827,{25},A11,export,2025-10-24 17:31:13.000000,2025-10-25 14:44:45
E828,{25},A11,api_call,2025-11-22 05:50:02.000000,2025-11-22 12:46:59
E829,{25},A11,export,2025-09-06 14:08:23.000000,2025-09-06 23:36:46
E830,{25},A11,feature_call,2025-10-08 07:59:04.000000,2025-10-08 21:34:53
E831,{25},A11,login,2025-10-12 19:16:31.000000,2025-10-12 21:25:14
E832,{25},A11,login,2025-11-22 23:54:18.000000,2025-11-24 21:08:32
E833,{25},A11,login,2025-11-09 13:56:58.000000,2025-11-09 23:48:43
E834,{25},A11,export,2025-09-29 22:33:21.000000,2025-10-01 05:45:48
E835,{25},A11,export,2025-09-09 14:04:05.000000,2025-09-10 20:33:32
E836,{25},A11,export,2025-09-25 18:48:26.000000,2025-09-25 20:10:38
E837,{25},A11,export,2025-10-19 05:06:53.000000,2025-10-19 18:31:45
E838,{25},A11,login,2025-11-23 15:31:43.000000,2025-11-24 14:55:49
E839,{25},A11,export,2025-10-14 00:27:52.000000,2025-10-14 02:58:28
E840,{25},A11,login,2025-10-28 21:49:46.000000,2025-10-30 15:00:38
E841,{25},A11,feature_call,2025-11-24 13:54:51.000000,2025-11-26 03:50:56
E842,{25},A11,login,2025-10-03 23:04:27.000000,2025-10-04 12:37:20
E843,{25},A11,feature_call,2025-09-15 09:26:15.000000,2025-09-15 18:37:14
E844,{25},A11,feature_call,2025-08-29 10:29:40.000000,2025-08-29 21:02:24
E845,{25},A11,feature_call,2025-10-12 01:42:08.000000,2025-10-13 21:55:09
E846,{25},A11,export,2025-10-23 10:17:20.000000,2025-10-24 20:00:30
E847,{25},A11,export,2025-10-25 16:06:57.000000,2025-10-26 15:35:28
E848,{25},A11,export,2025-10-02 07:16:12.000000,2025-10-02 12:51:24
E849,{25},A11,feature_call,2025-11-11 06:27:47.000000,2025-11-12 04:52:35
E850,{25},A11,export,2025-10-01 13:28:32.000000,2025-10-03 11:59:37
E851,{25},A11,login,2025-10-01 06:23:55.000000,2025-10-01 15:44:23
E852,{25},A11,login,2025-11-19 04:12:35.000000,2025-11-20 22:19:13
E853,{25},A11,feature_call,2025-10-20 14:36:35.000000,2025-10-21 07:29:49
E854,{25},A11,feature_call,2025-10-02 21:12:56.000000,2025-10-04 13:33:05
E855,{25},A11,feature_call,2025-11-04 20:28:54.000000,2025-11-05 08:39:35
E856,{25},A11,login,2025-09-23 16:04:08.000000,2025-09-25 13:27:26
E857,{25},A11,api_call,2025-10-22 23:18:41.000000,2025-10-24 01:16:24
E858,{25},A11,api_call,2025-11-04 14:25:59.000000,2025-11-06 03:06:33
E859,{25},A11,export,2025-09-19 11:13:13.000000,2025-09-21 10:01:28
E860,{25},A11,login,2025-10-17 08:52:34.000000,2025-10-19 00:46:37
E861,{25},A11,feature_call,2025-09-12 15:44:20.000000,2025-09-14 13:52:54
E862,{25},A11,feature_call,2025-10-28 03:35:18.000000,2025-10-29 11:28:16
E863,{25},A11,feature_call,2025-11-06 21:47:23.000000,2025-11-07 19:07:55
E864,{25},A11,api_call,2025-09-14 04:50:43.000000,2025-09-14 14:07:23
E865,{25},A11,feature_call,2025-11-10 14:45:42.000000,2025-11-11 04:43:36
E866,{25},A11,login,2025-11-10 18:43:58.000000,2025-11-10 19:38:16
E867,{25},A11,api_call,2025-10-26 07:38:54.000000,2025-10-28 01:16:07
E868,{25},A11,login,2025-11-12 01:22:33.000000,2025-11-13 17:25:29
E869,{25},A11,login,2025-11-01 02:12:11.000000,2025-11-02 21:07:11
E870,{25},A11,api_call,2025-10-20 00:05:45.000000,2025-10-20 17:09:08
E871,{25},A11,api_call,2025-10-17 23:14:34.000000,2025-10-19 00:42:40
E872,{25},A11,export,2025-10-31 04:31:07.000000,2025-10-31 21:47:14
E873,{25},A11,login,2025-10-03 11:19:54.000000,2025-10-05 07:06:13
E874,{25},A11,login,2025-11-04 14:33:48.000000,2025-11-04 23:26:05
E875,{25},A11,feature_call,2025-11-15 13:14:58.000000,2025-11-15 16:33:39
E876,{25},A11,export,2025-08-30 03:51:40.000000,2025-08-31 00:07:07
E877,{26},A12,api_call,2025-08-09 09:35:45.000000,2025-08-10 14:07:15
E878,{26},A12,login,2025-05-21 09:10:28.000000,2025-05-21 21:00:20
E879,{26},A12,login,2025-07-20 04:02:15.000000,2025-07-21 07:21:54
E880,{26},A12,export,2025-07-21 12:10:23.000000,2025-07-21 19:51:34
E881,{26},A12,api_call,2025-07-14 21:29:08.000000,2025-07-16 17:12:45
E882,{28},A12,export,2025-05-21 04:32:27.000000,2025-05-22 02:57:54
E883,{28},A12,login,2025-07-12 15:22:53.000000,2025-07-13 18:59:50
E884,{28},A12,api_call,2025-07-04 17:39:10.000000,2025-07-05 02:46:23
E885,{28},A12,export,2025-08-15 10:00:43.000000,2025-08-17 08:04:27
E886,{28},A12,export,2025-06-22 19:02:53.000000,2025-06-24 05:04:37
E887,{28},A12,export,2025-07-13 15:48:39.000000,2025-07-14 05:26:31
E888,{28},A12,login,2025-07-05 02:59:00.000000,2025-07-05 21:07:52
E889,{28},A12,api_call,2025-08-14 21:12:49.000000,2025-08-15 00:41:21
E890,{28},A12,api_call,2025-08-04 23:06:26.000000,2025-08-06 22:18:59
E891,{29},A12,feature_call,2025-05-24 21:53:39.000000,2025-05-26 07:35:25
E892,{29},A12,login,2025-05-21 01:34:35.000000,2025-05-23 00:06:00
E893,{27},A12,export,2025-11-19 21:12:13.000000,2025-11-21 07:50:28
E894,{27},A12,api_call,2025-11-10 03:04:25.000000,2025-11-10 20:43:25
E895,{27},A12,login,2025-12-02 09:01:44.000000,2025-12-04 07:00:53
E896,{27},A12,export,2025-10-10 22:29:35.000000,2025-10-11 07:51:04
E897,{27},A12,api_call,2025-10-17 02:35:17.000000,2025-10-18 01:15:37
E898,{27},A12,api_call,2025-11-20 20:34:02.000000,2025-11-21 04:57:45
E899,{27},A12,api_call,2025-09-26 10:06:00.000000,2025-09-27 14:31:05
E900,{27},A12,api_call,2025-08-24 22:00:28.000000,2025-08-26 01:41:47
E901,{28},A12,api_call,2025-12-08 11:13:22.000000,2025-12-10 01:40:45
E902,{28},A12,feature_call,2025-11-28 21:43:21.000000,2025-11-29 15:21:17
E903,{28},A12,export,2025-10-11 14:37:02.000000,2025-10-12 01:57:12
E904,{28},A12,export,2025-12-09 06:58:30.000000,2025-12-09 22:47:52
E905,{28},A12,login,2025-08-23 22:41:42.000000,2025-08-25 02:41:49
E906,{28},A12,api_call,2025-11-10 21:01:53.000000,2025-11-11 09:37:04
E907,{28},A12,api_call,2025-12-27 10:21:42.000000,2025-12-28 14:06:16
E908,{28},A12,login,2025-12-26 09:55:24.000000,2025-12-28 04:14:40
E909,{28},A12,export,2025-12-15 18:01:57.000000,2025-12-16 22:17:49
E910,{28},A12,api_call,2025-12-01 05:40:22.000000,2025-12-03 03:48:53
E911,{29},A12,api_call,2025-12-12 00:28:16.000000,2025-12-12 18:16:31
E912,{29},A12,feature_call,2025-09-22 14:13:30.000000,2025-09-23 20:37:23
E913,{29},A12,feature_call,2025-09-28 14:46:04.000000,2025-09-30 14:30:17
E914,{29},A12,login,2025-10-05 23:21:17.000000,2025-10-06 20:27:03
E915,{29},A12,export,2025-10-29 15:53:05.000000,2025-10-31 03:49:19
E916,{29},A12,login,2025-11-11 09:38:50.000000,2025-11-12 08:06:43
E917,{29},A12,login,2025-09-17 22:11:54.000000,2025-09-18 05:45:35
E918,{29},A12,api_call,2025-10-28 19:30:34.000000,2025-10-29 19:45:04
E919,{29},A12,export,2025-11-02 09:37:57.000000,2025-11-02 13:25:26
E920,{29},A12,login,2025-10-01 17:34:32.000000,2025-10-02 01:31:05
E921,{29},A12,feature_call,2025-08-31 12:07:09.000000,2025-09-02 05:03:43
E922,{29},A12,login,2025-11-18 04:29:43.000000,2025-11-18 18:44:59
E923,{29},A12,api_call,2025-11-16 10:29:52.000000,2025-11-17 16:25:51
E924,{29},A12,login,2025-10-09 17:58:07.000000,2025-10-11 06:35:37
E925,{29},A12,login,2025-10-31 19:26:31.000000,2025-11-01 05:31:08
E926,{29},A12,login,2025-11-05 21:27:26.000000,2025-11-07 09:56:03
E927,{29},A12,login,2025-10-26 02:48:18.000000,2025-10-26 18:19:41
E928,{29},A12,api_call,2025-12-27 20:52:10.000000,2025-12-28 01:36:51
E929,{29},A12,api_call,2025-10-21 23:00:49.000000,2025-10-23 18:29:10
E930,{29},A12,feature_call,2025-12-22 03:28:11.000000,2025-12-22 17:24:07
E931,{29},A12,export,2025-11-29 04:28:39.000000,2025-11-30 03:39:41
E932,{29},A12,feature_call,2025-11-07 13:20:12.000000,2025-11-07 16:19:12
E933,{29},A12,feature_call,2025-11-13 22:20:41.000000,2025-11-14 22:00:28
E934,{29},A12,login,2025-12-31 16:54:34.000000,2026-01-01 19:36:51
E935,{29},A12,export,2025-11-23 09:53:09.000000,2025-11-25 04:36:58
E936,{29},A12,export,2025-12-21 04:14:46.000000,2025-12-22 18:50:09
E937,{29},A12,login,2025-11-07 03:28:02.000000,2025-11-08 09:16:29
E938,{29},A12,export,2025-11-14 20:21:24.000000,2025-11-15 19:54:27
E939,{29},A12,login,2025-12-29 10:09:11.000000,2025-12-30 07:45:55
E940,{29},A12,feature_call,2025-12-10 19:19:56.000000,2025-12-12 12:28:42
E941,{29},A12,feature_call,2025-11-16 11:41:30.000000,2025-11-17 09:52:01
E942,{29},A12,api_call,2025-12-20 10:09:19.000000,2025-12-20 15:22:58
E943,{29},A12,export,2025-09-26 00:06:57.000000,2025-09-26 19:50:48
E944,{29},A12,feature_call,2025-10-28 23:53:27.000000,2025-10-30 11:11:43
E945,{30},A13,api_call,2025-09-21 11:24:39.000000,2025-09-22 19:49:47
E946,{30},A13,login,2025-08-01 01:39:07.000000,2025-08-02 06:26:37
E947,{30},A13,login,2025-09-29 23:30:17.000000,2025-09-30 12:51:32
E948,{30},A13,export,2025-09-25 16:27:18.000000,2025-09-27 16:18:57
E949,{30},A13,export,2025-09-08 10:11:45.000000,2025-09-08 13:40:22
E950,{30},A13,login,2025-08-20 23:05:54.000000,2025-08-22 09:30:42
E951,{30},A13,feature_call,2025-08-20 17:23:57.000000,2025-08-21 10:15:00
E952,{31},A14,login,2025-06-30 00:08:35.000000,2025-07-01 02:18:13
E953,{31},A14,api_call,2025-08-28 00:22:57.000000,2025-08-29 08:37:06
E954,{31},A14,feature_call,2025-06-09 00:14:17.000000,2025-06-10 07:30:22
E955,{31},A14,login,2025-08-09 15:19:31.000000,2025-08-10 21:41:25
E956,{31},A14,login,2025-12-06 06:05:34.000000,2025-12-06 20:45:24
E957,{31},A14,login,2025-08-29 07:53:10.000000,2025-08-31 01:44:37
E958,{31},A14,api_call,2025-06-13 19:01:49.000000,2025-06-15 14:08:44
E959,{31},A14,feature_call,2025-10-01 06:41:42.000000,2025-10-01 21:40:39
E960,{31},A14,feature_call,2025-06-30 18:13:41.000000,2025-07-01 21:20:10
E961,{31},A14,feature_call,2026-01-06 17:24:28.000000,2026-01-07 20:06:23
E962,{31},A14,api_call,2025-06-11 03:50:40.000000,2025-06-11 04:52:25
E963,{31},A14,api_call,2025-06-26 07:21:35.000000,2025-06-27 04:47:50
E964,{31},A14,login,2025-10-02 17:43:06.000000,2025-10-03 08:12:17
E965,{31},A14,export,2025-06-09 22:36:21.000000,2025-06-10 08:16:44
E966,{31},A14,api_call,2025-06-22 23:05:05.000000,2025-06-23 11:29:50
E967,{31},A14,feature_call,2025-12-17 07:24:36.000000,2025-12-18 18:59:19
E968,{32},A15,login,2025-05-10 08:40:00.000000,2025-05-10 10:11:45
E969,{32},A15,api_call,2025-08-12 13:53:30.000000,2025-08-13 02:54:01
E970,{32},A15,login,2025-06-25 09:32:28.000000,2025-06-25 23:27:59
E971,{32},A15,api_call,2026-01-10 16:09:43.000000,2026-01-11 08:56:28
E972,{32},A15,export,2025-07-10 13:42:10.000000,2025-07-10 20:12:46
E973,{32},A15,login,2025-10-31 11:03:01.000000,2025-11-01 02:51:06
E974,{32},A15,api_call,2025-06-20 11:28:40.000000,2025-06-21 15:37:47
E975,{32},A15,login,2025-05-22 05:01:20.000000,2025-05-22 05:50:34
E976,{32},A15,feature_call,2025-11-25 12:44:49.000000,2025-11-27 04:55:04
E977,{32},A15,login,2025-06-20 15:27:50.000000,2025-06-20 17:21:34
E978,{33},A15,export,2025-08-07 17:31:47.000000,2025-08-09 05:22:14
E979,{33},A15,login,2025-09-29 11:28:25.000000,2025-09-30 03:38:42
E980,{33},A15,feature_call,2025-12-03 06:59:50.000000,2025-12-04 20:20:52
E981,{33},A15,api_call,2025-08-14 10:30:26.000000,2025-08-15 03:18:24
E982,{33},A15,feature_call,2025-10-02 08:51:03.000000,2025-10-02 11:29:22
E983,{33},A15,export,2025-07-12 10:56:34.000000,2025-07-13 12:36:26
E984,{33},A15,feature_call,2025-06-16 12:19:36.000000,2025-06-18 03:18:58
E985,{33},A15,export,2025-06-14 13:11:25.000000,2025-06-15 22:27:12
E986,{33},A15,export,2026-01-03 02:04:22.000000,2026-01-04 14:31:49
E987,{32},A15,feature_call,2025-11-07 07:05:20.000000,2025-11-07 18:42:22
E988,{32},A15,api_call,2025-12-04 05:57:07.000000,2025-12-04 09:08:28
E989,{32},A15,feature_call,2025-12-07 13:21:33.000000,2025-12-08 13:05:28
E990,{32},A15,export,2025-12-17 16:47:05.000000,2025-12-18 22:38:53
E991,{32},A15,export,2025-11-16 08:41:38.000000,2025-11-17 04:23:30
E992,{32},A15,api_call,2025-12-16 19:51:07.000000,2025-12-18 04:41:37
E993,{32},A15,feature_call,2025-12-24 07:55:13.000000,2025-12-24 13:09:14
E994,{32},A15,export,2025-11-22 07:59:55.000000,2025-11-23 16:42:50
E995,{32},A15,feature_call,2025-12-19 19:52:36.000000,2025-12-21 06:05:41
E996,{32},A15,api_call,2025-12-20 06:11:34.000000,2025-12-20 19:06:52
E997,{32},A15,feature_call,2025-11-04 13:34:32.000000,2025-11-05 04:32:10
E998,{32},A15,export,2025-11-02 19:31:52.000000,2025-11-03 01:47:45
E999,{32},A15,feature_call,2025-12-21 02:33:30.000000,2025-12-21 18:25:58
E1000,{32},A15,api_call,2025-12-26 11:48:48.000000,2025-12-28 10:09:12
E1001,{32},A15,api_call,2025-11-15 03:50:18.000000,2025-11-15 11:29:14
E1002,{32},A15,login,2025-11-11 20:20:09.000000,2025-11-12 18:09:28
E1003,{32},A15,login,2025-11-29 18:47:53.000000,2025-12-01 00:34:52
E1004,{32},A15,feature_call,2025-12-09 06:37:30.000000,2025-12-10 11:16:41
E1005,{32},A15,api_call,2025-12-05 06:47:38.000000,2025-12-05 08:03:51
E1006,{32},A15,export,2025-11-19 05:08:02.000000,2025-11-20 03:34:58
E1007,{32},A15,login,2025-12-20 20:18:11.000000,2025-12-21 20:05:00
E1008,{32},A15,feature_call,2025-11-22 19:04:37.000000,2025-11-23 07:24:44
E1009,{32},A15,login,2025-12-09 06:16:30.000000,2025-12-11 00:35:08
E1010,{32},A15,export,2025-12-13 09:27:07.000000,2025-12-13 13:20:51
E1011,{32},A15,api_call,2025-11-02 00:46:35.000000,2025-11-02 13:20:55
E1012,{32},A15,api_call,2025-12-14 08:29:43.000000,2025-12-14 15:27:03
E1013,{32},A15,api_call,2025-11-26 13:14:42.000000,2025-11-26 22:21:07
E1014,{32},A15,feature_call,2025-11-15 11:27:50.000000,2025-11-15 12:22:51
E1015,{32},A15,export,2025-11-29 18:29:05.000000,2025-12-01 08:22:05
E1016,{32},A15,api_call,2025-11-03 06:09:38.000000,2025-11-05 04:06:31
E1017,{32},A15,api_call,2025-12-14 20:07:50.000000,2025-12-14 20:19:18
E1018,{32},A15,api_call,2025-11-15 08:10:10.000000,2025-11-16 09:32:15
E1019,{32},A15,login,2025-11-25 11:44:40.000000,2025-11-26 18:54:27
E1020,{32},A15,feature_call,2025-12-03 09:06:35.000000,2025-12-04 08:06:36
E1021,{32},A15,export,2025-12-20 14:27:30.000000,2025-12-21 18:13:23
E1022,{32},A15,export,2025-11-16 10:41:41.000000,2025-11-17 20:38:25
E1023,{32},A15,feature_call,2025-12-10 19:42:23.000000,2025-12-12 09:56:00
E1024,{32},A15,feature_call,2025-11-11 03:46:42.000000,2025-11-12 00:15:29
E1025,{32},A15,api_call,2025-11-07 22:37:36.000000,2025-11-08 21:55:53
E1026,{32},A15,api_call,2025-11-02 21:30:33.000000,2025-11-03 04:46:30
E1027,{32},A15,login,2025-10-30 20:51:24.000000,2025-10-31 01:44:05
E1028,{32},A15,feature_call,2025-11-01 09:49:27.000000,2025-11-01 20:22:21
E1029,{32},A15,api_call,2025-11-23 19:09:12.000000,2025-11-25 05:13:07
E1030,{32},A15,login,2025-11-26 14:35:12.000000,2025-11-27 20:03:10
E1031,{32},A15,login,2025-12-08 15:07:56.000000,2025-12-08 18:07:30
E1032,{32},A15,feature_call,2025-11-17 03:51:23.000000,2025-11-17 05:22:41
E1033,{32},A15,login,2025-11-08 08:44:37.000000,2025-11-09 12:41:08
E1034,{32},A15,export,2025-11-22 23:00:55.000000,2025-11-24 04:03:33
E1035,{32},A15,export,2025-12-16 06:44:05.000000,2025-12-17 09:58:46
E1036,{32},A15,feature_call,2025-12-23 05:42:24.000000,2025-12-24 12:42:30
E1037,{32},A15,export,2025-12-05 09:59:29.000000,2025-12-06 11:36:12
E1038,{32},A15,api_call,2025-12-20 21:46:30.000000,2025-12-22 00:04:43
E1039,{32},A15,api_call,2025-12-13 02:32:46.000000,2025-12-13 11:31:26
E1040,{32},A15,login,2025-12-10 06:51:56.000000,2025-12-10 08:06:12
E1041,{32},A15,export,2025-11-21 16:44:12.000000,2025-11-23 01:05:55
E1042,{32},A15,api_call,2025-12-21 22:06:43.000000,2025-12-22 04:12:25
E1043,{32},A15,feature_call,2025-12-09 10:54:16.000000,2025-12-09 16:56:41
E1044,{32},A15,login,2025-11-27 05:14:04.000000,2025-11-28 15:16:40
E1045,{32},A15,login,2025-11-05 00:53:32.000000,2025-11-06 10:17:17
E1046,{32},A15,api_call,2025-12-16 03:32:29.000000,2025-12-17 09:29:22
E1047,{33},A15,feature_call,2025-12-05 23:18:31.000000,2025-12-06 21:27:36
E1048,{33},A15,api_call,2025-11-03 15:04:51.000000,2025-11-04 11:23:08
E1049,{33},A15,login,2025-12-17 23:40:54.000000,2025-12-19 13:00:03
E1050,{33},A15,api_call,2025-11-05 16:10:50.000000,2025-11-06 14:56:53
E1051,{33},A15,export,2025-12-20 13:18:00.000000,2025-12-20 17:40:38
E1052,{33},A15,export,2025-11-15 07:02:33.000000,2025-11-16 18:05:31
E1053,{33},A15,login,2025-11-17 15:53:25.000000,2025-11-18 17:49:08
E1054,{33},A15,feature_call,2025-10-31 21:52:54.000000,2025-11-01 09:31:47
E1055,{33},A15,login,2025-11-11 20:00:12.000000,2025-11-12 21:27:22
E1056,{33},A15,export,2025-11-23 10:27:52.000000,2025-11-25 03:53:44
E1057,{33},A15,api_call,2025-11-02 11:53:20.000000,2025-11-02 12:45:05
E1058,{33},A15,feature_call,2025-12-20 03:33:31.000000,2025-12-21 18:51:21
E1059,{33},A15,login,2025-11-30 03:38:03.000000,2025-12-02 00:10:04
E1060,{33},A15,feature_call,2025-11-14 23:02:13.000000,2025-11-16 16:31:35
E1061,{33},A15,api_call,2025-12-07 00:50:12.000000,2025-12-07 04:58:07
E1062,{33},A15,login,2025-11-30 10:11:56.000000,2025-11-30 21:47:46
E1063,{33},A15,login,2025-11-14 01:03:32.000000,2025-11-14 20:10:48
E1064,{33},A15,login,2025-12-02 04:12:47.000000,2025-12-03 10:50:58
E1065,{33},A15,feature_call,2025-11-01 01:25:59.000000,2025-11-01 06:54:36
E1066,{33},A15,feature_call,2025-11-28 11:40:21.000000,2025-11-29 18:13:40
E1067,{33},A15,login,2025-11-01 03:21:37.000000,2025-11-01 09:06:02
E1068,{33},A15,login,2025-11-18 03:36:25.000000,2025-11-19 18:16:35
E1069,{33},A15,feature_call,2025-11-05 11:09:00.000000,2025-11-07 10:52:12
E1070,{33},A15,login,2025-11-23 19:42:20.000000,2025-11-25 04:43:11
E1071,{33},A15,api_call,2025-11-30 12:14:13.000000,2025-12-01 23:44:38
E1072,{33},A15,api_call,2025-11-18 07:45:38.000000,2025-11-19 02:11:35
E1073,{33},A15,api_call,2025-11-24 16:06:35.000000,2025-11-24 22:33:09
E1074,{33},A15,api_call,2025-11-15 06:05:03.000000,2025-11-16 05:20:21
E1075,{33},A15,feature_call,2025-10-31 15:25:48.000000,2025-11-02 13:08:40
E1076,{33},A15,feature_call,2025-12-24 15:38:18.000000,2025-12-25 18:50:27
E1077,{33},A15,login,2025-12-01 03:36:45.000000,2025-12-01 10:59:35
E1078,{33},A15,feature_call,2025-11-05 20:45:01.000000,2025-11-06 07:04:56
E1079,{34},A16,feature_call,2025-07-02 13:00:59.000000,2025-07-03 19:42:38
E1080,{34},A16,export,2025-12-14 20:31:37.000000,2025-12-15 07:29:43
E1081,{34},A16,api_call,2025-08-17 08:04:41.000000,2025-08-19 06:57:14
E1082,{34},A16,export,2025-10-11 10:07:49.000000,2025-10-11 19:33:55
E1083,{34},A16,login,2025-07-26 19:10:45.000000,2025-07-28 18:14:05
E1084,{34},A16,login,2025-09-15 22:23:29.000000,2025-09-17 09:25:18
E1085,{35},A16,login,2025-10-07 22:52:32.000000,2025-10-08 01:01:07
E1086,{35},A16,api_call,2025-06-24 06:12:29.000000,2025-06-25 09:00:47
E1087,{35},A16,export,2025-11-29 11:28:03.000000,2025-11-30 08:37:12
E1088,{35},A16,login,2025-09-13 12:15:51.000000,2025-09-14 16:43:54
E1089,{35},A16,login,2025-11-20 01:36:26.000000,2025-11-20 05:41:53
E1090,{35},A16,login,2025-09-10 06:03:15.000000,2025-09-10 20:15:43
E1091,{35},A16,feature_call,2025-09-04 10:33:46.000000,2025-09-06 10:01:43
E1092,{35},A16,login,2025-09-02 14:00:37.000000,2025-09-04 05:18:24
E1093,{34},A16,feature_call,2026-01-19 00:00:00.744223,2026-01-20 13:07:32
E1094,{34},A16,login,2026-01-19 00:00:00.788008,2026-01-20 20:40:16
E1095,{34},A16,export,2026-01-19 00:00:00.670907,2026-01-19 10:19:52
E1096,{34},A16,feature_call,2026-01-19 00:00:00.845343,2026-01-20 03:11:47
E1097,{34},A16,export,2026-01-19 00:00:00.263426,2026-01-20 02:34:57
E1098,{34},A16,feature_call,2026-01-19 00:00:00.953219,2026-01-20 17:08:58
E1099,{34},A16,feature_call,2026-01-19 00:00:00.486998,2026-01-20 03:12:18
E1100,{34},A16,export,2026-01-19 00:00:00.283515,2026-01-19 09:48:57
E1101,{34},A16,export,2026-01-19 00:00:00.553514,2026-01-19 00:33:28
E1102,{34},A16,login,2026-01-19 00:00:00.794220,2026-01-20 18:03:43
E1103,{34},A16,api_call,2026-01-19 00:00:00.178654,2026-01-20 15:22:29
E1104,{34},A16,export,2026-01-19 00:00:00.735804,2026-01-20 01:51:15
E1105,{35},A16,export,2026-01-19 00:00:00.561020,2026-01-20 13:05:46
E1106,{35},A16,login,2026-01-19 00:00:00.287394,2026-01-19 13:37:26
E1107,{35},A16,export,2026-01-19 00:00:00.748636,2026-01-20 05:25:24
E1108,{35},A16,api_call,2026-01-19 00:00:00.484392,2026-01-20 12:31:22
E1109,{35},A16,api_call,2026-01-19 00:00:00.022343,2026-01-20 22:39:24
E1110,{35},A16,feature_call,2026-01-19 00:00:00.539084,2026-01-20 03:04:12
E1111,{35},A16,login,2026-01-19 00:00:00.365014,2026-01-20 03:13:17
E1112,{35},A16,export,2026-01-19 00:00:00.958107,2026-01-20 07:11:32
E1113,{35},A16,api_call,2026-01-19 00:00:00.306986,2026-01-20 08:17:47
E1114,{35},A16,feature_call,2026-01-19 00:00:00.896546,2026-01-19 01:11:40
E1115,{35},A16,login,2026-01-19 00:00:00.428271,2026-01-19 10:52:01
E1116,{35},A16,export,2026-01-19 00:00:00.206125,2026-01-20 12:26:36
E1117,{35},A16,feature_call,2026-01-19 00:00:00.665734,2026-01-20 17:22:04
E1118,{35},A16,export,2026-01-19 00:00:00.359612,2026-01-20 14:09:36
E1119,{35},A16,login,2026-01-19 00:00:00.347605,2026-01-20 12:35:08
E1120,{35},A16,api_call,2026-01-19 00:00:00.268584,2026-01-19 18:31:06
E1121,{35},A16,api_call,2026-01-19 00:00:00.422936,2026-01-19 21:26:27
E1122,{35},A16,login,2026-01-19 00:00:00.926546,2026-01-20 13:31:22
E1123,{35},A16,export,2026-01-19 00:00:00.281281,2026-01-19 12:38:19
E1124,{35},A16,api_call,2026-01-19 00:00:00.053035,2026-01-19 13:32:12
E1125,{35},A16,export,2026-01-19 00:00:00.655218,2026-01-19 03:35:38
E1126,{35},A16,feature_call,2026-01-19 00:00:00.146641,2026-01-20 06:12:56
E1127,{35},A16,export,2026-01-19 00:00:00.553595,2026-01-19 11:57:39
E1128,{35},A16,export,2026-01-19 00:00:00.980385,2026-01-19 15:16:19
E1129,{35},A16,feature_call,2026-01-19 00:00:00.749190,2026-01-19 05:04:12
E1130,{35},A16,export,2026-01-19 00:00:00.010628,2026-01-20 21:25:34
E1131,{35},A16,feature_call,2026-01-19 00:00:00.092996,2026-01-20 17:28:31
E1132,{35},A16,login,2026-01-19 00:00:00.574720,2026-01-20 01:20:46
E1133,{35},A16,export,2026-01-19 00:00:00.494167,2026-01-19 16:28:35
E1134,{35},A16,api_call,2026-01-19 00:00:00.056225,2026-01-20 14:31:39
E1135,{35},A16,export,2026-01-19 00:00:00.771694,2026-01-19 20:35:14
E1136,{35},A16,export,2026-01-19 00:00:00.463650,2026-01-19 13:12:44
E1137,{35},A16,api_call,2026-01-19 00:00:00.037757,2026-01-20 07:23:47
E1138,{36},A17,export,2025-04-09 09:51:12.000000,2025-04-10 10:30:23
E1139,{36},A17,login,2025-04-14 08:41:29.000000,2025-04-14 20:16:14
E1140,{36},A17,feature_call,2025-07-20 10:43:25.000000,2025-07-20 17:29:20
E1141,{36},A17,api_call,2025-06-14 08:42:38.000000,2025-06-15 15:53:13
E1142,{36},A17,api_call,2025-08-26 10:50:20.000000,2025-08-26 20:26:29
E1143,{36},A17,export,2025-08-18 16:28:48.000000,2025-08-19 00:32:01
E1144,{36},A17,login,2025-07-17 10:52:31.000000,2025-07-17 10:52:33
E1145,{36},A17,export,2025-06-19 22:54:34.000000,2025-06-20 22:16:12
E1146,{36},A17,export,2025-08-24 19:52:49.000000,2025-08-25 11:28:35
E1147,{36},A17,api_call,2025-09-14 01:55:02.000000,2025-09-15 11:57:08
E1148,{36},A17,feature_call,2025-10-01 16:26:34.000000,2025-10-02 02:15:37
E1149,{36},A17,api_call,2025-11-06 12:45:21.000000,2025-11-06 17:22:10
E1150,{36},A17,feature_call,2025-10-31 23:00:29.000000,2025-11-01 11:40:38
E1151,{36},A17,export,2025-09-19 03:37:17.000000,2025-09-21 03:33:44
E1152,{36},A17,login,2025-11-11 02:50:58.000000,2025-11-11 13:03:15
E1153,{36},A17,login,2025-10-26 07:42:48.000000,2025-10-27 03:02:34
E1154,{36},A17,api_call,2025-11-04 23:38:20.000000,2025-11-05 07:32:45
E1155,{36},A17,feature_call,2025-10-30 08:08:22.000000,2025-10-31 03:49:57
E1156,{36},A17,feature_call,2025-10-13 11:50:42.000000,2025-10-13 17:19:00
E1157,{36},A17,api_call,2025-10-23 07:15:08.000000,2025-10-25 05:29:52
E1158,{36},A17,login,2025-09-22 03:17:52.000000,2025-09-22 11:01:31
E1159,{36},A17,export,2025-09-16 22:43:23.000000,2025-09-17 07:15:20
E1160,{36},A17,api_call,2025-11-05 09:49:05.000000,2025-11-05 12:28:52
E1161,{36},A17,api_call,2025-11-02 12:05:07.000000,2025-11-03 02:08:54
E1162,{36},A17,api_call,2025-09-19 10:27:45.000000,2025-09-21 03:31:57
E1163,{36},A17,login,2025-10-18 03:14:00.000000,2025-10-18 11:52:13
E1164,{36},A17,login,2025-09-30 01:04:20.000000,2025-10-02 00:42:23
E1165,{36},A17,api_call,2025-10-16 19:49:10.000000,2025-10-18 18:54:10
E1166,{36},A17,login,2025-11-04 22:50:05.000000,2025-11-05 02:13:29
E1167,{36},A17,login,2025-10-09 19:18:29.000000,2025-10-09 22:41:32
E1168,{36},A17,export,2025-09-30 02:03:52.000000,2025-10-01 04:35:47
E1169,{36},A17,login,2025-10-20 01:00:03.000000,2025-10-20 21:32:01
E1170,{36},A17,export,2025-10-05 07:33:43.000000,2025-10-05 15:53:23
E1171,{36},A17,login,2025-11-04 06:30:43.000000,2025-11-05 22:08:24
E1172,{36},A17,api_call,2025-09-20 15:35:53.000000,2025-09-21 09:45:19
E1173,{36},A17,export,2025-09-16 22:59:03.000000,2025-09-17 00:54:13
E1174,{36},A17,login,2025-10-04 02:23:18.000000,2025-10-05 11:45:30
E1175,{36},A17,export,2025-10-31 03:40:28.000000,2025-10-31 10:21:25
E1176,{36},A17,api_call,2025-10-28 16:21:08.000000,2025-10-30 02:06:51
E1177,{36},A17,api_call,2025-09-14 20:17:02.000000,2025-09-15 13:45:04
E1178,{36},A17,export,2025-09-29 17:27:59.000000,2025-09-30 03:37:56
E1179,{36},A17,login,2025-10-24 09:59:26.000000,2025-10-25 01:47:01
E1180,{36},A17,login,2025-10-11 21:41:47.000000,2025-10-13 18:14:22
E1181,{36},A17,export,2025-09-16 19:20:32.000000,2025-09-17 14:26:56
E1182,{36},A17,export,2025-11-06 15:47:55.000000,2025-11-07 23:11:52
E1183,{36},A17,login,2025-10-07 00:07:49.000000,2025-10-07 22:44:58
E1184,{36},A17,api_call,2025-10-01 16:43:17.000000,2025-10-02 15:08:07
E1185,{36},A17,api_call,2025-09-20 06:02:25.000000,2025-09-21 16:01:36
E1186,{36},A17,feature_call,2025-10-24 01:23:59.000000,2025-10-25 08:29:42
E1187,{36},A17,login,2025-10-05 12:47:56.000000,2025-10-06 14:08:30
E1188,{36},A17,feature_call,2025-09-15 16:24:19.000000,2025-09-16 14:02:21
E1189,{36},A17,login,2025-10-02 22:20:08.000000,2025-10-04 19:28:41
E1190,{37},A18,login,2025-08-28 00:32:22.000000,2025-08-28 15:58:19
E1191,{37},A18,login,2025-08-28 13:17:29.000000,2025-08-28 17:14:07
E1192,{37},A18,login,2025-07-23 01:26:48.000000,2025-07-23 04:13:56
E1193,{37},A18,feature_call,2025-05-09 21:09:13.000000,2025-05-11 16:24:41
E1194,{37},A18,feature_call,2025-07-15 22:12:07.000000,2025-07-17 13:19:41
E1195,{37},A18,feature_call,2025-04-23 22:19:06.000000,2025-04-24 10:47:25
E1196,{37},A18,export,2025-08-23 08:21:54.000000,2025-08-24 21:05:28
E1197,{37},A18,feature_call,2025-03-30 14:34:27.000000,2025-03-31 00:19:06
E1198,{37},A18,login,2025-08-21 11:39:50.000000,2025-08-23 05:05:30
E1199,{37},A18,feature_call,2025-04-03 10:24:41.000000,2025-04-04 00:48:38
E1200,{37},A18,feature_call,2025-07-12 20:06:32.000000,2025-07-13 15:04:34
E1201,{37},A18,login,2025-04-05 10:48:29.000000,2025-04-06 23:49:42
E1202,{37},A18,export,2025-06-13 19:33:12.000000,2025-06-14 06:55:54
E1203,{37},A18,api_call,2025-03-14 14:30:56.000000,2025-03-16 05:21:14
E1204,{37},A18,login,2025-05-25 12:11:11.000000,2025-05-26 23:21:54
E1205,{37},A18,api_call,2025-06-27 07:59:15.000000,2025-06-29 01:46:38
E1206,{37},A18,login,2025-03-25 21:53:07.000000,2025-03-27 03:51:26
E1207,{37},A18,api_call,2025-08-16 14:52:52.000000,2025-08-18 10:54:31
E1208,{37},A18,export,2025-06-26 15:20:59.000000,2025-06-26 22:55:22
E1209,{37},A18,export,2025-03-29 03:32:30.000000,2025-03-30 06:12:56
E1210,{37},A18,export,2025-07-29 19:55:21.000000,2025-07-31 09:36:47
E1211,{37},A18,login,2025-05-02 09:27:02.000000,2025-05-02 15:46:30
E1212,{37},A18,feature_call,2025-05-02 00:23:35.000000,2025-05-03 09:29:47
E1213,{37},A18,api_call,2025-07-20 10:14:57.000000,2025-07-22 00:34:32
E1214,{37},A18,api_call,2025-04-24 11:32:04.000000,2025-04-26 05:08:38
E1215,{37},A18,export,2025-06-16 15:43:12.000000,2025-06-17 10:59:53
E1216,{37},A18,export,2025-05-13 17:28:09.000000,2025-05-13 17:47:06
E1217,{37},A18,login,2025-03-02 20:43:53.000000,2025-03-04 02:41:45
E1218,{37},A18,api_call,2025-06-15 20:13:36.000000,2025-06-16 10:14:26
E1219,{37},A18,login,2025-07-09 06:55:50.000000,2025-07-09 07:06:06
E1220,{37},A18,export,2025-05-27 07:37:48.000000,2025-05-28 07:17:04
E1221,{37},A18,login,2025-04-10 02:55:01.000000,2025-04-10 15:11:55
E1222,{37},A18,feature_call,2025-05-20 12:09:55.000000,2025-05-22 09:50:51
E1223,{37},A18,export,2025-08-27 01:24:36.000000,2025-08-27 20:19:36
E1224,{37},A18,export,2025-05-24 08:21:48.000000,2025-05-24 12:19:49
E1225,{37},A18,login,2025-03-07 14:57:02.000000,2025-03-08 14:47:19
E1226,{37},A18,export,2025-08-18 18:02:52.000000,2025-08-19 17:34:29
E1227,{38},A18,export,2025-03-22 21:49:06.000000,2025-03-24 05:12:23
E1228,{38},A18,feature_call,2025-06-18 11:15:44.000000,2025-06-19 18:33:50
E1229,{38},A18,export,2025-03-02 16:44:12.000000,2025-03-04 02:46:24
E1230,{38},A18,api_call,2025-05-22 18:15:35.000000,2025-05-23 12:36:24
E1231,{38},A18,export,2025-08-02 10:15:17.000000,2025-08-02 22:55:07
E1232,{38},A18,login,2025-08-13 21:43:55.000000,2025-08-15 02:23:54
E1233,{38},A18,login,2025-07-06 11:13:09.000000,2025-07-06 17:32:53
E1234,{38},A18,login,2025-06-07 03:37:52.000000,2025-06-07 12:17:52
E1235,{38},A18,api_call,2025-06-12 16:11:13.000000,2025-06-13 04:34:29
E1236,{38},A18,login,2025-04-11 03:57:33.000000,2025-04-12 19:38:29
E1237,{38},A18,login,2025-03-06 13:26:14.000000,2025-03-06 14:45:44
E1238,{38},A18,feature_call,2025-07-17 02:29:08.000000,2025-07-17 11:03:51
E1239,{38},A18,export,2025-07-05 14:52:36.000000,2025-07-07 02:04:22
E1240,{38},A18,api_call,2025-08-26 01:47:38.000000,2025-08-27 18:48:13
E1241,{38},A18,api_call,2025-08-23 12:36:48.000000,2025-08-25 01:05:59
E1242,{38},A18,api_call,2025-07-05 11:13:41.000000,2025-07-05 15:50:27
E1243,{38},A18,feature_call,2025-07-12 10:18:51.000000,2025-07-13 10:07:35
E1244,{38},A18,api_call,2025-07-22 20:30:39.000000,2025-07-23 07:29:24
E1245,{38},A18,export,2025-06-16 18:51:42.000000,2025-06-17 09:29:27
E1246,{38},A18,export,2025-04-07 18:55:57.000000,2025-04-08 20:10:26
E1247,{38},A18,feature_call,2025-10-28 16:02:03.000000,2025-10-29 20:19:03
E1248,{38},A18,export,2025-09-04 11:09:35.000000,2025-09-05 13:44:19
E1249,{38},A18,login,2025-12-21 00:52:26.000000,2025-12-22 15:58:03
E1250,{38},A18,feature_call,2025-10-27 04:36:31.000000,2025-10-27 12:16:38
E1251,{38},A18,feature_call,2025-12-20 07:50:20.000000,2025-12-21 03:55:11
E1252,{38},A18,api_call,2025-09-21 22:08:43.000000,2025-09-23 11:57:37
E1253,{38},A18,export,2025-10-31 22:21:08.000000,2025-11-02 02:04:07
E1254,{38},A18,login,2025-11-26 06:26:52.000000,2025-11-26 15:16:06
E1255,{38},A18,feature_call,2025-11-17 21:57:01.000000,2025-11-19 13:12:31
E1256,{38},A18,feature_call,2025-12-28 14:28:06.000000,2025-12-28 18:36:15
E1257,{38},A18,export,2025-10-28 03:44:24.000000,2025-10-29 09:10:29
E1258,{38},A18,login,2025-09-12 23:31:02.000000,2025-09-13 15:10:32
E1259,{38},A18,login,2025-11-28 01:28:44.000000,2025-11-29 23:15:11
E1260,{38},A18,export,2025-09-19 04:07:42.000000,2025-09-20 14:14:30
E1261,{38},A18,export,2025-11-28 09:30:41.000000,2025-11-30 01:13:49
E1262,{38},A18,feature_call,2025-12-30 11:07:11.000000,2025-12-30 16:02:28
E1263,{38},A18,export,2025-10-09 01:22:38.000000,2025-10-10 17:41:49
E1264,{38},A18,login,2025-10-12 20:31:18.000000,2025-10-12 23:19:14
E1265,{38},A18,export,2025-10-22 12:14:46.000000,2025-10-23 13:20:07
E1266,{38},A18,login,2025-12-08 21:52:53.000000,2025-12-10 07:28:48
E1267,{38},A18,login,2025-11-01 01:57:04.000000,2025-11-02 04:48:54
E1268,{38},A18,export,2025-09-10 04:40:11.000000,2025-09-11 04:33:34
E1269,{38},A18,api_call,2025-11-19 15:29:23.000000,2025-11-20 06:32:10
E1270,{38},A18,export,2025-10-14 02:05:58.000000,2025-10-15 22:14:58
E1271,{38},A18,feature_call,2025-11-20 14:41:10.000000,2025-11-21 10:19:53
E1272,{38},A18,export,2025-09-27 16:24:05.000000,2025-09-27 23:34:01
E1273,{38},A18,api_call,2025-10-24 01:21:17.000000,2025-10-25 22:52:13
E1274,{38},A18,api_call,2025-12-24 20:18:33.000000,2025-12-25 12:40:58
E1275,{38},A18,api_call,2025-12-06 07:50:48.000000,2025-12-06 08:26:35
E1276,{38},A18,api_call,2025-12-02 17:43:22.000000,2025-12-03 08:14:58
E1277,{38},A18,api_call,2025-10-28 13:50:14.000000,2025-10-28 15:36:33
E1278,{38},A18,feature_call,2025-12-20 13:47:19.000000,2025-12-21 20:36:18
E1279,{38},A18,feature_call,2025-12-21 16:33:42.000000,2025-12-22 20:34:24
E1280,{38},A18,export,2025-11-09 22:36:58.000000,2025-11-10 19:25:41
E1281,{38},A18,api_call,2025-11-10 22:29:04.000000,2025-11-12 15:50:01
E1282,{38},A18,login,2025-12-16 23:44:04.000000,2025-12-17 17:15:19
E1283,{38},A18,login,2025-10-13 19:45:47.000000,2025-10-14 19:10:23
E1284,{38},A18,export,2025-11-19 12:21:01.000000,2025-11-21 09:10:18
E1285,{39},A19,feature_call,2025-06-26 06:01:43.000000,2025-06-27 21:19:42
E1286,{39},A19,export,2025-10-23 18:26:09.000000,2025-10-25 14:31:58
E1287,{39},A19,feature_call,2025-12-16 19:33:08.000000,2025-12-17 06:35:24
E1288,{39},A19,export,2025-09-03 02:31:36.000000,2025-09-03 22:22:49
E1289,{39},A19,login,2025-11-21 04:41:15.000000,2025-11-21 19:56:49
E1290,{39},A19,export,2026-01-01 11:05:47.000000,2026-01-03 09:27:19
E1291,{39},A19,export,2025-12-20 17:10:03.000000,2025-12-21 06:11:19
E1292,{39},A19,login,2025-11-26 14:22:54.000000,2025-11-28 00:22:41
E1293,{39},A19,api_call,2026-01-13 09:22:04.000000,2026-01-15 08:30:10
E1294,{39},A19,api_call,2026-01-29 02:48:05.000000,2026-01-31 01:59:36
E1295,{39},A19,api_call,2026-01-22 00:48:43.000000,2026-01-23 14:01:22
E1296,{39},A19,api_call,2026-01-09 20:35:01.000000,2026-01-11 04:44:17
E1297,{39},A19,export,2025-12-09 04:42:26.000000,2025-12-11 03:52:50
E1298,{39},A19,feature_call,2025-12-28 04:22:02.000000,2025-12-30 04:01:54
E1299,{39},A19,login,2025-11-28 23:21:26.000000,2025-11-29 19:25:02
E1300,{39},A19,api_call,2026-01-17 20:45:35.000000,2026-01-17 23:50:49
E1301,{39},A19,login,2025-10-30 05:44:35.000000,2025-11-01 04:56:28
E1302,{39},A19,login,2025-12-12 04:12:15.000000,2025-12-13 01:11:33
E1303,{39},A19,export,2025-11-03 22:58:30.000000,2025-11-04 18:57:39
E1304,{39},A19,api_call,2025-10-27 20:11:51.000000,2025-10-29 05:09:19
E1305,{39},A19,export,2025-10-30 10:21:31.000000,2025-11-01 06:10:47
E1306,{39},A19,login,2026-01-05 08:34:52.000000,2026-01-06 15:28:57
E1307,{39},A19,export,2025-10-23 14:45:12.000000,2025-10-25 13:47:27
E1308,{39},A19,login,2026-01-19 14:23:36.000000,2026-01-20 12:30:00
E1309,{39},A19,login,2025-11-29 14:50:02.000000,2025-11-30 13:07:18
E1310,{39},A19,export,2025-10-16 01:35:39.000000,2025-10-18 00:52:47
E1311,{39},A19,feature_call,2025-12-31 10:06:41.000000,2025-12-31 12:46:25
E1312,{39},A19,login,2026-01-07 08:20:22.000000,2026-01-07 20:43:01
E1313,{39},A19,login,2025-10-22 06:13:04.000000,2025-10-23 19:41:03
E1314,{39},A19,login,2025-11-29 01:57:46.000000,2025-11-30 21:42:32
E1315,{39},A19,export,2025-10-24 18:06:42.000000,2025-10-25 17:29:25
E1316,{39},A19,export,2025-12-04 14:11:07.000000,2025-12-05 14:23:53
E1317,{39},A19,api_call,2025-10-26 20:30:30.000000,2025-10-28 17:03:34
E1318,{39},A19,export,2025-11-07 16:06:50.000000,2025-11-09 04:27:24
E1319,{39},A19,export,2025-11-05 12:37:06.000000,2025-11-07 06:33:43
E1320,{39},A19,api_call,2025-11-14 19:24:42.000000,2025-11-16 00:44:45
E1321,{39},A19,feature_call,2026-01-10 20:53:06.000000,2026-01-11 23:58:58
E1322,{39},A19,feature_call,2025-10-31 07:46:02.000000,2025-10-31 17:16:05
E1323,{39},A19,feature_call,2025-11-18 08:53:12.000000,2025-11-18 13:21:55
E1324,{39},A19,api_call,2025-12-29 10:18:08.000000,2025-12-31 04:35:35
E1325,{39},A19,export,2026-01-13 03:28:24.000000,2026-01-14 21:22:03
E1326,{39},A19,export,2026-01-11 16:06:42.000000,2026-01-12 09:51:09
E1327,{39},A19,login,2026-01-09 16:04:09.000000,2026-01-10 01:45:22
E1328,{39},A19,login,2025-12-01 07:15:50.000000,2025-12-01 17:49:36
E1329,{39},A19,login,2025-12-19 05:37:16.000000,2025-12-20 12:49:39
E1330,{39},A19,feature_call,2025-10-27 21:36:20.000000,2025-10-29 19:12:00
E1331,{39},A19,login,2025-12-17 00:22:38.000000,2025-12-17 18:16:32
E1332,{39},A19,export,2025-11-18 19:00:26.000000,2025-11-19 05:25:44
E1333,{39},A19,api_call,2026-01-18 16:51:51.000000,2026-01-19 22:45:46
E1334,{39},A19,export,2026-01-24 11:37:02.000000,2026-01-25 00:27:16
E1335,{39},A19,feature_call,2025-12-10 01:19:55.000000,2025-12-11 13:47:02
E1336,{39},A19,export,2025-10-31 09:44:33.000000,2025-11-01 23:44:23
E1337,{39},A19,api_call,2025-11-19 07:26:10.000000,2025-11-20 19:15:32
E1338,{39},A19,feature_call,2025-12-03 10:48:04.000000,2025-12-04 17:05:56
E1339,{39},A19,export,2025-12-30 19:23:34.000000,2025-12-31 16:02:40
E1340,{39},A19,export,2025-12-07 09:41:05.000000,2025-12-08 03:05:08
E1341,{39},A19,api_call,2025-12-20 22:30:07.000000,2025-12-22 19:30:49
E1342,{39},A19,feature_call,2025-12-29 01:25:21.000000,2025-12-29 10:15:25
E1343,{39},A19,export,2026-01-08 03:14:36.000000,2026-01-09 21:19:45
E1344,{39},A19,login,2025-10-22 02:53:40.000000,2025-10-22 21:56:24
E1345,{39},A19,export,2026-01-19 16:33:14.000000,2026-01-20 08:37:29
E1346,{39},A19,login,2025-12-10 06:03:49.000000,2025-12-10 13:52:32
E1347,{39},A19,feature_call,2025-11-01 09:01:11.000000,2025-11-03 04:31:15
E1348,{39},A19,login,2026-01-14 10:31:04.000000,2026-01-16 00:31:07
E1349,{39},A19,login,2025-11-10 00:42:06.000000,2025-11-11 13:31:11
E1350,{39},A19,api_call,2025-10-26 14:26:23.000000,2025-10-28 09:02:43
E1351,{39},A19,api_call,2025-12-05 08:49:56.000000,2025-12-06 19:54:00
E1352,{39},A19,export,2025-12-25 21:38:34.000000,2025-12-26 11:01:27
E1353,{39},A19,api_call,2025-10-22 02:41:17.000000,2025-10-23 02:15:50
E1354,{39},A19,feature_call,2025-11-09 18:14:20.000000,2025-11-11 13:01:47
E1355,{39},A19,login,2026-01-18 12:13:30.000000,2026-01-19 16:41:25
E1356,{40},A20,feature_call,2025-08-29 05:15:25.000000,2025-08-30 22:20:34
E1357,{40},A20,login,2025-06-12 18:39:42.000000,2025-06-13 14:46:32
E1358,{40},A20,api_call,2025-06-01 22:37:59.000000,2025-06-03 19:17:29
E1359,{40},A20,api_call,2025-10-01 14:24:18.000000,2025-10-02 20:36:16
E1360,{40},A20,api_call,2025-09-04 12:18:22.000000,2025-09-05 16:34:41
E1361,{40},A20,api_call,2025-05-30 00:57:22.000000,2025-05-31 14:16:13
E1362,{40},A20,api_call,2025-07-15 21:48:10.000000,2025-07-17 19:37:47
E1363,{40},A20,login,2025-11-11 08:04:37.000000,2025-11-12 04:22:03
E1364,{40},A20,feature_call,2025-09-25 02:15:29.000000,2025-09-25 16:25:53
E1365,{40},A20,feature_call,2025-11-09 17:00:48.000000,2025-11-11 04:00:16
E1366,{40},A20,feature_call,2025-06-05 17:24:10.000000,2025-06-06 06:01:22
E1367,{40},A20,login,2025-06-16 15:53:24.000000,2025-06-17 04:41:08
E1368,{40},A20,api_call,2025-08-04 22:01:28.000000,2025-08-05 14:47:26
E1369,{40},A20,export,2025-12-08 20:07:22.000000,2025-12-10 03:48:28
E1370,{40},A20,login,2025-06-11 05:31:53.000000,2025-06-12 04:28:31
E1371,{40},A20,login,2026-01-04 01:30:15.000000,2026-01-05 15:37:47
E1372,{40},A20,feature_call,2025-06-25 03:31:07.000000,2025-06-25 11:35:12
E1373,{40},A20,api_call,2025-11-02 04:09:04.000000,2025-11-03 09:26:41
E1374,{40},A20,feature_call,2025-08-14 21:11:25.000000,2025-08-16 18:50:07
E1375,{40},A20,feature_call,2025-12-03 23:43:31.000000,2025-12-05 12:43:49
E1376,{40},A20,export,2025-06-14 21:30:16.000000,2025-06-16 21:12:32
E1377,{40},A20,api_call,2025-06-10 11:00:20.000000,2025-06-12 07:19:59
E1378,{40},A20,feature_call,2025-09-12 17:01:38.000000,2025-09-13 11:17:58
E1379,{40},A20,feature_call,2025-07-01 10:35:22.000000,2025-07-01 17:06:17
E1380,{40},A20,api_call,2025-09-02 22:37:28.000000,2025-09-04 12:20:13
E1381,{40},A20,api_call,2025-06-17 18:36:01.000000,2025-06-18 10:41:51
E1382,{40},A20,export,2025-10-26 19:16:12.000000,2025-10-28 00:55:11
E1383,{40},A20,feature_call,2025-12-05 20:42:44.000000,2025-12-06 01:47:27
E1384,{40},A20,api_call,2025-12-22 23:50:11.000000,2025-12-24 02:51:28
E1385,{40},A20,api_call,2025-09-18 12:39:41.000000,2025-09-19 15:38:06
E1386,{40},A20,api_call,2025-05-21 04:42:49.000000,2025-05-22 08:39:27
E1387,{40},A20,login,2025-10-25 14:31:48.000000,2025-10-27 05:08:01
E1388,{40},A20,export,2026-01-23 12:41:57.000000,2026-01-25 08:58:43
E1389,{40},A20,feature_call,2025-12-01 02:40:21.000000,2025-12-02 16:56:00
E1390,{40},A20,feature_call,2025-12-23 17:05:19.000000,2025-12-24 23:40:11
E1391,{40},A20,api_call,2025-11-15 19:42:39.000000,2025-11-17 15:16:05
E1392,{40},A20,api_call,2025-11-29 08:50:53.000000,2025-11-30 17:08:18
E1393,{40},A20,export,2025-11-28 06:06:07.000000,2025-11-29 09:54:31
E1394,{40},A20,feature_call,2025-09-23 23:04:30.000000,2025-09-25 04:55:41
E1395,{40},A20,login,2025-09-13 04:34:05.000000,2025-09-13 20:59:39
E1396,{40},A20,export,2025-09-29 21:17:10.000000,2025-10-01 02:39:41
E1397,{40},A20,feature_call,2025-11-09 16:02:38.000000,2025-11-09 20:49:11
E1398,{41},A21,api_call,2025-07-10 17:14:36.000000,2025-07-12 09:42:47
E1399,{41},A21,feature_call,2025-06-23 07:22:50.000000,2025-06-25 07:02:50
E1400,{41},A21,api_call,2025-06-16 03:06:46.000000,2025-06-16 14:51:59
E1401,{41},A21,export,2025-06-17 15:06:15.000000,2025-06-19 11:52:19
E1402,{41},A21,export,2025-06-20 05:59:40.000000,2025-06-20 17:20:16
E1403,{41},A21,feature_call,2025-06-21 06:48:57.000000,2025-06-21 08:46:28
E1404,{41},A21,login,2025-06-17 05:05:10.000000,2025-06-18 16:57:18
E1405,{41},A21,export,2025-06-29 11:39:52.000000,2025-06-30 14:53:47
E1406,{41},A21,login,2026-01-22 17:22:36.000000,2026-01-23 19:02:25
E1407,{41},A21,login,2025-11-17 08:10:51.000000,2025-11-18 08:55:13
E1408,{41},A21,feature_call,2025-10-18 07:39:15.000000,2025-10-18 13:48:10
E1409,{41},A21,export,2025-08-22 07:12:14.000000,2025-08-23 01:17:46
E1410,{41},A21,login,2025-11-05 22:23:13.000000,2025-11-07 08:08:21
E1411,{41},A21,login,2026-01-29 04:59:44.000000,2026-01-30 21:15:05
E1412,{41},A21,login,2025-12-21 18:57:25.000000,2025-12-22 05:19:30
E1413,{41},A21,api_call,2026-01-08 23:19:14.000000,2026-01-10 05:43:30
E1414,{42},A22,export,2025-12-24 06:35:46.000000,2025-12-24 08:56:09
E1415,{42},A22,feature_call,2025-12-04 02:52:37.000000,2025-12-04 10:30:27
E1416,{42},A22,api_call,2025-02-26 21:39:37.000000,2025-02-27 12:30:56
E1417,{42},A22,login,2025-12-08 15:53:09.000000,2025-12-10 00:06:55
E1418,{42},A22,login,2025-08-31 08:23:42.000000,2025-09-02 06:49:04
E1419,{42},A22,login,2025-06-07 04:06:08.000000,2025-06-08 02:29:12
E1420,{42},A22,login,2025-04-19 06:23:55.000000,2025-04-20 01:12:23
E1421,{42},A22,feature_call,2025-08-21 08:59:48.000000,2025-08-21 17:18:25
E1422,{42},A22,login,2025-09-08 16:55:11.000000,2025-09-09 10:34:12
E1423,{42},A22,api_call,2025-08-19 23:51:15.000000,2025-08-21 06:56:07
E1424,{42},A22,login,2025-06-14 10:23:01.000000,2025-06-14 13:54:34
E1425,{42},A22,feature_call,2025-05-24 21:35:27.000000,2025-05-26 15:14:37
E1426,{42},A22,feature_call,2026-01-04 13:43:25.000000,2026-01-06 07:48:33
E1427,{42},A22,api_call,2025-12-20 11:38:41.000000,2025-12-22 03:35:24
E1428,{42},A22,api_call,2025-08-22 14:14:29.000000,2025-08-22 20:32:35
E1429,{43},A22,export,2025-03-02 09:14:19.000000,2025-03-02 18:12:30
E1430,{43},A22,api_call,2025-11-24 09:18:03.000000,2025-11-26 05:04:58
E1431,{43},A22,api_call,2025-08-15 19:52:00.000000,2025-08-16 07:23:05
E1432,{43},A22,login,2025-02-20 08:35:18.000000,2025-02-21 01:34:19
E1433,{43},A22,api_call,2025-09-29 13:07:26.000000,2025-10-01 05:01:22
E1434,{43},A22,login,2025-11-01 15:51:45.000000,2025-11-02 13:04:36
E1435,{43},A22,api_call,2025-10-06 16:15:23.000000,2025-10-08 01:18:12
E1436,{43},A22,api_call,2025-04-16 00:31:15.000000,2025-04-16 02:22:29
E1437,{43},A22,api_call,2025-11-06 00:38:53.000000,2025-11-07 14:57:03
E1438,{43},A22,login,2025-04-21 06:56:36.000000,2025-04-21 14:30:37
E1439,{43},A22,api_call,2025-06-30 22:04:48.000000,2025-07-01 13:50:05
E1440,{43},A22,login,2025-08-08 00:04:16.000000,2025-08-09 03:27:03
E1441,{43},A22,login,2025-02-28 23:23:23.000000,2025-03-01 23:46:21
E1442,{43},A22,feature_call,2025-08-07 19:41:31.000000,2025-08-09 04:53:00
E1443,{43},A22,feature_call,2025-03-19 06:21:34.000000,2025-03-20 04:50:15
E1444,{43},A22,api_call,2025-03-24 18:04:42.000000,2025-03-25 19:50:10
E1445,{43},A22,api_call,2025-10-09 04:33:24.000000,2025-10-10 02:10:47
E1446,{43},A22,export,2025-03-14 14:50:35.000000,2025-03-14 19:09:12
E1447,{43},A22,export,2025-08-14 14:58:42.000000,2025-08-15 15:33:44
E1448,{43},A22,api_call,2025-09-22 06:48:31.000000,2025-09-23 01:57:57
E1449,{43},A22,login,2026-01-03 10:06:24.000000,2026-01-04 11:58:07
E1450,{43},A22,login,2025-07-18 01:31:23.000000,2025-07-18 12:24:49
E1451,{43},A22,feature_call,2025-10-15 21:53:50.000000,2025-10-16 03:09:46
E1452,{43},A22,api_call,2025-10-03 16:54:19.000000,2025-10-04 00:20:58
E1453,{43},A22,login,2025-09-06 06:25:37.000000,2025-09-06 21:31:15
E1454,{43},A22,export,2025-10-17 16:41:40.000000,2025-10-18 19:35:11
E1455,{43},A22,login,2025-04-10 06:49:46.000000,2025-04-12 02:46:40
E1456,{43},A22,login,2025-09-19 05:59:54.000000,2025-09-19 11:11:49
E1457,{43},A22,api_call,2025-08-18 19:35:12.000000,2025-08-20 16:44:35
E1458,{43},A22,api_call,2025-07-13 09:38:46.000000,2025-07-14 10:59:45
E1459,{43},A22,export,2025-05-12 02:57:20.000000,2025-05-13 18:22:23
E1460,{43},A22,login,2025-10-01 21:44:49.000000,2025-10-03 04:38:06
E1461,{43},A22,login,2025-09-30 23:59:20.000000,2025-10-01 16:54:52
E1462,{43},A22,export,2025-09-08 04:03:02.000000,2025-09-09 02:32:48
E1463,{43},A22,login,2025-08-13 23:10:46.000000,2025-08-14 19:59:02
E1464,{43},A22,export,2025-02-18 01:26:11.000000,2025-02-19 18:37:37
E1465,{45},A23,login,2026-02-15 15:41:13.000000,2026-02-16 01:08:07
E1466,{45},A23,feature_call,2026-01-20 10:15:44.000000,2026-01-21 18:47:33
E1467,{45},A23,feature_call,2026-03-22 07:47:38.000000,2026-03-23 03:38:47
E1468,{45},A23,export,2026-06-22 15:15:34.000000,2026-06-22 19:54:44
E1469,{45},A23,export,2026-03-31 09:35:54.000000,2026-04-02 00:57:25
E1470,{45},A23,feature_call,2026-04-04 14:32:13.000000,2026-04-04 15:58:33
E1471,{45},A23,feature_call,2026-01-14 01:26:20.000000,2026-01-15 04:55:21
E1472,{45},A23,api_call,2026-06-24 10:49:34.000000,2026-06-24 22:29:41
E1473,{45},A23,export,2026-06-24 10:52:04.000000,2026-06-25 18:52:43
E1474,{45},A23,feature_call,2026-05-09 05:27:17.000000,2026-05-10 16:37:42
E1475,{45},A23,login,2026-05-20 04:39:33.000000,2026-05-20 06:27:19
E1476,{45},A23,feature_call,2026-01-20 05:43:18.000000,2026-01-20 20:56:05
E1477,{45},A23,feature_call,2026-04-16 21:17:49.000000,2026-04-18 11:18:09
E1478,{45},A23,export,2026-03-20 23:54:51.000000,2026-03-21 15:24:31
E1479,{45},A23,login,2026-04-20 06:47:27.000000,2026-04-20 19:44:49
E1480,{45},A23,feature_call,2026-06-17 23:03:28.000000,2026-06-18 00:04:05
E1481,{45},A23,feature_call,2026-05-28 03:27:59.000000,2026-05-29 16:21:15
E1482,{45},A23,export,2026-02-19 21:30:55.000000,2026-02-21 06:55:21
E1483,{46},A24,login,2025-05-02 21:23:03.000000,2025-05-02 23:26:01
E1484,{46},A24,api_call,2025-06-27 19:11:52.000000,2025-06-29 05:35:30
E1485,{46},A24,login,2025-07-29 23:40:36.000000,2025-07-30 01:49:57
E1486,{46},A24,feature_call,2025-07-19 04:10:40.000000,2025-07-20 13:22:04
E1487,{46},A24,api_call,2025-04-27 17:58:28.000000,2025-04-29 01:29:10
E1488,{46},A24,login,2025-10-13 14:34:10.000000,2025-10-14 00:59:24
E1489,{46},A24,login,2025-08-27 19:05:09.000000,2025-08-28 00:00:45
E1490,{47},A24,feature_call,2025-10-21 03:43:57.000000,2025-10-21 12:41:48
E1491,{47},A24,api_call,2025-06-22 05:47:16.000000,2025-06-23 08:37:15
E1492,{47},A24,api_call,2025-05-15 23:01:43.000000,2025-05-16 19:43:45
E1493,{47},A24,api_call,2025-10-07 13:32:42.000000,2025-10-08 20:12:25
E1494,{47},A24,export,2025-04-28 15:34:05.000000,2025-04-29 17:13:50
E1495,{47},A24,api_call,2025-07-07 08:25:41.000000,2025-07-08 18:16:16
E1496,{47},A24,export,2025-08-14 17:08:35.000000,2025-08-14 21:39:02
E1497,{47},A24,export,2025-06-04 16:13:15.000000,2025-06-06 04:09:06
E1498,{47},A24,export,2025-06-27 21:03:50.000000,2025-06-28 18:16:10
E1499,{47},A24,feature_call,2025-09-30 10:16:07.000000,2025-09-30 16:30:05
E1500,{48},A25,export,2025-08-12 07:56:40.000000,2025-08-14 00:44:00
E1501,{48},A25,login,2025-07-19 04:06:07.000000,2025-07-19 04:56:38
E1502,{48},A25,export,2025-07-26 11:07:03.000000,2025-07-28 03:52:52
E1503,{48},A25,feature_call,2025-08-15 17:43:24.000000,2025-08-17 10:32:27
E1504,{48},A25,login,2025-10-01 11:38:45.000000,2025-10-02 19:21:28
E1505,{48},A25,export,2025-09-11 16:30:14.000000,2025-09-12 13:27:10
E1506,{48},A25,export,2025-08-31 17:57:45.000000,2025-09-02 04:42:24
E1507,{48},A25,export,2025-11-16 10:19:06.000000,2025-11-17 18:49:14
E1508,{48},A25,api_call,2025-05-25 06:13:48.000000,2025-05-26 22:56:14
E1509,{48},A25,feature_call,2025-07-29 02:23:50.000000,2025-07-29 11:16:33
E1510,{48},A25,login,2025-10-23 12:09:01.000000,2025-10-25 00:06:29
E1511,{48},A25,feature_call,2025-07-02 09:18:21.000000,2025-07-02 20:19:30
E1512,{49},A25,api_call,2025-06-23 23:36:37.000000,2025-06-25 08:34:27
E1513,{49},A25,api_call,2025-05-30 04:54:02.000000,2025-06-01 03:39:50
E1514,{49},A25,api_call,2025-08-13 13:23:11.000000,2025-08-14 16:38:08
E1515,{49},A25,export,2025-07-02 04:10:10.000000,2025-07-03 02:13:04
E1516,{49},A25,export,2025-08-19 18:15:28.000000,2025-08-21 05:04:08
E1517,{49},A25,export,2025-10-11 16:27:10.000000,2025-10-12 06:23:33
E1518,{49},A25,api_call,2025-08-15 03:02:13.000000,2025-08-16 23:05:11
E1519,{48},A25,export,2026-01-31 15:04:40.000000,2026-01-31 19:46:33
E1520,{48},A25,api_call,2025-12-04 13:23:42.000000,2025-12-05 01:05:23
E1521,{48},A25,login,2025-12-12 20:20:52.000000,2025-12-14 10:11:40
E1522,{48},A25,login,2026-01-16 04:33:51.000000,2026-01-16 22:03:43
E1523,{48},A25,export,2026-02-11 08:47:21.000000,2026-02-12 17:08:53
E1524,{48},A25,api_call,2026-01-04 15:09:55.000000,2026-01-06 04:38:17
E1525,{48},A25,login,2026-02-02 21:50:56.000000,2026-02-03 01:59:45
E1526,{48},A25,login,2026-02-05 05:13:09.000000,2026-02-05 17:55:41
E1527,{48},A25,api_call,2026-02-07 02:05:46.000000,2026-02-09 00:58:59
E1528,{48},A25,login,2026-02-11 08:23:10.000000,2026-02-12 15:51:56
E1529,{48},A25,login,2026-01-05 14:52:48.000000,2026-01-07 12:33:29
E1530,{48},A25,login,2026-01-16 06:33:42.000000,2026-01-17 07:30:55
E1531,{48},A25,export,2026-02-19 01:15:48.000000,2026-02-19 18:34:14
E1532,{48},A25,feature_call,2026-01-07 08:36:17.000000,2026-01-08 11:23:02
E1533,{48},A25,api_call,2026-01-19 15:05:43.000000,2026-01-20 00:25:44
E1534,{48},A25,export,2026-01-22 15:24:08.000000,2026-01-23 15:54:10
E1535,{48},A25,feature_call,2025-12-26 14:25:59.000000,2025-12-27 08:28:15
E1536,{48},A25,export,2025-12-19 23:21:59.000000,2025-12-20 21:31:34
E1537,{48},A25,export,2026-01-22 02:18:08.000000,2026-01-23 10:34:50
E1538,{48},A25,api_call,2026-01-30 23:06:41.000000,2026-02-01 17:39:30
E1539,{48},A25,api_call,2025-12-30 14:07:42.000000,2025-12-30 20:47:35
E1540,{48},A25,login,2026-02-07 04:36:38.000000,2026-02-08 20:52:00
E1541,{48},A25,feature_call,2026-02-12 15:26:08.000000,2026-02-13 02:37:31
E1542,{48},A25,feature_call,2025-12-20 00:40:15.000000,2025-12-21 03:40:26
E1543,{48},A25,api_call,2025-12-13 07:08:26.000000,2025-12-14 08:20:54
E1544,{48},A25,api_call,2025-12-07 17:23:58.000000,2025-12-08 16:00:06
E1545,{48},A25,login,2026-01-24 20:02:59.000000,2026-01-25 17:41:53
E1546,{48},A25,login,2026-02-18 21:00:18.000000,2026-02-19 09:49:26
E1547,{48},A25,api_call,2025-12-05 14:42:29.000000,2025-12-07 09:48:36
E1548,{48},A25,feature_call,2026-01-15 16:21:21.000000,2026-01-17 15:36:51
E1549,{48},A25,export,2025-12-31 17:16:32.000000,2026-01-01 14:45:28
E1550,{48},A25,export,2026-01-12 14:36:46.000000,2026-01-14 05:40:11
E1551,{48},A25,login,2026-02-16 21:35:10.000000,2026-02-17 18:31:05
E1552,{48},A25,login,2026-03-19 18:47:59.000000,2026-03-20 02:26:57
E1553,{48},A25,api_call,2026-03-18 19:15:26.000000,2026-03-19 02:42:09
E1554,{48},A25,export,2026-03-23 02:46:51.000000,2026-03-24 16:38:27
E1555,{48},A25,login,2026-03-17 21:43:12.000000,2026-03-18 09:26:21
E1556,{48},A25,feature_call,2026-03-08 23:30:29.000000,2026-03-09 19:25:41
E1557,{48},A25,api_call,2026-03-03 13:34:34.000000,2026-03-04 15:25:03
E1558,{48},A25,export,2026-02-26 17:59:17.000000,2026-02-28 15:11:28
E1559,{48},A25,login,2026-03-22 22:21:25.000000,2026-03-23 14:52:33
E1560,{48},A25,export,2026-02-28 05:44:47.000000,2026-03-01 23:43:32
E1561,{48},A25,api_call,2026-03-16 00:40:02.000000,2026-03-17 04:39:17
E1562,{48},A25,feature_call,2026-03-18 08:57:13.000000,2026-03-19 08:23:39
E1563,{48},A25,api_call,2026-02-28 22:17:29.000000,2026-03-02 22:06:36
E1564,{48},A25,export,2026-03-22 18:16:58.000000,2026-03-24 16:17:20
E1565,{48},A25,login,2026-03-15 10:52:43.000000,2026-03-16 09:21:05
E1566,{48},A25,api_call,2026-03-14 07:24:13.000000,2026-03-16 06:07:44
E1567,{48},A25,api_call,2026-03-11 21:58:00.000000,2026-03-13 16:34:28
E1568,{48},A25,api_call,2026-03-16 07:22:46.000000,2026-03-18 06:40:32
E1569,{48},A25,login,2026-03-25 17:34:13.000000,2026-03-26 12:22:28
E1570,{48},A25,api_call,2026-02-25 12:44:25.000000,2026-02-26 08:12:29
E1571,{48},A25,api_call,2026-03-02 13:31:00.000000,2026-03-03 05:43:21
E1572,{48},A25,feature_call,2026-03-12 23:26:10.000000,2026-03-14 21:35:51
E1573,{48},A25,api_call,2026-03-15 17:58:40.000000,2026-03-17 06:50:20
E1574,{48},A25,login,2026-03-23 11:14:23.000000,2026-03-23 19:35:50
E1575,{48},A25,api_call,2026-03-16 12:35:48.000000,2026-03-17 10:03:19
E1576,{48},A25,feature_call,2026-03-11 20:56:05.000000,2026-03-13 19:38:09
E1577,{48},A25,export,2026-03-04 04:23:46.000000,2026-03-05 11:43:33
E1578,{48},A25,api_call,2026-03-05 09:34:53.000000,2026-03-05 09:53:46
E1579,{48},A25,login,2026-02-25 05:07:14.000000,2026-02-26 00:56:16
E1580,{48},A25,login,2026-03-25 23:31:46.000000,2026-03-26 22:23:02
E1581,{48},A25,login,2026-03-15 13:00:34.000000,2026-03-16 12:06:38
E1582,{48},A25,login,2026-03-17 16:00:54.000000,2026-03-18 01:21:32
E1583,{48},A25,feature_call,2026-03-17 02:52:13.000000,2026-03-18 02:29:10
E1584,{48},A25,login,2026-03-22 16:13:24.000000,2026-03-23 17:16:08
E1585,{48},A25,feature_call,2026-03-10 18:58:59.000000,2026-03-11 20:06:20
E1586,{48},A25,api_call,2026-02-27 02:17:29.000000,2026-02-28 13:29:38
E1587,{48},A25,login,2026-03-07 22:23:29.000000,2026-03-08 11:51:01
E1588,{48},A25,feature_call,2026-02-28 20:20:19.000000,2026-03-01 11:01:36
E1589,{48},A25,login,2026-03-04 17:59:30.000000,2026-03-05 09:36:23
E1590,{48},A25,api_call,2026-03-15 05:23:56.000000,2026-03-17 00:09:52
E1591,{48},A25,api_call,2026-03-18 00:13:08.000000,2026-03-19 18:33:24
E1592,{48},A25,export,2026-03-23 13:02:14.000000,2026-03-24 10:27:32
E1593,{48},A25,export,2026-03-10 12:17:50.000000,2026-03-11 13:47:50
E1594,{48},A25,export,2026-03-08 08:23:56.000000,2026-03-08 23:48:08
E1595,{48},A25,feature_call,2026-03-20 15:15:04.000000,2026-03-22 05:19:57
E1596,{48},A25,api_call,2026-03-02 09:34:28.000000,2026-03-02 14:31:20
E1597,{48},A25,export,2026-03-16 11:34:12.000000,2026-03-17 06:04:42
E1598,{48},A25,feature_call,2026-03-23 13:18:32.000000,2026-03-25 06:14:29
E1599,{48},A25,login,2026-03-22 06:40:05.000000,2026-03-23 04:03:28
E1600,{48},A25,feature_call,2026-03-25 10:06:56.000000,2026-03-26 05:52:17
E1601,{48},A25,feature_call,2026-03-14 06:07:01.000000,2026-03-16 01:55:38
E1602,{48},A25,login,2026-03-22 08:52:17.000000,2026-03-23 04:49:20
E1603,{48},A25,login,2026-03-15 23:44:17.000000,2026-03-16 12:17:47
E1604,{48},A25,login,2026-02-25 17:50:50.000000,2026-02-27 09:58:39
E1605,{48},A25,login,2026-03-09 16:53:05.000000,2026-03-11 04:20:36
E1606,{48},A25,feature_call,2026-03-07 18:10:40.000000,2026-03-09 06:27:14
E1607,{48},A25,api_call,2026-03-12 04:47:40.000000,2026-03-13 20:02:35
E1608,{48},A25,login,2026-03-14 00:16:06.000000,2026-03-14 20:30:56
E1609,{48},A25,api_call,2026-03-04 16:48:22.000000,2026-03-05 20:11:36
E1610,{48},A25,api_call,2026-02-25 01:47:38.000000,2026-02-26 08:26:15
E1611,{48},A25,export,2026-03-18 18:49:00.000000,2026-03-20 02:02:47
E1612,{48},A25,api_call,2026-03-02 08:01:14.000000,2026-03-02 19:17:59
E1613,{48},A25,feature_call,2026-03-15 05:12:22.000000,2026-03-16 00:50:03
E1614,{48},A25,api_call,2026-02-27 06:14:46.000000,2026-02-28 16:04:13
E1615,{48},A25,export,2026-03-12 04:03:55.000000,2026-03-13 17:24:26
E1616,{48},A25,feature_call,2026-03-07 12:47:38.000000,2026-03-07 22:49:39
E1617,{48},A25,export,2026-03-16 14:08:22.000000,2026-03-17 11:41:17
E1618,{48},A25,export,2026-03-25 12:52:56.000000,2026-03-26 10:21:29
E1619,{48},A25,login,2026-03-09 16:47:40.000000,2026-03-09 22:59:54
E1620,{48},A25,api_call,2026-03-18 21:42:13.000000,2026-03-20 08:41:38
E1621,{48},A25,api_call,2026-03-05 07:48:52.000000,2026-03-07 00:24:31
E1622,{48},A25,feature_call,2026-03-21 14:48:55.000000,2026-03-21 15:48:50
E1623,{48},A25,login,2026-03-12 05:10:12.000000,2026-03-12 13:31:55
E1624,{48},A25,export,2026-02-27 04:56:21.000000,2026-02-27 14:34:13
E1625,{48},A25,feature_call,2026-03-09 07:04:05.000000,2026-03-10 18:13:43
E1626,{48},A25,login,2026-03-11 18:03:24.000000,2026-03-12 03:54:12
E1627,{49},A25,export,2026-03-23 15:35:58.000000,2026-03-25 09:08:13
E1628,{49},A25,feature_call,2026-03-16 21:34:13.000000,2026-03-17 08:13:15
E1629,{49},A25,feature_call,2026-03-25 23:37:46.000000,2026-03-26 10:40:37
E1630,{49},A25,export,2026-03-19 22:22:40.000000,2026-03-21 10:39:58
E1631,{49},A25,feature_call,2026-03-21 22:07:50.000000,2026-03-23 06:47:44
E1632,{49},A25,api_call,2026-03-22 12:04:07.000000,2026-03-24 08:00:35
E1633,{49},A25,api_call,2026-03-02 02:23:54.000000,2026-03-03 15:42:16
E1634,{49},A25,export,2026-03-24 00:52:40.000000,2026-03-24 02:06:50
E1635,{49},A25,export,2026-03-10 23:30:03.000000,2026-03-11 08:41:43
E1636,{49},A25,export,2026-03-19 05:31:51.000000,2026-03-19 07:21:47
E1637,{49},A25,feature_call,2026-03-12 07:07:38.000000,2026-03-13 12:38:24
E1638,{49},A25,login,2026-03-26 21:44:43.000000,2026-03-28 04:08:05
E1639,{49},A25,feature_call,2026-03-18 03:15:06.000000,2026-03-18 21:04:28
E1640,{49},A25,api_call,2026-02-25 11:52:51.000000,2026-02-25 17:04:38
E1641,{49},A25,api_call,2026-02-28 08:49:23.000000,2026-03-02 06:48:18
E1642,{49},A25,feature_call,2026-03-15 19:14:08.000000,2026-03-16 12:26:32
E1643,{49},A25,login,2026-03-05 02:18:23.000000,2026-03-05 16:20:46
E1644,{49},A25,login,2026-03-16 03:23:43.000000,2026-03-17 14:17:12
E1645,{49},A25,api_call,2026-03-13 15:28:19.000000,2026-03-14 05:56:00
E1646,{49},A25,api_call,2026-03-02 02:35:05.000000,2026-03-03 03:09:15
E1647,{49},A25,export,2026-02-28 19:21:17.000000,2026-03-01 07:40:57
E1648,{49},A25,feature_call,2026-03-11 06:40:15.000000,2026-03-11 14:26:12
E1649,{49},A25,export,2026-03-01 04:47:11.000000,2026-03-02 11:56:48
E1650,{49},A25,export,2026-03-21 23:27:27.000000,2026-03-22 08:06:49
E1651,{50},A26,login,2025-07-03 12:45:19.000000,2025-07-04 12:48:31
E1652,{50},A26,login,2025-07-18 13:59:10.000000,2025-07-18 18:29:17
E1653,{50},A26,api_call,2025-07-21 00:50:02.000000,2025-07-21 09:46:51
E1654,{52},A27,login,2025-08-06 11:00:11.000000,2025-08-07 03:59:21
E1655,{52},A27,login,2025-07-04 23:18:43.000000,2025-07-05 20:49:15
E1656,{52},A27,feature_call,2025-12-13 14:30:34.000000,2025-12-13 16:44:28
E1657,{52},A27,login,2025-12-07 23:07:28.000000,2025-12-08 04:25:57
E1658,{52},A27,api_call,2025-10-22 13:46:52.000000,2025-10-24 03:30:48
E1659,{52},A27,api_call,2025-07-13 07:41:01.000000,2025-07-14 03:57:29
E1660,{52},A27,api_call,2025-11-09 16:03:06.000000,2025-11-09 21:37:57
E1661,{52},A27,login,2025-08-09 08:00:43.000000,2025-08-11 06:42:57
E1662,{52},A27,api_call,2025-10-18 20:05:09.000000,2025-10-20 18:21:26
E1663,{53},A28,api_call,2025-06-14 15:24:11.000000,2025-06-15 12:38:36
E1664,{53},A28,export,2025-06-21 14:23:47.000000,2025-06-21 18:47:34
E1665,{53},A28,feature_call,2025-07-07 02:29:29.000000,2025-07-08 19:51:43
E1666,{53},A28,api_call,2025-05-17 01:17:28.000000,2025-05-17 13:09:42
E1667,{53},A28,api_call,2025-07-08 19:33:13.000000,2025-07-09 11:32:45
E1668,{53},A28,export,2025-05-12 07:18:35.000000,2025-05-13 11:44:44
E1669,{53},A28,feature_call,2025-06-21 00:42:51.000000,2025-06-21 11:27:29
E1670,{53},A28,export,2025-05-28 01:43:25.000000,2025-05-28 10:30:24
E1671,{53},A28,api_call,2025-06-26 22:11:32.000000,2025-06-28 08:52:37
E1672,{53},A28,api_call,2025-05-31 07:16:56.000000,2025-06-01 12:45:14
E1673,{53},A28,api_call,2025-06-01 16:00:03.000000,2025-06-02 23:17:39
E1674,{53},A28,feature_call,2025-05-11 08:52:23.000000,2025-05-12 12:13:56
E1675,{53},A28,feature_call,2025-06-08 16:45:16.000000,2025-06-09 00:22:33
E1676,{53},A28,feature_call,2025-05-16 04:56:32.000000,2025-05-17 12:03:16
E1677,{53},A28,login,2025-06-01 18:37:17.000000,2025-06-02 05:52:13
E1678,{53},A28,feature_call,2025-06-17 16:52:08.000000,2025-06-18 20:44:34
E1679,{53},A28,export,2025-05-23 09:30:04.000000,2025-05-24 05:42:23
E1680,{53},A28,feature_call,2025-07-07 22:45:14.000000,2025-07-09 13:55:05
E1681,{53},A28,export,2025-07-09 01:54:07.000000,2025-07-10 14:34:56
E1682,{53},A28,login,2025-10-03 07:00:47.000000,2025-10-04 03:21:02
E1683,{55},A29,login,2025-07-10 01:05:25.000000,2025-07-12 00:21:32
E1684,{55},A29,feature_call,2025-06-01 04:55:06.000000,2025-06-02 18:44:48
E1685,{55},A29,api_call,2025-07-16 19:39:15.000000,2025-07-17 11:32:27
E1686,{55},A29,login,2025-05-29 16:00:33.000000,2025-05-29 23:59:34
E1687,{55},A29,feature_call,2025-07-25 01:06:42.000000,2025-07-25 16:30:15
E1688,{55},A29,login,2025-06-18 15:15:12.000000,2025-06-20 14:10:05
E1689,{54},A29,feature_call,2025-11-01 13:07:08.000000,2025-11-02 17:15:15
E1690,{54},A29,export,2025-11-19 23:54:10.000000,2025-11-21 00:35:20
E1691,{54},A29,feature_call,2025-12-04 20:28:25.000000,2025-12-05 17:14:25
E1692,{54},A29,login,2026-01-05 18:08:40.000000,2026-01-07 01:22:20
E1693,{54},A29,export,2025-10-13 09:38:58.000000,2025-10-14 09:15:55
E1694,{54},A29,login,2025-10-26 14:14:27.000000,2025-10-28 01:03:51
E1695,{54},A29,login,2025-10-14 21:18:46.000000,2025-10-16 08:02:37
E1696,{54},A29,api_call,2025-11-18 17:21:36.000000,2025-11-19 13:51:08
E1697,{54},A29,export,2025-11-20 11:22:44.000000,2025-11-22 01:48:10
E1698,{54},A29,api_call,2025-10-29 10:22:41.000000,2025-10-30 15:39:41
E1699,{54},A29,api_call,2025-10-21 22:16:26.000000,2025-10-23 07:38:53
E1700,{54},A29,login,2025-10-10 22:23:59.000000,2025-10-11 16:11:12
E1701,{54},A29,api_call,2025-11-02 02:38:24.000000,2025-11-02 14:03:52
E1702,{54},A29,feature_call,2025-10-11 20:04:30.000000,2025-10-12 18:14:11
E1703,{54},A29,export,2025-10-01 00:34:35.000000,2025-10-02 01:58:27
E1704,{54},A29,export,2025-11-13 03:26:02.000000,2025-11-14 15:44:23
E1705,{54},A29,export,2025-11-05 05:42:19.000000,2025-11-06 12:46:41
E1706,{54},A29,api_call,2025-10-18 06:50:30.000000,2025-10-19 02:09:53
E1707,{54},A29,login,2025-10-28 02:06:35.000000,2025-10-29 06:05:22
E1708,{54},A29,api_call,2025-10-15 00:11:35.000000,2025-10-15 16:16:07
E1709,{54},A29,login,2025-10-04 22:13:14.000000,2025-10-05 09:52:49
E1710,{54},A29,login,2025-11-20 22:08:51.000000,2025-11-20 23:24:12
E1711,{54},A29,login,2025-11-26 04:28:03.000000,2025-11-26 10:58:57
E1712,{54},A29,login,2025-11-19 14:28:11.000000,2025-11-21 09:14:20
E1713,{54},A29,feature_call,2025-11-19 03:26:09.000000,2025-11-19 06:40:56
E1714,{54},A29,feature_call,2025-10-18 20:01:28.000000,2025-10-19 06:01:30
E1715,{54},A29,login,2025-10-10 01:02:15.000000,2025-10-11 12:51:45
E1716,{54},A29,feature_call,2025-10-12 07:11:25.000000,2025-10-13 03:28:41
E1717,{54},A29,feature_call,2025-10-01 08:15:35.000000,2025-10-01 19:17:31
E1718,{54},A29,export,2025-10-03 21:31:56.000000,2025-10-04 13:16:20
E1719,{54},A29,export,2025-09-30 04:18:24.000000,2025-10-02 00:06:03
E1720,{54},A29,export,2025-10-05 00:13:21.000000,2025-10-06 12:08:16
E1721,{55},A29,login,2025-10-19 16:36:44.000000,2025-10-19 21:46:58
E1722,{55},A29,api_call,2025-09-30 03:19:43.000000,2025-10-02 00:27:14
E1723,{55},A29,export,2025-11-14 07:23:22.000000,2025-11-15 09:47:44
E1724,{55},A29,api_call,2025-10-09 01:04:32.000000,2025-10-09 11:24:30
E1725,{55},A29,feature_call,2025-10-23 06:24:26.000000,2025-10-24 19:59:51
E1726,{55},A29,api_call,2025-10-17 08:41:30.000000,2025-10-18 08:40:24
E1727,{55},A29,login,2025-11-14 10:38:13.000000,2025-11-16 09:11:49
E1728,{55},A29,export,2025-10-29 03:57:18.000000,2025-10-30 20:54:22
E1729,{55},A29,login,2025-11-22 23:47:47.000000,2025-11-24 01:32:38
E1730,{55},A29,login,2025-11-15 16:45:48.000000,2025-11-16 02:21:21
E1731,{55},A29,api_call,2025-11-23 13:25:57.000000,2025-11-25 11:11:50
E1732,{56},A30,feature_call,2025-10-31 15:39:32.000000,2025-11-01 14:28:51
E1733,{56},A30,login,2025-11-08 04:19:29.000000,2025-11-09 15:05:22
E1734,{56},A30,export,2025-05-18 02:49:44.000000,2025-05-19 06:24:32
E1735,{56},A30,api_call,2025-08-27 19:13:09.000000,2025-08-27 20:33:51
E1736,{56},A30,api_call,2025-08-31 11:41:07.000000,2025-08-31 17:33:39
E1737,{56},A30,api_call,2026-01-18 19:14:26.000000,2026-01-19 01:03:20
E1738,{56},A30,api_call,2025-08-07 05:59:53.000000,2025-08-07 13:16:53
E1739,{56},A30,feature_call,2025-07-15 10:32:52.000000,2025-07-16 22:11:39
E1740,{56},A30,feature_call,2025-04-26 22:26:35.000000,2025-04-27 11:41:22
E1741,{56},A30,login,2025-11-20 11:08:17.000000,2025-11-21 07:15:25
E1742,{56},A30,feature_call,2026-01-04 09:13:34.000000,2026-01-04 22:50:06
E1743,{56},A30,login,2025-06-11 12:47:52.000000,2025-06-13 02:49:09
E1744,{56},A30,login,2025-04-14 15:30:57.000000,2025-04-15 17:00:38
E1745,{56},A30,feature_call,2026-01-07 13:52:28.000000,2026-01-07 22:24:27
E1746,{56},A30,export,2025-09-24 15:16:58.000000,2025-09-26 09:36:33
E1747,{56},A30,export,2025-05-12 02:17:09.000000,2025-05-12 13:00:55
E1748,{56},A30,feature_call,2025-07-30 15:21:14.000000,2025-07-30 19:39:56
E1749,{56},A30,export,2025-10-22 10:24:19.000000,2025-10-22 14:16:02
E1750,{56},A30,export,2025-11-17 20:27:34.000000,2025-11-18 05:38:35
E1751,{56},A30,api_call,2025-07-09 04:07:16.000000,2025-07-09 19:25:41
E1752,{56},A30,export,2025-06-24 23:55:56.000000,2025-06-25 07:24:56
E1753,{56},A30,export,2025-09-10 02:22:53.000000,2025-09-10 06:58:08
E1754,{56},A30,export,2025-11-19 00:37:22.000000,2025-11-19 16:33:51
E1755,{56},A30,login,2025-10-01 17:24:44.000000,2025-10-02 12:18:06
E1756,{56},A30,export,2025-12-09 17:31:42.000000,2025-12-10 18:55:22
E1757,{58},A30,api_call,2025-11-29 03:38:03.000000,2025-11-29 15:19:31
E1758,{58},A30,export,2025-08-13 04:58:11.000000,2025-08-13 11:10:30
E1759,{58},A30,api_call,2025-07-08 08:55:46.000000,2025-07-10 05:51:39
E1760,{58},A30,feature_call,2025-07-22 07:42:10.000000,2025-07-23 05:27:49
E1761,{58},A30,login,2025-12-14 23:37:39.000000,2025-12-15 19:33:30
E1762,{58},A30,login,2025-08-03 02:27:40.000000,2025-08-03 08:42:07
E1763,{58},A30,login,2025-09-20 14:22:19.000000,2025-09-22 08:43:24
E1764,{58},A30,api_call,2025-09-21 23:58:13.000000,2025-09-22 01:51:28
E1765,{58},A30,login,2025-04-24 18:35:24.000000,2025-04-26 15:03:15
E1766,{58},A30,export,2025-07-14 11:28:38.000000,2025-07-16 02:56:30
E1767,{58},A30,login,2025-06-19 23:02:11.000000,2025-06-20 18:20:16
E1768,{58},A30,api_call,2025-04-10 18:00:56.000000,2025-04-10 18:40:34
E1769,{58},A30,api_call,2025-04-03 11:10:36.000000,2025-04-05 00:50:08
E1770,{58},A30,export,2025-08-02 09:31:11.000000,2025-08-02 10:03:23
E1771,{58},A30,feature_call,2025-07-14 18:56:34.000000,2025-07-15 15:22:06
E1772,{58},A30,export,2025-08-27 13:43:40.000000,2025-08-27 14:00:04
E1773,{58},A30,login,2025-10-22 17:56:59.000000,2025-10-23 12:26:17
E1774,{59},A30,login,2025-12-11 11:34:06.000000,2025-12-12 11:27:19
E1775,{59},A30,feature_call,2025-04-15 00:37:55.000000,2025-04-15 07:43:08
E1776,{59},A30,api_call,2025-12-06 03:34:35.000000,2025-12-07 01:23:24
E1777,{59},A30,export,2025-11-29 18:48:15.000000,2025-11-29 19:46:38
E1778,{59},A30,feature_call,2025-07-19 01:21:50.000000,2025-07-20 23:11:24
E1779,{59},A30,login,2025-04-03 19:02:01.000000,2025-04-04 18:19:59
E1780,{59},A30,feature_call,2025-04-05 07:10:25.000000,2025-04-05 15:49:06
E1781,{59},A30,feature_call,2025-10-29 05:24:14.000000,2025-10-29 21:30:33
E1782,{59},A30,export,2025-12-08 01:19:33.000000,2025-12-10 00:16:32
E1783,{59},A30,login,2025-12-19 23:06:36.000000,2025-12-21 18:12:31
E1784,{59},A30,login,2025-07-30 07:22:17.000000,2025-07-31 02:40:21
E1785,{59},A30,login,2025-04-24 05:06:03.000000,2025-04-24 05:33:05
E1786,{59},A30,export,2025-11-11 06:14:37.000000,2025-11-12 12:33:41
E1787,{59},A30,login,2026-01-23 16:30:12.000000,2026-01-25 06:13:47
E1788,{59},A30,export,2025-10-17 09:33:23.000000,2025-10-19 08:27:42
E1789,{59},A30,feature_call,2025-05-18 10:50:33.000000,2025-05-19 10:57:16
E1790,{59},A30,login,2026-01-15 17:42:09.000000,2026-01-16 08:53:12
E1791,{59},A30,feature_call,2025-07-14 13:03:12.000000,2025-07-15 17:16:40
E1792,{59},A30,login,2026-01-10 15:28:00.000000,2026-01-12 00:32:26
E1793,{59},A30,feature_call,2025-12-24 18:17:30.000000,2025-12-25 05:54:47
E1794,{59},A30,login,2025-06-11 00:38:57.000000,2025-06-11 11:07:29
E1795,{59},A30,export,2025-04-05 20:58:06.000000,2025-04-06 15:52:15
E1796,{59},A30,api_call,2025-05-12 08:45:10.000000,2025-05-13 09:25:27
E1797,{59},A30,api_call,2025-08-27 17:30:52.000000,2025-08-27 18:02:12
E1798,{59},A30,export,2025-12-12 13:40:47.000000,2025-12-14 07:38:17
E1799,{59},A30,login,2025-07-18 04:09:28.000000,2025-07-18 16:56:16
E1800,{59},A30,login,2025-12-14 12:27:53.000000,2025-12-16 05:51:47
E1801,{59},A30,api_call,2025-08-28 09:55:03.000000,2025-08-29 21:21:20
E1802,{59},A30,api_call,2025-03-30 02:34:12.000000,2025-03-31 03:52:52
E1803,{59},A30,login,2025-09-16 21:57:45.000000,2025-09-18 00:24:17
E1804,{59},A30,feature_call,2025-06-29 10:58:59.000000,2025-06-29 23:23:47
E1805,{59},A30,login,2025-10-24 02:16:14.000000,2025-10-25 20:19:19
E1806,{57},A30,feature_call,2025-06-02 04:58:37.000000,2025-06-03 18:40:08
E1807,{57},A30,login,2025-08-11 02:22:53.000000,2025-08-11 13:43:07
E1808,{57},A30,login,2025-06-10 05:16:32.000000,2025-06-12 00:21:52
E1809,{57},A30,api_call,2025-06-30 01:16:21.000000,2025-06-30 14:28:41
E1810,{58},A30,api_call,2025-08-11 22:50:29.000000,2025-08-13 06:00:13
E1811,{58},A30,export,2025-07-10 08:01:56.000000,2025-07-10 15:53:39
E1812,{58},A30,export,2025-12-11 10:40:05.000000,2025-12-12 23:26:25
E1813,{58},A30,api_call,2025-12-30 05:53:36.000000,2025-12-30 22:39:45
E1814,{58},A30,export,2025-09-12 01:52:16.000000,2025-09-13 13:22:12
E1815,{58},A30,login,2025-07-17 01:32:09.000000,2025-07-17 07:59:38
E1816,{58},A30,export,2025-06-28 16:12:37.000000,2025-06-28 20:11:22
E1817,{58},A30,feature_call,2025-09-20 20:12:51.000000,2025-09-21 11:32:44
E1818,{58},A30,feature_call,2025-07-13 13:38:03.000000,2025-07-13 17:00:32
E1819,{58},A30,api_call,2025-08-24 14:34:45.000000,2025-08-25 07:05:07
E1820,{58},A30,login,2025-06-04 15:51:07.000000,2025-06-06 12:24:57
E1821,{58},A30,feature_call,2026-01-07 18:48:20.000000,2026-01-08 17:50:42
E1822,{58},A30,feature_call,2025-11-22 12:25:17.000000,2025-11-23 04:28:55
E1823,{58},A30,export,2025-10-03 19:28:07.000000,2025-10-05 07:32:42
E1824,{58},A30,export,2025-10-28 13:05:25.000000,2025-10-29 08:44:27
E1825,{58},A30,feature_call,2025-09-20 18:02:04.000000,2025-09-22 02:05:22
E1826,{58},A30,api_call,2025-08-28 06:38:22.000000,2025-08-28 13:24:51
E1827,{58},A30,feature_call,2025-11-29 04:33:48.000000,2025-11-30 14:21:45
E1828,{58},A30,login,2025-11-13 17:41:28.000000,2025-11-14 13:39:00
E1829,{58},A30,login,2025-09-18 02:00:29.000000,2025-09-18 23:34:01
E1830,{58},A30,login,2025-08-06 00:41:19.000000,2025-08-06 15:01:56
E1831,{58},A30,feature_call,2025-11-22 14:34:05.000000,2025-11-24 00:21:14
E1832,{58},A30,feature_call,2025-07-16 17:22:16.000000,2025-07-17 07:32:02
E1833,{58},A30,feature_call,2025-10-16 03:21:03.000000,2025-10-17 21:04:49
E1834,{58},A30,feature_call,2025-11-10 12:04:46.000000,2025-11-12 11:12:42
E1835,{58},A30,feature_call,2025-12-06 16:14:41.000000,2025-12-08 00:19:08
E1836,{58},A30,feature_call,2026-01-04 13:06:11.000000,2026-01-05 12:41:18
E1837,{58},A30,login,2025-06-30 10:00:13.000000,2025-06-30 16:06:28
E1838,{58},A30,api_call,2025-06-07 07:56:49.000000,2025-06-08 09:18:48
E1839,{59},A30,export,2025-10-30 08:39:00.000000,2025-10-31 07:35:24
E1840,{59},A30,login,2025-12-20 05:03:58.000000,2025-12-21 14:15:57
E1841,{59},A30,feature_call,2025-06-16 21:18:58.000000,2025-06-17 23:39:40
E1842,{59},A30,export,2025-12-12 12:41:37.000000,2025-12-13 21:16:47
E1843,{59},A30,export,2025-09-18 15:48:34.000000,2025-09-19 10:07:16
E1844,{59},A30,export,2025-08-26 03:11:59.000000,2025-08-26 12:55:22
E1845,{59},A30,export,2025-11-06 18:38:30.000000,2025-11-07 10:52:08
E1846,{59},A30,api_call,2025-09-27 08:40:29.000000,2025-09-27 22:19:29
E1847,{59},A30,feature_call,2025-09-25 06:38:26.000000,2025-09-26 12:04:17
E1848,{59},A30,feature_call,2025-10-29 17:24:22.000000,2025-10-29 19:24:54
E1849,{59},A30,export,2025-06-06 17:26:23.000000,2025-06-07 01:26:26
E1850,{59},A30,feature_call,2025-10-20 09:57:41.000000,2025-10-21 22:08:52
E1851,{59},A30,export,2025-07-11 04:31:40.000000,2025-07-11 06:20:35
E1852,{59},A30,api_call,2025-08-01 00:51:18.000000,2025-08-02 13:34:32
E1853,{59},A30,feature_call,2025-08-31 20:05:51.000000,2025-09-01 09:55:03
E1854,{57},A30,feature_call,2026-01-02 22:11:01.000000,2026-01-03 05:42:51
E1855,{57},A30,api_call,2025-12-31 04:34:30.000000,2026-01-01 17:55:08
E1856,{57},A30,export,2025-09-08 23:33:07.000000,2025-09-10 23:11:07
E1857,{57},A30,login,2025-09-07 21:38:38.000000,2025-09-09 16:23:22
E1858,{57},A30,api_call,2025-11-09 10:40:28.000000,2025-11-09 11:44:09
E1859,{57},A30,feature_call,2025-11-02 07:59:00.000000,2025-11-03 09:39:27
E1860,{57},A30,api_call,2025-08-11 22:19:26.000000,2025-08-13 11:58:13
E1861,{57},A30,api_call,2025-08-24 17:48:17.000000,2025-08-26 16:33:50
E1862,{57},A30,login,2025-10-15 23:07:51.000000,2025-10-16 07:58:01
E1863,{57},A30,export,2025-09-11 13:21:05.000000,2025-09-12 21:05:07
E1864,{57},A30,api_call,2025-10-22 08:37:21.000000,2025-10-24 01:36:44
E1865,{57},A30,export,2026-01-24 14:25:41.000000,2026-01-26 11:32:37
E1866,{57},A30,export,2025-09-28 22:26:07.000000,2025-09-30 13:42:53
E1867,{57},A30,api_call,2025-08-13 22:19:17.000000,2025-08-14 23:32:59
E1868,{57},A30,login,2025-09-01 18:41:17.000000,2025-09-03 06:40:53
E1869,{57},A30,export,2026-01-12 03:49:13.000000,2026-01-13 10:47:59
E1870,{57},A30,api_call,2025-12-08 18:44:32.000000,2025-12-09 15:29:30
E1871,{57},A30,api_call,2025-10-16 03:57:20.000000,2025-10-17 18:30:36
E1872,{57},A30,login,2025-09-24 14:48:31.000000,2025-09-26 12:46:07
E1873,{57},A30,api_call,2025-11-14 18:58:32.000000,2025-11-16 10:58:55
E1874,{57},A30,login,2025-10-14 23:04:41.000000,2025-10-16 14:41:17
E1875,{57},A30,export,2025-09-10 09:12:40.000000,2025-09-11 17:47:20
E1876,{57},A30,login,2025-12-18 05:50:26.000000,2025-12-19 01:15:37
E1877,{57},A30,feature_call,2025-08-01 21:06:12.000000,2025-08-03 05:07:24
E1878,{57},A30,export,2026-01-18 20:57:50.000000,2026-01-20 03:14:53
E1879,{57},A30,export,2025-10-09 21:34:46.000000,2025-10-10 07:55:59
E1880,{57},A30,api_call,2025-10-25 21:33:58.000000,2025-10-27 17:06:06
E1881,{57},A30,feature_call,2025-10-16 16:04:52.000000,2025-10-17 12:57:16
E1882,{57},A30,login,2025-11-12 02:51:59.000000,2025-11-12 20:08:15
E1883,{57},A30,api_call,2025-11-04 03:42:42.000000,2025-11-04 11:25:25
E1884,{57},A30,api_call,2026-01-16 22:44:13.000000,2026-01-17 16:08:20
E1885,{57},A30,api_call,2025-09-25 02:50:44.000000,2025-09-25 14:53:15
E1886,{57},A30,api_call,2025-11-06 15:33:07.000000,2025-11-07 14:09:28
E1887,{57},A30,export,2025-12-28 03:30:43.000000,2025-12-28 22:46:32
E1888,{57},A30,export,2025-09-11 13:10:08.000000,2025-09-12 19:00:28
E1889,{57},A30,login,2025-10-18 10:03:01.000000,2025-10-18 16:10:04
E1890,{57},A30,export,2025-12-23 12:24:09.000000,2025-12-25 07:15:55
E1891,{57},A30,feature_call,2025-08-17 22:21:45.000000,2025-08-18 20:48:02
E1892,{57},A30,api_call,2025-09-21 15:34:57.000000,2025-09-21 18:16:11
E1893,{57},A30,api_call,2025-08-02 00:21:47.000000,2025-08-03 00:35:55
E1894,{57},A30,api_call,2025-10-11 23:49:38.000000,2025-10-13 08:48:10
E1895,{57},A30,feature_call,2026-01-12 20:01:39.000000,2026-01-13 05:07:46
E1896,{57},A30,export,2025-12-19 13:33:46.000000,2025-12-21 05:42:06
E1897,{57},A30,export,2025-11-08 06:44:12.000000,2025-11-09 19:11:50
E1898,{57},A30,api_call,2025-08-24 18:57:53.000000,2025-08-26 18:34:21
E1899,{57},A30,api_call,2025-10-06 01:48:34.000000,2025-10-06 13:37:10
E1900,{57},A30,feature_call,2025-10-23 09:11:23.000000,2025-10-24 22:28:48
E1901,{57},A30,api_call,2025-10-05 06:21:41.000000,2025-10-05 07:39:15
E1902,{57},A30,api_call,2026-01-06 17:33:33.000000,2026-01-07 00:27:20
E1903,{57},A30,api_call,2026-01-10 23:06:12.000000,2026-01-10 23:18:58
E1904,{57},A30,feature_call,2025-11-04 22:55:50.000000,2025-11-05 15:13:59
E1905,{57},A30,api_call,2025-09-30 03:56:55.000000,2025-10-02 01:33:50
E1906,{57},A30,feature_call,2025-10-04 09:47:09.000000,2025-10-06 00:19:16
E1907,{57},A30,api_call,2025-10-18 04:47:30.000000,2025-10-19 18:27:20
E1908,{57},A30,feature_call,2025-12-12 19:48:21.000000,2025-12-13 13:29:32
E1909,{57},A30,export,2025-09-03 10:34:17.000000,2025-09-05 04:26:31
E1910,{57},A30,export,2025-08-04 13:44:57.000000,2025-08-05 13:36:31
E1911,{57},A30,login,2025-08-04 19:56:59.000000,2025-08-05 15:45:21
E1912,{57},A30,api_call,2025-09-10 13:42:42.000000,2025-09-11 13:30:39
E1913,{57},A30,login,2025-10-27 06:47:27.000000,2025-10-27 11:39:47
E1914,{57},A30,feature_call,2026-01-26 19:25:24.000000,2026-01-27 10:20:18
E1915,{57},A30,api_call,2025-08-09 11:05:05.000000,2025-08-10 07:27:49
E1916,{57},A30,login,2025-09-06 15:27:10.000000,2025-09-07 08:22:42
E1917,{57},A30,feature_call,2026-01-16 16:25:35.000000,2026-01-16 19:52:08
E1918,{57},A30,export,2025-11-12 22:22:16.000000,2025-11-14 09:45:00
E1919,{57},A30,feature_call,2025-11-28 16:48:37.000000,2025-11-30 01:59:50
E1920,{57},A30,login,2025-10-13 07:26:59.000000,2025-10-15 00:26:03
E1921,{57},A30,login,2025-08-16 12:50:28.000000,2025-08-16 17:47:23
E1922,{57},A30,api_call,2025-12-05 16:54:04.000000,2025-12-06 03:35:52
E1923,{57},A30,login,2025-10-12 12:49:42.000000,2025-10-13 13:52:32
E1924,{57},A30,export,2026-01-01 09:00:35.000000,2026-01-02 14:49:29
E1925,{57},A30,feature_call,2025-12-27 14:03:58.000000,2025-12-28 13:47:13
E1926,{58},A30,feature_call,2025-11-02 08:16:40.000000,2025-11-03 10:21:06
E1927,{58},A30,export,2025-11-15 11:29:20.000000,2025-11-16 00:26:47
E1928,{58},A30,export,2025-10-08 02:32:15.000000,2025-10-09 02:31:10
E1929,{58},A30,export,2025-11-15 20:41:23.000000,2025-11-16 18:43:42
E1930,{58},A30,feature_call,2026-01-07 11:04:32.000000,2026-01-08 06:25:34
E1931,{58},A30,feature_call,2025-10-10 05:54:13.000000,2025-10-11 05:15:02
E1932,{58},A30,api_call,2025-08-23 20:47:42.000000,2025-08-25 02:39:58
E1933,{58},A30,api_call,2025-10-17 22:59:04.000000,2025-10-19 18:18:21
E1934,{58},A30,login,2025-11-09 14:50:19.000000,2025-11-11 03:40:52
E1935,{58},A30,login,2025-12-12 21:39:02.000000,2025-12-14 02:44:59
E1936,{58},A30,feature_call,2026-01-22 02:29:50.000000,2026-01-23 06:39:21
E1937,{58},A30,api_call,2025-09-19 18:58:43.000000,2025-09-20 20:56:04
E1938,{58},A30,export,2025-11-30 20:32:30.000000,2025-12-01 04:04:42
E1939,{58},A30,export,2025-12-18 14:13:58.000000,2025-12-19 04:03:07
E1940,{58},A30,login,2025-10-25 21:02:13.000000,2025-10-27 09:31:17
E1941,{58},A30,feature_call,2025-09-24 11:56:01.000000,2025-09-26 08:31:24
E1942,{58},A30,export,2025-08-21 05:05:42.000000,2025-08-21 05:09:09
E1943,{58},A30,export,2025-09-27 23:22:21.000000,2025-09-28 01:54:31
E1944,{58},A30,api_call,2026-01-21 17:00:14.000000,2026-01-23 00:57:15
E1945,{58},A30,export,2025-09-23 16:44:03.000000,2025-09-25 03:32:40
E1946,{58},A30,feature_call,2025-11-03 20:36:14.000000,2025-11-05 04:59:39
E1947,{58},A30,feature_call,2025-12-07 19:37:12.000000,2025-12-08 02:05:10
E1948,{58},A30,api_call,2025-09-15 06:05:48.000000,2025-09-17 05:26:34
E1949,{58},A30,api_call,2025-12-27 20:03:11.000000,2025-12-28 23:58:33
E1950,{58},A30,login,2025-08-08 11:33:21.000000,2025-08-10 11:26:59
E1951,{58},A30,login,2025-11-13 23:17:33.000000,2025-11-15 01:38:08
E1952,{58},A30,feature_call,2025-11-24 02:52:15.000000,2025-11-24 04:51:48
E1953,{58},A30,api_call,2025-08-23 18:54:12.000000,2025-08-24 00:06:15
E1954,{58},A30,login,2026-01-17 15:55:40.000000,2026-01-18 02:01:43
E1955,{58},A30,login,2026-01-19 02:10:21.000000,2026-01-20 10:28:02
E1956,{58},A30,feature_call,2025-11-20 08:00:43.000000,2025-11-21 20:07:46
E1957,{58},A30,api_call,2025-09-24 21:57:13.000000,2025-09-25 21:50:59
E1958,{62},A32,export,2025-07-16 22:39:31.000000,2025-07-17 07:19:37
E1959,{62},A32,login,2025-10-12 04:32:29.000000,2025-10-13 05:08:54
E1960,{61},A32,export,2025-05-29 18:06:35.000000,2025-05-29 20:50:23
E1961,{61},A32,export,2025-11-29 18:33:42.000000,2025-12-01 00:47:03
E1962,{61},A32,feature_call,2025-12-04 09:01:51.000000,2025-12-05 15:39:01
E1963,{61},A32,export,2025-10-28 05:14:30.000000,2025-10-28 16:01:00
E1964,{61},A32,api_call,2025-09-03 18:45:25.000000,2025-09-05 17:31:44
E1965,{61},A32,export,2025-06-23 05:15:15.000000,2025-06-24 12:49:29
E1966,{61},A32,feature_call,2025-08-22 18:04:53.000000,2025-08-24 16:52:39
E1967,{61},A32,export,2025-12-27 14:41:28.000000,2025-12-27 18:16:22
E1968,{61},A32,api_call,2025-08-02 22:31:55.000000,2025-08-02 22:53:35
E1969,{61},A32,login,2025-09-26 10:01:41.000000,2025-09-27 05:24:55
E1970,{61},A32,api_call,2025-05-23 05:29:45.000000,2025-05-24 18:04:06
E1971,{61},A32,login,2025-12-31 10:12:50.000000,2025-12-31 16:50:06
E1972,{61},A32,feature_call,2026-01-05 13:28:25.000000,2026-01-05 19:11:09
E1973,{61},A32,feature_call,2025-10-16 22:18:58.000000,2025-10-18 16:57:10
E1974,{61},A32,export,2025-10-14 14:42:15.000000,2025-10-15 14:52:51
E1975,{61},A32,export,2025-08-22 20:45:05.000000,2025-08-23 19:40:49
E1976,{61},A32,export,2025-09-22 23:10:02.000000,2025-09-23 01:11:31
E1977,{61},A32,export,2025-10-21 05:00:41.000000,2025-10-22 18:50:45
E1978,{61},A32,feature_call,2025-10-07 20:32:45.000000,2025-10-08 13:42:54
E1979,{62},A32,export,2025-12-19 05:55:38.000000,2025-12-21 04:57:02
E1980,{62},A32,feature_call,2025-09-16 18:26:19.000000,2025-09-18 01:50:12
E1981,{62},A32,api_call,2025-08-11 11:30:31.000000,2025-08-13 08:20:13
E1982,{62},A32,feature_call,2025-09-25 11:41:16.000000,2025-09-26 01:53:33
E1983,{62},A32,api_call,2025-12-26 09:15:54.000000,2025-12-26 17:46:32
E1984,{62},A32,login,2025-09-25 22:01:54.000000,2025-09-26 20:32:27
E1985,{62},A32,export,2025-06-29 12:06:15.000000,2025-07-01 06:55:57
E1986,{62},A32,login,2025-07-12 00:02:28.000000,2025-07-13 04:45:15
E1987,{62},A32,api_call,2025-07-31 07:29:37.000000,2025-08-01 07:08:58
E1988,{62},A32,login,2025-11-25 10:42:10.000000,2025-11-27 02:10:03
E1989,{62},A32,login,2025-09-25 13:40:14.000000,2025-09-26 06:31:10
E1990,{62},A32,feature_call,2025-12-28 21:52:09.000000,2025-12-30 18:39:53
E1991,{62},A32,api_call,2025-08-05 08:18:56.000000,2025-08-05 13:12:46
E1992,{62},A32,login,2025-07-18 08:06:13.000000,2025-07-18 23:58:17
E1993,{62},A32,feature_call,2025-08-19 16:31:58.000000,2025-08-20 23:27:22
E1994,{62},A32,feature_call,2025-06-10 01:21:17.000000,2025-06-11 20:10:36
E1995,{62},A32,export,2025-12-18 03:07:08.000000,2025-12-18 07:16:23
E1996,{62},A32,export,2025-05-26 09:41:57.000000,2025-05-28 06:00:55
E1997,{62},A32,login,2025-06-30 13:38:15.000000,2025-06-30 21:28:54
E1998,{62},A32,export,2025-09-03 12:19:45.000000,2025-09-04 08:49:13
E1999,{62},A32,feature_call,2025-08-07 17:13:56.000000,2025-08-09 05:45:39
E2000,{62},A32,api_call,2025-08-08 09:33:37.000000,2025-08-09 12:51:36
E2001,{62},A32,api_call,2025-12-13 21:11:22.000000,2025-12-14 16:19:18
E2002,{61},A32,feature_call,2025-07-08 12:46:17.000000,2025-07-10 07:26:03
E2003,{61},A32,login,2025-11-11 04:09:40.000000,2025-11-12 05:02:56
E2004,{61},A32,feature_call,2025-07-20 14:35:44.000000,2025-07-21 06:16:33
E2005,{61},A32,feature_call,2025-08-07 17:56:53.000000,2025-08-08 21:24:35
E2006,{61},A32,login,2025-12-06 21:38:19.000000,2025-12-07 12:40:20
E2007,{61},A32,export,2025-11-27 11:51:52.000000,2025-11-29 09:42:25
E2008,{61},A32,feature_call,2025-07-28 18:43:14.000000,2025-07-29 08:44:03
E2009,{61},A32,login,2025-09-27 17:50:34.000000,2025-09-29 00:00:32
E2010,{61},A32,api_call,2025-12-05 20:32:15.000000,2025-12-06 03:44:06
E2011,{61},A32,export,2025-09-30 15:17:02.000000,2025-09-30 16:35:35
E2012,{61},A32,export,2025-08-17 16:08:54.000000,2025-08-17 16:42:04
E2013,{61},A32,login,2025-07-24 04:52:40.000000,2025-07-26 01:57:25
E2014,{61},A32,login,2025-09-10 05:25:37.000000,2025-09-10 07:52:08
E2015,{61},A32,api_call,2025-08-20 01:57:23.000000,2025-08-21 07:50:05
E2016,{61},A32,export,2025-10-21 23:15:26.000000,2025-10-23 22:19:47
E2017,{61},A32,login,2025-10-25 21:57:03.000000,2025-10-27 14:17:00
E2018,{61},A32,api_call,2025-12-27 22:51:32.000000,2025-12-29 14:33:38
E2019,{61},A32,feature_call,2025-11-24 17:59:48.000000,2025-11-26 01:53:23
E2020,{61},A32,feature_call,2025-07-17 12:50:28.000000,2025-07-17 13:35:17
E2021,{61},A32,export,2025-09-02 01:57:09.000000,2025-09-03 23:00:35
E2022,{61},A32,api_call,2025-07-17 08:08:11.000000,2025-07-18 19:28:55
E2023,{61},A32,login,2025-07-21 02:23:57.000000,2025-07-23 02:06:50
E2024,{61},A32,api_call,2025-08-31 20:30:36.000000,2025-09-01 15:29:27
E2025,{61},A32,login,2025-09-15 11:11:35.000000,2025-09-15 21:51:16
E2026,{61},A32,feature_call,2025-11-10 04:15:51.000000,2025-11-10 12:49:43
E2027,{61},A32,feature_call,2025-10-16 14:22:05.000000,2025-10-17 07:31:23
E2028,{61},A32,login,2025-12-14 16:32:29.000000,2025-12-16 15:34:32
E2029,{61},A32,api_call,2025-07-21 03:21:20.000000,2025-07-21 09:04:35
E2030,{61},A32,feature_call,2025-08-10 00:26:50.000000,2025-08-11 06:48:23
E2031,{61},A32,login,2025-11-05 22:30:18.000000,2025-11-06 18:25:49
E2032,{61},A32,api_call,2025-08-20 18:34:56.000000,2025-08-21 02:12:39
E2033,{61},A32,feature_call,2025-12-15 16:20:55.000000,2025-12-16 11:12:16
E2034,{61},A32,login,2025-08-03 23:03:24.000000,2025-08-05 09:59:41
E2035,{61},A32,feature_call,2025-11-11 22:26:56.000000,2025-11-13 13:12:13
E2036,{61},A32,export,2025-12-14 09:55:53.000000,2025-12-15 15:55:25
E2037,{61},A32,login,2025-08-01 08:40:31.000000,2025-08-02 05:39:05
E2038,{61},A32,export,2025-08-02 07:38:18.000000,2025-08-03 18:15:30
E2039,{61},A32,export,2025-10-17 04:24:37.000000,2025-10-17 23:05:38
E2040,{61},A32,api_call,2025-11-26 05:23:34.000000,2025-11-26 10:58:46
E2041,{61},A32,login,2025-11-07 04:48:27.000000,2025-11-08 21:02:22
E2042,{61},A32,api_call,2025-10-07 06:26:23.000000,2025-10-09 05:59:45
E2043,{61},A32,api_call,2025-08-23 01:23:25.000000,2025-08-24 15:25:30
E2044,{61},A32,login,2025-12-16 22:47:41.000000,2025-12-17 13:04:56
E2045,{61},A32,feature_call,2025-12-16 14:15:59.000000,2025-12-17 18:07:26
E2046,{61},A32,feature_call,2025-08-12 10:50:25.000000,2025-08-13 18:58:12
E2047,{61},A32,feature_call,2025-10-24 11:02:03.000000,2025-10-26 06:53:48
E2048,{61},A32,login,2025-10-22 14:25:21.000000,2025-10-24 04:43:31
E2049,{61},A32,login,2025-11-03 09:34:50.000000,2025-11-03 14:36:20
E2050,{61},A32,feature_call,2025-08-14 17:28:24.000000,2025-08-16 13:47:39
E2051,{61},A32,login,2025-08-20 06:13:59.000000,2025-08-21 18:57:05
E2052,{61},A32,feature_call,2025-09-22 10:33:28.000000,2025-09-22 13:40:18
E2053,{61},A32,login,2025-07-20 19:28:55.000000,2025-07-21 06:55:44
E2054,{61},A32,api_call,2025-12-07 20:21:30.000000,2025-12-09 04:47:44
E2055,{61},A32,login,2025-09-04 16:27:20.000000,2025-09-04 20:48:18
E2056,{61},A32,api_call,2025-10-29 18:30:59.000000,2025-10-30 07:53:51
E2057,{61},A32,feature_call,2025-12-23 06:23:44.000000,2025-12-24 13:43:58
E2058,{61},A32,api_call,2025-08-03 20:19:23.000000,2025-08-04 03:55:46
E2059,{61},A32,api_call,2025-11-20 05:10:23.000000,2025-11-20 13:57:39
E2060,{61},A32,login,2025-12-24 09:55:25.000000,2025-12-25 17:54:50
E2061,{61},A32,feature_call,2025-08-05 16:12:31.000000,2025-08-06 02:04:57
E2062,{61},A32,feature_call,2025-08-05 21:37:35.000000,2025-08-06 06:06:39
E2063,{61},A32,export,2025-09-25 22:55:06.000000,2025-09-25 23:21:12
E2064,{61},A32,api_call,2025-09-30 15:18:48.000000,2025-10-02 01:18:57
E2065,{61},A32,api_call,2025-08-31 15:00:59.000000,2025-09-02 10:18:10
E2066,{61},A32,login,2025-08-11 13:48:46.000000,2025-08-12 09:10:40
E2067,{62},A32,login,2025-07-15 15:09:54.000000,2025-07-17 01:39:03
E2068,{62},A32,login,2025-11-29 19:34:51.000000,2025-12-01 19:16:56
E2069,{62},A32,feature_call,2025-12-22 10:10:12.000000,2025-12-23 04:48:43
E2070,{62},A32,login,2025-12-24 18:07:19.000000,2025-12-24 22:38:34
E2071,{62},A32,login,2025-08-09 07:51:09.000000,2025-08-10 20:32:17
E2072,{62},A32,export,2025-11-17 05:16:21.000000,2025-11-18 17:33:13
E2073,{62},A32,login,2025-11-26 17:28:18.000000,2025-11-28 07:12:25
E2074,{62},A32,feature_call,2025-08-05 18:13:31.000000,2025-08-06 06:00:17
E2075,{62},A32,export,2025-07-22 06:26:09.000000,2025-07-23 17:47:10
E2076,{62},A32,feature_call,2025-12-05 04:27:04.000000,2025-12-06 01:43:16
E2077,{62},A32,feature_call,2025-08-10 02:56:16.000000,2025-08-10 09:27:59
E2078,{62},A32,api_call,2025-11-02 22:54:07.000000,2025-11-02 23:51:49
E2079,{62},A32,feature_call,2025-11-18 20:44:17.000000,2025-11-20 09:23:22
E2080,{62},A32,feature_call,2025-11-25 07:29:29.000000,2025-11-25 15:24:43
E2081,{62},A32,login,2025-09-29 18:24:41.000000,2025-09-30 19:03:39
E2082,{62},A32,feature_call,2025-10-12 22:33:06.000000,2025-10-14 19:54:07
E2083,{62},A32,feature_call,2025-10-05 15:22:36.000000,2025-10-05 23:51:53
E2084,{62},A32,api_call,2025-07-26 18:37:59.000000,2025-07-28 01:04:08
E2085,{62},A32,login,2025-07-31 20:20:22.000000,2025-08-01 04:39:44
E2086,{62},A32,login,2025-10-22 18:18:01.000000,2025-10-24 12:17:08
E2087,{62},A32,feature_call,2025-11-05 22:48:33.000000,2025-11-06 21:37:10
E2088,{62},A32,export,2025-12-22 05:40:12.000000,2025-12-22 10:25:59
E2089,{62},A32,export,2025-10-18 19:11:20.000000,2025-10-19 18:48:06
E2090,{62},A32,api_call,2025-10-29 10:18:48.000000,2025-10-29 12:17:48
E2091,{62},A32,feature_call,2025-09-13 21:55:56.000000,2025-09-15 12:52:51
E2092,{62},A32,login,2025-10-27 16:44:18.000000,2025-10-29 08:22:45
E2093,{62},A32,export,2025-11-05 08:51:28.000000,2025-11-07 06:23:07
E2094,{62},A32,export,2025-10-11 02:03:23.000000,2025-10-11 14:57:04
E2095,{62},A32,feature_call,2025-07-14 10:56:53.000000,2025-07-15 15:06:07
E2096,{62},A32,export,2025-10-05 10:55:26.000000,2025-10-06 11:28:50
E2097,{62},A32,export,2025-09-01 22:48:58.000000,2025-09-03 11:07:41
E2098,{62},A32,login,2025-08-29 01:54:23.000000,2025-08-30 14:15:53
E2099,{63},A33,feature_call,2025-09-01 18:38:36.000000,2025-09-02 04:33:58
E2100,{63},A33,login,2025-07-15 19:36:44.000000,2025-07-16 08:09:31
E2101,{63},A33,feature_call,2025-06-05 00:51:07.000000,2025-06-06 12:57:01
E2102,{63},A33,export,2025-09-01 08:23:14.000000,2025-09-01 15:49:50
E2103,{63},A33,feature_call,2025-09-14 12:35:34.000000,2025-09-15 08:17:23
E2104,{63},A33,login,2025-05-12 15:42:14.000000,2025-05-13 12:37:37
E2105,{63},A33,api_call,2025-08-28 08:58:42.000000,2025-08-29 04:15:59
E2106,{63},A33,login,2025-05-09 19:29:13.000000,2025-05-10 01:46:23
E2107,{63},A33,login,2025-06-12 21:52:59.000000,2025-06-13 17:13:13
E2108,{63},A33,export,2025-06-16 14:20:30.000000,2025-06-17 22:13:42
E2109,{63},A33,export,2025-05-16 23:23:00.000000,2025-05-17 05:11:29
E2110,{63},A33,login,2025-09-30 13:31:23.000000,2025-10-01 06:57:34
E2111,{63},A33,export,2025-10-19 02:59:24.000000,2025-10-20 08:15:10
E2112,{63},A33,api_call,2025-10-12 11:55:11.000000,2025-10-12 20:59:02
E2113,{63},A33,api_call,2025-10-19 21:30:45.000000,2025-10-19 23:36:42
E2114,{63},A33,login,2025-08-11 09:33:04.000000,2025-08-12 15:59:15
E2115,{63},A33,login,2025-10-16 08:06:59.000000,2025-10-17 09:42:26
E2116,{63},A33,export,2025-07-26 09:26:41.000000,2025-07-27 09:27:16
E2117,{63},A33,feature_call,2025-06-10 18:49:35.000000,2025-06-12 04:44:13
E2118,{63},A33,export,2025-09-29 18:29:11.000000,2025-10-01 11:10:38
E2119,{63},A33,api_call,2025-08-25 08:49:51.000000,2025-08-25 13:20:11
E2120,{63},A33,api_call,2025-10-03 16:34:54.000000,2025-10-05 01:36:06
E2121,{63},A33,feature_call,2025-07-26 10:59:51.000000,2025-07-26 12:29:37
E2122,{63},A33,login,2025-05-08 07:19:43.000000,2025-05-09 02:36:46
E2123,{63},A33,feature_call,2025-10-31 12:12:14.000000,2025-10-31 14:19:18
E2124,{63},A33,api_call,2025-10-12 14:46:46.000000,2025-10-12 23:29:50
E2125,{63},A33,feature_call,2025-08-16 17:50:29.000000,2025-08-17 16:07:23
E2126,{63},A33,api_call,2025-09-06 05:37:51.000000,2025-09-07 13:40:21
E2127,{63},A33,feature_call,2025-09-03 06:28:02.000000,2025-09-04 05:06:28
E2128,{63},A33,api_call,2025-09-30 12:24:56.000000,2025-10-01 04:33:26
E2129,{63},A33,api_call,2025-09-26 11:35:34.000000,2025-09-27 22:46:07
E2130,{63},A33,feature_call,2025-09-21 09:43:11.000000,2025-09-23 07:47:05
E2131,{63},A33,api_call,2025-08-09 13:59:37.000000,2025-08-10 06:09:11
E2132,{63},A33,api_call,2025-06-18 17:59:56.000000,2025-06-20 17:09:21
E2133,{63},A33,export,2025-05-13 09:28:57.000000,2025-05-14 01:10:06
E2134,{63},A33,api_call,2025-09-23 06:06:58.000000,2025-09-23 09:28:29
E2135,{63},A33,api_call,2025-06-07 04:43:19.000000,2025-06-08 00:45:52
E2136,{63},A33,feature_call,2025-10-11 14:53:43.000000,2025-10-12 07:48:59
E2137,{63},A33,login,2025-05-21 10:23:52.000000,2025-05-22 18:08:54
E2138,{63},A33,export,2025-07-21 16:40:37.000000,2025-07-23 05:13:43
E2139,{63},A33,export,2025-10-20 21:10:12.000000,2025-10-22 20:35:57
E2140,{63},A33,export,2025-09-23 22:06:55.000000,2025-09-25 08:32:37
E2141,{63},A33,api_call,2025-05-21 08:53:18.000000,2025-05-21 13:34:03
E2142,{63},A33,export,2025-08-12 15:06:04.000000,2025-08-12 22:15:41
E2143,{63},A33,feature_call,2025-06-09 07:48:21.000000,2025-06-10 08:22:51
E2144,{63},A33,export,2025-09-15 14:21:54.000000,2025-09-17 03:59:17
E2145,{63},A33,login,2025-08-28 12:19:33.000000,2025-08-29 06:03:30
E2146,{63},A33,feature_call,2025-09-16 04:21:19.000000,2025-09-16 09:15:31
E2147,{63},A33,export,2025-09-18 14:42:56.000000,2025-09-19 04:46:51
E2148,{63},A33,export,2025-06-11 14:35:15.000000,2025-06-12 01:52:51
E2149,{63},A33,feature_call,2025-08-13 03:39:40.000000,2025-08-14 18:30:05
E2150,{63},A33,login,2025-05-25 23:21:58.000000,2025-05-27 07:20:56
E2151,{63},A33,login,2025-09-30 10:49:26.000000,2025-10-01 23:40:04
E2152,{63},A33,feature_call,2025-07-23 21:06:51.000000,2025-07-25 13:48:00
E2153,{63},A33,api_call,2025-05-20 00:47:56.000000,2025-05-20 02:46:48
E2154,{63},A33,login,2025-09-11 11:00:15.000000,2025-09-12 07:21:34
E2155,{63},A33,api_call,2025-09-02 08:01:53.000000,2025-09-03 19:36:20
E2156,{63},A33,login,2025-08-02 06:32:14.000000,2025-08-04 03:01:11
E2157,{63},A33,login,2025-09-13 08:02:51.000000,2025-09-13 22:08:29
E2158,{63},A33,login,2025-07-08 21:42:51.000000,2025-07-09 15:27:59
E2159,{63},A33,api_call,2025-10-18 04:20:08.000000,2025-10-18 13:08:00
E2160,{63},A33,feature_call,2025-07-26 23:28:00.000000,2025-07-28 03:39:42
E2161,{63},A33,login,2025-08-23 17:33:06.000000,2025-08-25 13:42:49
E2162,{63},A33,export,2025-08-27 23:09:12.000000,2025-08-29 08:09:38
E2163,{63},A33,api_call,2025-07-12 12:23:36.000000,2025-07-13 22:42:51
E2164,{63},A33,export,2025-10-30 10:23:59.000000,2025-10-30 17:02:35
E2165,{63},A33,api_call,2025-06-24 09:31:23.000000,2025-06-26 07:30:47
E2166,{63},A33,login,2025-10-19 23:03:24.000000,2025-10-21 13:40:47
E2167,{63},A33,login,2025-07-03 00:08:41.000000,2025-07-04 04:08:46
E2168,{63},A33,export,2025-07-14 02:05:23.000000,2025-07-14 12:34:48
E2169,{63},A33,login,2025-09-25 00:19:13.000000,2025-09-25 02:55:15
E2170,{63},A33,api_call,2025-05-30 01:51:49.000000,2025-05-30 02:50:57
E2171,{63},A33,login,2025-05-11 18:41:58.000000,2025-05-11 22:23:28
E2172,{63},A33,api_call,2025-05-07 10:58:20.000000,2025-05-07 13:07:54
E2173,{63},A33,export,2025-07-06 23:41:15.000000,2025-07-08 22:44:20
E2174,{63},A33,feature_call,2025-08-03 12:55:18.000000,2025-08-03 13:15:16
E2175,{63},A33,api_call,2025-08-30 19:23:40.000000,2025-08-31 00:08:41
E2176,{63},A33,api_call,2025-09-07 04:33:34.000000,2025-09-07 19:53:14
E2177,{64},A33,feature_call,2025-06-15 15:09:41.000000,2025-06-16 13:29:03
E2178,{64},A33,feature_call,2025-05-27 00:54:43.000000,2025-05-28 23:27:58
E2179,{64},A33,export,2025-05-21 22:39:47.000000,2025-05-22 13:06:56
E2180,{64},A33,login,2025-08-26 01:17:30.000000,2025-08-26 19:50:53
E2181,{64},A33,export,2025-08-31 01:12:37.000000,2025-08-31 22:29:59
E2182,{64},A33,api_call,2025-07-16 00:55:55.000000,2025-07-16 15:29:52
E2183,{64},A33,export,2025-10-31 12:26:19.000000,2025-11-01 11:28:33
E2184,{64},A33,api_call,2025-06-13 04:49:14.000000,2025-06-13 13:12:53
E2185,{64},A33,login,2025-06-21 09:20:43.000000,2025-06-22 09:10:56
E2186,{64},A33,login,2025-05-12 02:05:17.000000,2025-05-13 21:44:15
E2187,{64},A33,export,2025-08-07 19:49:15.000000,2025-08-08 08:22:01
E2188,{64},A33,login,2025-08-01 10:31:20.000000,2025-08-01 10:39:52
E2189,{64},A33,feature_call,2025-05-17 01:06:57.000000,2025-05-19 00:23:06
E2190,{64},A33,feature_call,2025-09-23 07:32:32.000000,2025-09-24 22:14:50
E2191,{64},A33,api_call,2025-08-02 07:36:41.000000,2025-08-03 12:10:06
E2192,{64},A33,export,2025-10-30 02:00:52.000000,2025-10-31 21:11:19
E2193,{64},A33,feature_call,2025-06-18 10:13:05.000000,2025-06-18 19:46:06
E2194,{64},A33,api_call,2025-05-18 03:56:07.000000,2025-05-18 20:50:34
E2195,{64},A33,api_call,2025-09-02 13:28:25.000000,2025-09-03 13:14:16
E2196,{64},A33,export,2025-09-09 21:43:33.000000,2025-09-10 20:34:19
E2197,{64},A33,api_call,2025-06-26 17:38:26.000000,2025-06-27 05:17:15
E2198,{64},A33,export,2025-09-27 15:31:16.000000,2025-09-27 18:30:48
E2199,{64},A33,api_call,2025-09-23 16:23:44.000000,2025-09-24 07:42:50
E2200,{64},A33,login,2025-09-16 23:48:40.000000,2025-09-16 23:52:17
E2201,{64},A33,feature_call,2025-06-08 23:52:50.000000,2025-06-09 14:18:37
E2202,{64},A33,export,2025-06-20 00:59:39.000000,2025-06-20 23:45:06
E2203,{64},A33,login,2025-06-18 04:56:13.000000,2025-06-19 09:40:30
E2204,{64},A33,feature_call,2025-07-13 01:57:14.000000,2025-07-13 20:38:05
E2205,{64},A33,export,2025-08-24 05:57:39.000000,2025-08-24 10:49:54
E2206,{64},A33,export,2025-10-14 03:32:07.000000,2025-10-14 06:40:07
E2207,{64},A33,feature_call,2025-08-19 04:17:39.000000,2025-08-20 01:10:55
E2208,{65},A34,api_call,2025-07-20 20:24:43.000000,2025-07-22 08:41:20
E2209,{65},A34,export,2025-07-14 18:53:21.000000,2025-07-15 04:55:34
E2210,{65},A34,api_call,2025-11-26 07:30:48.000000,2025-11-27 12:58:13
E2211,{65},A34,api_call,2025-11-21 02:00:06.000000,2025-11-22 07:00:15
E2212,{65},A34,api_call,2025-06-07 16:04:12.000000,2025-06-09 11:44:57
E2213,{65},A34,login,2025-05-08 19:45:25.000000,2025-05-10 15:10:05
E2214,{65},A34,export,2025-08-10 23:35:48.000000,2025-08-11 20:34:26
E2215,{65},A34,export,2025-08-06 08:21:54.000000,2025-08-07 21:15:30
E2216,{65},A34,api_call,2025-06-26 17:45:19.000000,2025-06-27 06:53:08
E2217,{65},A34,export,2025-06-23 01:50:21.000000,2025-06-24 01:34:19
E2218,{65},A34,export,2025-12-20 01:59:30.000000,2025-12-20 13:33:19
E2219,{65},A34,export,2025-09-15 14:43:50.000000,2025-09-17 11:19:52
E2220,{65},A34,api_call,2025-08-25 02:01:41.000000,2025-08-25 15:45:00
E2221,{65},A34,api_call,2025-10-10 10:22:44.000000,2025-10-12 09:34:38
E2222,{65},A34,feature_call,2025-08-06 00:09:29.000000,2025-08-06 00:18:39
E2223,{65},A34,api_call,2025-10-16 15:10:24.000000,2025-10-17 00:20:58
E2224,{66},A34,feature_call,2025-10-28 07:16:32.000000,2025-10-30 06:23:17
E2225,{66},A34,export,2026-01-13 05:14:50.000000,2026-01-14 06:47:47
E2226,{67},A34,feature_call,2025-12-30 14:08:27.000000,2025-12-31 13:33:51
E2227,{67},A34,feature_call,2025-11-16 05:42:43.000000,2025-11-16 19:10:22
E2228,{67},A34,login,2025-10-27 13:02:19.000000,2025-10-28 05:01:05
E2229,{67},A34,api_call,2025-05-15 07:15:18.000000,2025-05-15 15:29:02
E2230,{67},A34,login,2025-12-06 14:28:04.000000,2025-12-06 21:06:15
E2231,{67},A34,feature_call,2025-05-13 18:27:41.000000,2025-05-15 01:13:00
E2232,{67},A34,export,2025-05-25 20:06:54.000000,2025-05-27 17:41:17
E2233,{67},A34,export,2025-06-28 10:04:05.000000,2025-06-28 23:30:39
E2234,{67},A34,login,2025-07-29 19:42:12.000000,2025-07-30 02:48:33
E2235,{67},A34,feature_call,2026-01-08 09:45:17.000000,2026-01-09 04:22:08
E2236,{67},A34,api_call,2025-10-08 23:57:51.000000,2025-10-09 16:38:55
E2237,{67},A34,login,2025-06-28 22:05:35.000000,2025-06-30 21:16:19
E2238,{67},A34,login,2025-05-28 10:21:53.000000,2025-05-29 06:42:23
E2239,{67},A34,feature_call,2025-05-29 04:02:45.000000,2025-05-29 20:06:04
E2240,{67},A34,login,2025-06-22 10:35:16.000000,2025-06-23 19:55:49
E2241,{67},A34,api_call,2025-10-15 10:05:32.000000,2025-10-15 23:17:23
E2242,{67},A34,login,2025-07-26 01:55:39.000000,2025-07-26 12:12:02
E2243,{67},A34,feature_call,2025-12-10 05:20:02.000000,2025-12-10 10:28:41
E2244,{67},A34,export,2025-08-03 16:19:19.000000,2025-08-04 01:00:02
E2245,{67},A34,export,2025-12-11 19:50:11.000000,2025-12-13 03:54:34
E2246,{67},A34,login,2025-10-05 19:18:45.000000,2025-10-07 11:54:17
E2247,{67},A34,login,2025-07-15 12:45:54.000000,2025-07-16 14:31:00
E2248,{67},A34,login,2025-08-13 00:21:53.000000,2025-08-14 10:03:01
E2249,{67},A34,export,2025-12-16 11:54:37.000000,2025-12-17 23:04:24
E2250,{67},A34,export,2025-07-17 19:52:17.000000,2025-07-18 09:28:00
E2251,{67},A34,export,2026-01-03 09:04:54.000000,2026-01-05 06:20:25
E2252,{67},A34,feature_call,2025-11-25 18:20:45.000000,2025-11-27 13:42:47
E2253,{67},A34,feature_call,2025-12-30 18:23:20.000000,2026-01-01 14:56:54
E2254,{67},A34,api_call,2025-12-31 05:39:35.000000,2025-12-31 14:29:06
E2255,{67},A34,feature_call,2025-08-29 13:13:32.000000,2025-08-29 16:05:23
E2256,{67},A34,login,2025-07-11 21:43:13.000000,2025-07-11 22:02:17
E2257,{67},A34,feature_call,2025-06-10 10:57:43.000000,2025-06-11 00:59:38
E2258,{67},A34,api_call,2025-08-07 01:05:13.000000,2025-08-08 20:13:40
E2259,{67},A34,login,2025-05-24 23:50:29.000000,2025-05-26 16:26:18
E2260,{67},A34,login,2025-05-26 23:14:50.000000,2025-05-28 19:32:56
E2261,{67},A34,export,2025-09-12 08:55:07.000000,2025-09-13 17:11:22
E2262,{67},A34,feature_call,2025-09-19 13:15:45.000000,2025-09-20 06:17:17
E2263,{67},A34,login,2025-06-27 05:56:47.000000,2025-06-27 18:48:38
E2264,{67},A34,feature_call,2025-06-18 09:35:29.000000,2025-06-18 12:03:19
E2265,{65},A34,feature_call,2025-12-22 16:09:06.000000,2025-12-23 14:24:35
E2266,{65},A34,login,2025-12-09 20:49:59.000000,2025-12-10 11:03:36
E2267,{65},A34,api_call,2025-12-28 05:52:10.000000,2025-12-28 10:56:45
E2268,{65},A34,export,2025-12-20 16:22:01.000000,2025-12-22 07:39:52
E2269,{65},A34,api_call,2025-12-07 01:10:37.000000,2025-12-08 10:59:16
E2270,{65},A34,export,2026-01-09 21:13:54.000000,2026-01-11 16:05:45
E2271,{65},A34,feature_call,2025-12-02 22:19:00.000000,2025-12-04 14:55:18
E2272,{65},A34,login,2025-12-12 09:01:38.000000,2025-12-12 13:48:13
E2273,{65},A34,api_call,2025-11-16 11:23:36.000000,2025-11-18 06:35:11
E2274,{65},A34,export,2026-01-05 10:03:50.000000,2026-01-06 17:50:41
E2275,{65},A34,export,2025-12-01 17:34:42.000000,2025-12-02 21:51:38
E2276,{65},A34,login,2025-12-07 06:25:34.000000,2025-12-08 10:34:55
E2277,{65},A34,export,2025-12-08 17:59:41.000000,2025-12-09 18:23:56
E2278,{65},A34,api_call,2026-01-18 01:59:29.000000,2026-01-19 17:53:38
E2279,{65},A34,login,2025-11-15 13:26:05.000000,2025-11-16 13:01:03
E2280,{65},A34,api_call,2025-12-29 13:39:57.000000,2025-12-29 14:22:13
E2281,{65},A34,feature_call,2026-01-21 21:09:18.000000,2026-01-22 20:39:01
E2282,{65},A34,feature_call,2025-12-07 06:41:24.000000,2025-12-08 18:06:02
E2283,{65},A34,login,2025-11-17 19:25:01.000000,2025-11-18 10:38:58
E2284,{65},A34,api_call,2026-01-01 02:24:40.000000,2026-01-01 08:07:50
E2285,{65},A34,login,2025-11-09 21:25:46.000000,2025-11-11 05:37:20
E2286,{65},A34,export,2026-01-19 12:47:14.000000,2026-01-19 17:30:14
E2287,{65},A34,export,2025-12-27 21:56:34.000000,2025-12-29 11:01:43
E2288,{65},A34,export,2025-11-17 19:35:07.000000,2025-11-19 14:19:02
E2289,{65},A34,login,2025-12-26 02:22:30.000000,2025-12-27 10:14:08
E2290,{65},A34,api_call,2026-01-19 08:36:12.000000,2026-01-19 08:42:33
E2291,{65},A34,api_call,2026-01-04 04:05:46.000000,2026-01-04 04:33:25
E2292,{65},A34,export,2025-11-02 18:52:26.000000,2025-11-04 18:17:31
E2293,{65},A34,feature_call,2025-11-03 04:24:35.000000,2025-11-03 07:54:26
E2294,{65},A34,login,2025-11-01 16:00:31.000000,2025-11-03 00:32:27
E2295,{65},A34,export,2025-11-23 05:14:06.000000,2025-11-25 02:57:52
E2296,{65},A34,feature_call,2025-12-10 00:47:58.000000,2025-12-11 12:33:33
E2297,{65},A34,api_call,2026-02-27 00:00:00.128689,2026-02-28 01:31:23
E2298,{65},A34,login,2026-02-27 00:00:00.866310,2026-02-27 13:29:02
E2299,{65},A34,feature_call,2026-02-27 00:00:00.802128,2026-02-27 12:19:32
E2300,{65},A34,login,2026-02-27 00:00:00.264363,2026-02-27 05:52:01
E2301,{65},A34,export,2026-02-27 00:00:00.180634,2026-02-27 00:43:01
E2302,{65},A34,export,2026-02-27 00:00:00.099305,2026-02-28 21:52:02
E2303,{65},A34,api_call,2026-02-27 00:00:00.122694,2026-02-28 04:00:46
E2304,{65},A34,export,2026-02-27 00:00:00.755071,2026-02-27 02:14:26
E2305,{65},A34,login,2026-02-27 00:00:00.694789,2026-02-28 10:59:21
E2306,{65},A34,api_call,2026-02-27 00:00:00.225410,2026-02-27 07:23:25
E2307,{65},A34,feature_call,2026-02-27 00:00:00.104601,2026-02-27 17:19:17
E2308,{65},A34,api_call,2026-02-27 00:00:00.465416,2026-02-28 19:07:06
E2309,{65},A34,login,2026-02-27 00:00:00.487502,2026-02-28 22:11:57
E2310,{65},A34,api_call,2026-02-27 00:00:00.040748,2026-02-28 14:00:12
E2311,{65},A34,api_call,2026-02-27 00:00:00.774042,2026-02-27 22:23:26
E2312,{65},A34,export,2026-02-27 00:00:00.405823,2026-02-28 09:13:04
E2313,{65},A34,export,2026-02-27 00:00:00.827443,2026-02-28 12:53:08
E2314,{65},A34,feature_call,2026-02-27 00:00:00.128925,2026-02-28 21:56:42
E2315,{65},A34,login,2026-02-27 00:00:00.451918,2026-02-28 21:07:23
E2316,{65},A34,login,2026-02-27 00:00:00.667816,2026-02-27 08:07:32
E2317,{65},A34,feature_call,2026-02-27 00:00:00.990899,2026-02-27 18:29:59
E2318,{65},A34,login,2026-02-27 00:00:00.221816,2026-02-28 15:20:56
E2319,{65},A34,export,2026-02-27 00:00:00.120106,2026-02-27 11:01:54
E2320,{65},A34,api_call,2026-02-27 00:00:00.419986,2026-02-27 10:30:11
E2321,{65},A34,login,2026-02-27 00:00:00.833929,2026-02-28 11:42:07
E2322,{65},A34,login,2026-02-27 00:00:00.113897,2026-02-27 17:23:46
E2323,{65},A34,api_call,2026-02-27 00:00:00.061882,2026-02-28 16:51:11
E2324,{67},A34,feature_call,2026-02-27 00:00:00.900037,2026-02-28 18:34:06
E2325,{67},A34,login,2026-02-27 00:00:00.876111,2026-02-27 13:40:32
E2326,{67},A34,export,2026-02-27 00:00:00.927318,2026-02-27 15:53:28
E2327,{67},A34,login,2026-02-27 00:00:00.098531,2026-02-27 11:19:16
E2328,{67},A34,api_call,2026-02-27 00:00:00.252207,2026-02-28 15:17:12
E2329,{67},A34,feature_call,2026-02-27 00:00:00.856260,2026-02-27 19:05:07
E2330,{67},A34,export,2026-02-27 00:00:00.059533,2026-02-27 06:57:57
E2331,{67},A34,export,2026-02-27 00:00:00.194551,2026-02-28 05:07:35
E2332,{67},A34,login,2026-02-27 00:00:00.362010,2026-02-27 19:31:35
E2333,{67},A34,api_call,2026-02-27 00:00:00.205041,2026-02-27 11:56:39
E2334,{67},A34,api_call,2026-02-27 00:00:00.528976,2026-02-28 15:57:38
E2335,{67},A34,export,2026-02-27 00:00:00.758782,2026-02-28 16:55:45
E2336,{67},A34,export,2026-02-27 00:00:00.948399,2026-02-27 13:23:06
E2337,{67},A34,export,2026-02-27 00:00:00.067949,2026-02-27 04:29:28
E2338,{67},A34,api_call,2026-02-27 00:00:00.494668,2026-02-28 21:13:29
E2339,{67},A34,feature_call,2026-02-27 00:00:00.538303,2026-02-27 12:55:08
E2340,{67},A34,export,2026-02-27 00:00:00.188604,2026-02-28 17:38:12
E2341,{67},A34,feature_call,2026-02-27 00:00:00.096148,2026-02-27 01:35:27
E2342,{68},A35,login,2025-09-08 23:15:09.000000,2025-09-10 00:09:52
E2343,{68},A35,api_call,2025-12-13 14:11:28.000000,2025-12-14 20:41:20
E2344,{68},A35,feature_call,2025-10-17 07:38:59.000000,2025-10-17 20:50:09
E2345,{68},A35,api_call,2025-11-28 04:45:15.000000,2025-11-28 22:50:17
E2346,{68},A35,api_call,2026-01-10 04:39:36.000000,2026-01-11 05:02:52
E2347,{68},A35,export,2025-08-10 18:19:25.000000,2025-08-10 19:29:52
E2348,{68},A35,export,2025-12-20 09:35:05.000000,2025-12-20 17:28:17
E2349,{68},A35,feature_call,2025-08-08 02:17:34.000000,2025-08-08 04:38:54
E2350,{68},A35,login,2025-11-08 18:55:00.000000,2025-11-09 11:00:36
E2351,{68},A35,login,2025-07-30 10:56:07.000000,2025-07-31 12:32:02
E2352,{68},A35,login,2025-11-16 03:13:40.000000,2025-11-16 07:52:10
E2353,{68},A35,export,2025-09-13 00:47:18.000000,2025-09-14 02:32:38
E2354,{68},A35,login,2025-11-24 10:57:23.000000,2025-11-26 01:38:41
E2355,{68},A35,login,2025-09-15 13:54:31.000000,2025-09-15 14:37:33
E2356,{68},A35,feature_call,2025-11-06 20:18:06.000000,2025-11-08 05:43:31
E2357,{68},A35,login,2025-12-18 21:03:38.000000,2025-12-20 06:02:27
E2358,{68},A35,export,2025-10-20 03:03:51.000000,2025-10-20 17:59:25
E2359,{68},A35,api_call,2025-12-10 00:31:30.000000,2025-12-10 13:43:45
E2360,{68},A35,feature_call,2025-11-08 08:20:42.000000,2025-11-08 20:44:37
E2361,{68},A35,feature_call,2025-11-14 15:24:04.000000,2025-11-15 15:55:35
E2362,{68},A35,api_call,2025-08-02 04:40:59.000000,2025-08-02 23:03:29
E2363,{68},A35,export,2025-10-04 17:06:12.000000,2025-10-05 17:51:13
E2364,{68},A35,api_call,2025-12-15 12:05:35.000000,2025-12-15 15:52:18
E2365,{68},A35,api_call,2025-08-06 03:23:19.000000,2025-08-06 10:19:27
E2366,{68},A35,api_call,2025-08-27 17:27:08.000000,2025-08-28 02:32:59
E2367,{68},A35,feature_call,2026-01-10 00:41:42.000000,2026-01-11 06:25:23
E2368,{68},A35,api_call,2025-07-27 07:59:09.000000,2025-07-28 12:22:55
E2369,{68},A35,login,2025-07-30 10:28:05.000000,2025-07-30 15:31:53
E2370,{68},A35,feature_call,2025-10-11 18:58:48.000000,2025-10-13 17:08:46
E2371,{68},A35,login,2025-11-18 15:51:37.000000,2025-11-19 02:02:15
E2372,{68},A35,api_call,2025-11-07 14:10:03.000000,2025-11-07 22:37:40
E2373,{68},A35,feature_call,2025-09-19 17:49:36.000000,2025-09-21 03:40:16
E2374,{68},A35,login,2025-08-22 20:52:44.000000,2025-08-24 02:44:03
E2375,{68},A35,feature_call,2025-11-16 00:12:25.000000,2025-11-16 11:25:47
E2376,{68},A35,feature_call,2026-01-05 19:43:07.000000,2026-01-07 09:05:54
E2377,{68},A35,feature_call,2025-12-24 15:10:07.000000,2025-12-24 22:50:48
E2378,{68},A35,login,2025-12-22 08:59:16.000000,2025-12-23 12:14:59
E2379,{68},A35,feature_call,2026-06-16 02:12:24.000000,2026-06-16 17:05:31
E2380,{68},A35,login,2026-03-07 01:40:58.000000,2026-03-08 21:02:01
E2381,{68},A35,export,2026-06-03 10:25:38.000000,2026-06-05 08:23:50
E2382,{68},A35,login,2026-02-27 20:26:43.000000,2026-02-28 01:58:46
E2383,{68},A35,login,2026-02-15 08:10:36.000000,2026-02-15 18:25:14
E2384,{68},A35,api_call,2026-03-13 16:35:30.000000,2026-03-13 17:05:53
E2385,{68},A35,export,2026-04-27 12:46:21.000000,2026-04-28 08:09:47
E2386,{68},A35,login,2026-05-13 22:49:46.000000,2026-05-15 06:06:49
E2387,{69},A36,export,2025-08-05 14:26:21.000000,2025-08-06 17:25:16
E2388,{69},A36,export,2025-12-29 17:31:13.000000,2025-12-30 13:05:27
E2389,{69},A36,api_call,2025-09-10 09:53:26.000000,2025-09-11 21:34:49
E2390,{69},A36,api_call,2026-01-11 14:19:58.000000,2026-01-12 18:43:54
E2391,{69},A36,export,2025-10-02 16:27:49.000000,2025-10-04 00:05:30
E2392,{69},A36,feature_call,2025-10-17 01:20:29.000000,2025-10-18 22:48:43
E2393,{69},A36,login,2025-12-13 18:38:55.000000,2025-12-14 19:06:25
E2394,{69},A36,feature_call,2026-01-18 19:37:47.000000,2026-01-20 10:58:43
E2395,{69},A36,login,2025-12-04 18:11:38.000000,2025-12-06 08:49:25
E2396,{74},A38,login,2025-07-17 06:19:35.000000,2025-07-17 18:59:56
E2397,{74},A38,api_call,2025-06-28 09:38:49.000000,2025-06-28 21:10:37
E2398,{74},A38,api_call,2025-07-18 05:51:28.000000,2025-07-20 04:10:39
E2399,{74},A38,login,2025-07-07 07:53:17.000000,2025-07-08 02:52:55
E2400,{74},A38,api_call,2025-06-24 12:32:12.000000,2025-06-25 17:53:11
E2401,{74},A38,feature_call,2025-07-08 17:37:02.000000,2025-07-10 12:28:30
E2402,{72},A38,export,2025-10-11 14:42:39.000000,2025-10-13 12:47:09
E2403,{72},A38,feature_call,2025-11-06 11:46:44.000000,2025-11-07 04:34:17
E2404,{72},A38,feature_call,2025-09-19 13:13:39.000000,2025-09-21 03:45:05
E2405,{72},A38,export,2025-11-15 07:53:27.000000,2025-11-15 19:26:21
E2406,{72},A38,login,2025-11-08 21:09:11.000000,2025-11-10 05:02:17
E2407,{72},A38,login,2025-09-26 18:45:08.000000,2025-09-27 05:00:51
E2408,{72},A38,api_call,2025-11-03 10:03:03.000000,2025-11-05 03:43:59
E2409,{72},A38,login,2025-11-12 12:42:10.000000,2025-11-13 20:48:37
E2410,{72},A38,feature_call,2025-09-18 01:29:35.000000,2025-09-19 11:23:14
E2411,{72},A38,export,2025-09-30 14:05:01.000000,2025-10-01 13:56:53
E2412,{72},A38,feature_call,2025-09-15 03:01:30.000000,2025-09-15 22:51:27
E2413,{72},A38,export,2025-10-04 02:59:36.000000,2025-10-05 05:52:11
E2414,{72},A38,api_call,2025-08-26 12:20:39.000000,2025-08-27 11:44:51
E2415,{72},A38,export,2025-09-04 07:54:14.000000,2025-09-05 01:07:03
E2416,{72},A38,login,2025-11-11 14:21:50.000000,2025-11-12 23:38:31
E2417,{72},A38,api_call,2025-10-09 20:51:37.000000,2025-10-11 03:47:27
E2418,{72},A38,api_call,2025-09-05 20:22:46.000000,2025-09-07 07:01:16
E2419,{72},A38,api_call,2025-08-28 06:40:21.000000,2025-08-29 09:02:46
E2420,{72},A38,api_call,2025-09-18 00:02:58.000000,2025-09-18 22:55:30
E2421,{72},A38,api_call,2025-08-29 23:42:02.000000,2025-08-30 21:24:32
E2422,{72},A38,api_call,2025-08-25 15:43:07.000000,2025-08-25 17:32:42
E2423,{72},A38,export,2025-08-27 15:36:57.000000,2025-08-29 07:03:57
E2424,{72},A38,api_call,2025-09-05 12:01:22.000000,2025-09-06 06:52:40
E2425,{72},A38,login,2025-10-28 19:04:25.000000,2025-10-28 20:10:40
E2426,{72},A38,api_call,2025-11-16 02:46:25.000000,2025-11-17 06:28:10
E2427,{72},A38,login,2025-10-31 22:14:28.000000,2025-11-01 15:45:24
E2428,{72},A38,api_call,2025-10-13 03:20:59.000000,2025-10-13 06:23:12
E2429,{72},A38,feature_call,2025-11-16 12:15:48.000000,2025-11-17 08:53:55
E2430,{72},A38,login,2025-08-26 19:30:59.000000,2025-08-28 02:27:53
E2431,{72},A38,api_call,2025-10-23 02:49:47.000000,2025-10-23 04:20:24
E2432,{72},A38,export,2025-09-20 08:46:41.000000,2025-09-21 09:13:36
E2433,{72},A38,login,2025-08-26 00:42:11.000000,2025-08-26 19:04:59
E2434,{72},A38,api_call,2025-09-21 12:53:23.000000,2025-09-21 22:54:54
E2435,{72},A38,feature_call,2025-09-17 22:12:46.000000,2025-09-19 10:04:17
E2436,{72},A38,export,2025-10-03 09:12:38.000000,2025-10-04 11:45:36
E2437,{72},A38,feature_call,2025-09-07 07:53:20.000000,2025-09-08 05:31:20
E2438,{72},A38,export,2025-10-15 11:35:01.000000,2025-10-16 14:03:50
E2439,{72},A38,export,2025-09-16 17:09:02.000000,2025-09-17 11:08:35
E2440,{73},A38,feature_call,2025-10-08 06:18:33.000000,2025-10-10 00:11:45
E2441,{73},A38,api_call,2025-10-19 17:26:17.000000,2025-10-21 17:07:10
E2442,{73},A38,feature_call,2025-11-16 10:31:17.000000,2025-11-18 01:00:19
E2443,{73},A38,feature_call,2025-10-20 11:16:08.000000,2025-10-20 17:12:56
E2444,{73},A38,export,2025-11-02 13:20:38.000000,2025-11-04 04:15:57
E2445,{72},A38,export,2025-12-07 23:52:42.000000,2025-12-08 00:48:12
E2446,{72},A38,login,2025-12-31 12:32:51.000000,2026-01-01 04:28:56
E2447,{72},A38,export,2026-01-10 17:39:54.000000,2026-01-11 09:56:14
E2448,{72},A38,api_call,2026-01-21 14:34:50.000000,2026-01-22 22:55:55
E2449,{72},A38,feature_call,2026-01-02 00:20:28.000000,2026-01-03 03:19:51
E2450,{72},A38,feature_call,2025-12-05 07:39:53.000000,2025-12-05 10:21:22
E2451,{72},A38,login,2026-01-17 06:54:43.000000,2026-01-18 17:05:22
E2452,{72},A38,export,2026-01-10 05:45:44.000000,2026-01-11 19:13:18
E2453,{72},A38,api_call,2025-11-24 20:01:24.000000,2025-11-26 01:11:31
E2454,{72},A38,feature_call,2025-12-18 01:09:41.000000,2025-12-19 23:20:26
E2455,{72},A38,export,2025-12-01 21:33:35.000000,2025-12-02 03:30:59
E2456,{72},A38,login,2025-12-21 19:44:29.000000,2025-12-23 01:23:37
E2457,{72},A38,feature_call,2025-11-28 04:00:39.000000,2025-11-29 18:15:28
E2458,{72},A38,export,2025-11-30 16:18:04.000000,2025-12-01 07:00:09
E2459,{72},A38,export,2026-01-05 04:59:31.000000,2026-01-06 10:50:11
E2460,{72},A38,feature_call,2025-12-02 14:32:45.000000,2025-12-03 22:03:52
E2461,{72},A38,login,2025-11-30 02:35:23.000000,2025-12-02 00:16:27
E2462,{72},A38,feature_call,2025-12-07 04:44:43.000000,2025-12-08 02:35:23
E2463,{72},A38,export,2025-12-14 09:46:11.000000,2025-12-14 19:16:08
E2464,{72},A38,export,2025-12-22 05:13:04.000000,2025-12-23 23:12:34
E2465,{72},A38,login,2025-12-21 15:26:49.000000,2025-12-22 05:37:54
E2466,{72},A38,export,2026-01-13 14:33:02.000000,2026-01-13 22:19:27
E2467,{72},A38,api_call,2026-01-02 00:21:16.000000,2026-01-02 04:20:53
E2468,{72},A38,login,2025-12-28 13:54:40.000000,2025-12-29 05:44:26
E2469,{72},A38,feature_call,2026-01-15 23:18:33.000000,2026-01-16 17:41:40
E2470,{72},A38,login,2025-11-28 14:01:39.000000,2025-11-30 10:45:32
E2471,{72},A38,export,2025-12-17 05:15:23.000000,2025-12-19 01:21:53
E2472,{72},A38,login,2025-12-11 05:57:05.000000,2025-12-13 03:15:30
E2473,{72},A38,api_call,2026-01-01 06:52:01.000000,2026-01-02 08:30:20
E2474,{72},A38,feature_call,2025-11-30 19:19:52.000000,2025-12-02 06:09:11
E2475,{72},A38,login,2025-12-18 03:02:48.000000,2025-12-20 00:08:30
E2476,{72},A38,feature_call,2026-01-08 18:29:03.000000,2026-01-10 02:41:12
E2477,{72},A38,export,2025-12-09 16:35:11.000000,2025-12-11 15:43:48
E2478,{72},A38,export,2025-12-19 22:29:11.000000,2025-12-20 10:12:24
E2479,{72},A38,api_call,2026-01-07 15:29:02.000000,2026-01-09 14:02:15
E2480,{72},A38,login,2025-12-09 17:49:06.000000,2025-12-10 14:00:42
E2481,{72},A38,export,2025-12-06 15:26:12.000000,2025-12-07 14:07:49
E2482,{72},A38,export,2026-01-21 11:05:31.000000,2026-01-22 02:55:31
E2483,{72},A38,api_call,2025-12-25 04:45:34.000000,2025-12-27 00:15:45
E2484,{72},A38,api_call,2026-01-20 13:32:13.000000,2026-01-20 19:19:26
E2485,{72},A38,export,2026-01-17 11:38:10.000000,2026-01-18 03:30:06
E2486,{72},A38,export,2026-01-04 09:47:51.000000,2026-01-04 20:58:03
E2487,{72},A38,feature_call,2025-12-14 04:34:08.000000,2025-12-15 19:53:32
E2488,{72},A38,api_call,2025-11-27 10:20:07.000000,2025-11-27 19:03:25
E2489,{72},A38,api_call,2025-12-11 05:53:53.000000,2025-12-11 21:31:22
E2490,{72},A38,feature_call,2026-01-04 05:06:47.000000,2026-01-05 03:27:33
E2491,{72},A38,feature_call,2026-01-15 01:29:11.000000,2026-01-15 07:03:52
E2492,{72},A38,feature_call,2026-01-15 22:41:13.000000,2026-01-15 23:36:34
E2493,{72},A38,feature_call,2026-01-08 03:38:19.000000,2026-01-09 23:17:52
E2494,{72},A38,login,2026-01-18 14:19:04.000000,2026-01-19 06:51:00
E2495,{72},A38,api_call,2025-11-27 16:08:17.000000,2025-11-27 16:24:13
E2496,{72},A38,api_call,2025-12-15 21:09:16.000000,2025-12-17 15:14:39
E2497,{73},A38,feature_call,2026-01-06 10:10:39.000000,2026-01-08 01:43:30
E2498,{73},A38,export,2026-01-14 10:45:18.000000,2026-01-16 04:35:17
E2499,{73},A38,feature_call,2025-12-31 10:56:27.000000,2025-12-31 23:45:40
E2500,{73},A38,login,2025-11-29 16:26:08.000000,2025-12-01 07:42:44
E2501,{73},A38,feature_call,2026-01-20 21:49:18.000000,2026-01-22 06:03:16
E2502,{73},A38,export,2025-12-04 10:05:54.000000,2025-12-05 10:57:30
E2503,{73},A38,login,2025-12-02 13:24:54.000000,2025-12-03 19:37:41
E2504,{73},A38,feature_call,2025-12-21 23:36:41.000000,2025-12-23 03:48:50
E2505,{73},A38,feature_call,2026-01-14 02:07:17.000000,2026-01-14 02:30:49
E2506,{73},A38,export,2025-12-06 12:48:33.000000,2025-12-07 06:16:13
E2507,{73},A38,feature_call,2025-12-10 18:29:19.000000,2025-12-12 05:48:28
E2508,{73},A38,export,2025-12-15 21:34:09.000000,2025-12-17 04:07:58
E2509,{73},A38,api_call,2025-12-13 04:13:06.000000,2025-12-13 16:40:36
E2510,{73},A38,login,2026-01-04 11:26:03.000000,2026-01-06 06:25:26
E2511,{73},A38,api_call,2025-12-16 06:50:33.000000,2025-12-17 14:54:18
E2512,{73},A38,login,2026-01-04 20:45:08.000000,2026-01-06 15:55:39
E2513,{73},A38,api_call,2025-12-01 18:46:33.000000,2025-12-03 07:45:27
E2514,{73},A38,api_call,2025-12-26 09:03:07.000000,2025-12-26 17:25:49
E2515,{73},A38,api_call,2026-01-07 22:47:56.000000,2026-01-09 16:43:14
E2516,{73},A38,export,2025-11-28 17:31:31.000000,2025-11-30 06:51:16
E2517,{73},A38,export,2025-12-27 10:51:31.000000,2025-12-28 10:49:08
E2518,{73},A38,feature_call,2026-01-06 03:22:37.000000,2026-01-06 18:20:50
E2519,{74},A38,feature_call,2026-01-21 05:23:37.000000,2026-01-21 17:16:59
E2520,{74},A38,login,2025-12-29 09:31:01.000000,2025-12-31 06:47:24
E2521,{74},A38,feature_call,2026-01-17 08:51:17.000000,2026-01-17 23:00:47
E2522,{74},A38,export,2026-01-16 00:00:55.000000,2026-01-16 06:37:22
E2523,{74},A38,api_call,2025-12-18 15:34:23.000000,2025-12-20 03:49:10
E2524,{74},A38,export,2026-01-01 19:01:27.000000,2026-01-03 00:20:44
E2525,{74},A38,export,2026-01-12 11:03:41.000000,2026-01-13 01:46:57
E2526,{74},A38,api_call,2026-01-04 07:22:53.000000,2026-01-05 08:28:45
E2527,{74},A38,api_call,2026-01-08 00:17:19.000000,2026-01-08 13:56:56
E2528,{74},A38,login,2025-12-08 17:03:53.000000,2025-12-10 12:28:23
E2529,{74},A38,export,2026-01-20 09:36:02.000000,2026-01-20 18:34:35
E2530,{74},A38,login,2026-01-18 12:39:13.000000,2026-01-19 07:10:16
E2531,{74},A38,feature_call,2026-01-19 21:42:48.000000,2026-01-19 22:23:57
E2532,{74},A38,export,2025-12-21 17:58:01.000000,2025-12-23 00:59:53
E2533,{74},A38,login,2025-12-03 21:08:51.000000,2025-12-04 05:16:46
E2534,{74},A38,export,2026-01-21 07:08:59.000000,2026-01-22 02:22:36
E2535,{74},A38,login,2025-11-24 08:57:11.000000,2025-11-26 08:09:08
E2536,{74},A38,export,2025-12-22 04:54:44.000000,2025-12-24 04:16:31
E2537,{74},A38,export,2025-12-14 18:02:02.000000,2025-12-16 09:26:12
E2538,{74},A38,feature_call,2026-01-09 20:55:27.000000,2026-01-11 01:50:46
E2539,{74},A38,api_call,2025-11-30 23:43:15.000000,2025-12-02 10:11:15
E2540,{74},A38,api_call,2025-12-31 14:59:44.000000,2026-01-02 00:50:25
E2541,{74},A38,export,2026-01-07 13:06:08.000000,2026-01-08 03:44:47
E2542,{74},A38,login,2025-12-20 06:50:33.000000,2025-12-20 22:23:03
E2543,{74},A38,feature_call,2026-01-18 17:19:20.000000,2026-01-20 04:05:23
E2544,{74},A38,feature_call,2026-01-05 07:34:03.000000,2026-01-05 12:58:01
E2545,{74},A38,api_call,2026-01-21 19:48:18.000000,2026-01-22 17:50:30
E2546,{74},A38,api_call,2026-01-09 01:35:31.000000,2026-01-10 19:05:48
E2547,{74},A38,login,2026-01-18 11:10:05.000000,2026-01-19 12:24:15
E2548,{74},A38,login,2025-12-02 17:42:50.000000,2025-12-04 16:26:12
E2549,{74},A38,export,2025-12-31 21:02:32.000000,2026-01-02 09:49:49
E2550,{75},A39,api_call,2025-11-01 10:58:39.000000,2025-11-02 07:01:04
E2551,{75},A39,feature_call,2025-08-15 10:17:03.000000,2025-08-17 05:43:49
E2552,{75},A39,feature_call,2025-11-28 21:41:29.000000,2025-11-29 11:08:37
E2553,{75},A39,api_call,2025-09-29 21:22:27.000000,2025-10-01 00:47:51
E2554,{75},A39,export,2025-08-19 05:36:56.000000,2025-08-21 02:31:36
E2555,{75},A39,api_call,2025-08-17 15:49:46.000000,2025-08-19 04:09:18
E2556,{75},A39,export,2025-10-13 05:08:21.000000,2025-10-14 07:02:41
E2557,{75},A39,login,2025-08-22 17:13:14.000000,2025-08-24 14:52:54
E2558,{75},A39,export,2025-09-24 04:32:36.000000,2025-09-24 15:09:13
E2559,{77},A40,export,2025-11-14 17:00:43.000000,2025-11-15 10:17:37
E2560,{77},A40,feature_call,2025-07-14 20:49:31.000000,2025-07-15 12:41:59
E2561,{77},A40,export,2025-09-06 08:18:53.000000,2025-09-07 03:47:36
E2562,{77},A40,api_call,2025-09-18 11:02:44.000000,2025-09-20 04:34:40
E2563,{77},A40,feature_call,2025-08-02 06:37:52.000000,2025-08-03 10:57:36
E2564,{77},A40,login,2025-10-21 04:06:07.000000,2025-10-21 12:52:53
E2565,{77},A40,export,2025-09-26 22:26:49.000000,2025-09-27 04:55:07
E2566,{77},A40,login,2025-08-03 12:41:06.000000,2025-08-04 06:49:41
E2567,{77},A40,export,2025-08-03 15:19:51.000000,2025-08-04 18:35:09
E2568,{77},A40,login,2025-07-01 09:05:30.000000,2025-07-02 15:33:38
E2569,{77},A40,feature_call,2025-06-02 18:18:29.000000,2025-06-04 08:17:15
E2570,{77},A40,feature_call,2025-08-16 10:36:36.000000,2025-08-18 05:16:37
E2571,{77},A40,feature_call,2025-07-16 22:33:55.000000,2025-07-18 07:35:33
E2572,{77},A40,feature_call,2025-09-02 04:34:00.000000,2025-09-03 15:28:38
E2573,{77},A40,login,2025-08-18 15:57:27.000000,2025-08-20 15:26:50
E2574,{77},A40,feature_call,2025-07-25 12:12:37.000000,2025-07-27 06:16:26
E2575,{77},A40,api_call,2025-11-05 17:57:57.000000,2025-11-06 09:12:07
E2576,{77},A40,feature_call,2025-07-17 22:00:17.000000,2025-07-19 12:14:04
E2577,{77},A40,api_call,2025-06-01 10:01:32.000000,2025-06-02 06:33:09
E2578,{77},A40,login,2025-11-13 22:57:16.000000,2025-11-15 19:43:23
E2579,{77},A40,api_call,2025-06-06 12:23:02.000000,2025-06-07 08:22:51
E2580,{77},A40,login,2025-07-30 06:08:26.000000,2025-07-31 16:07:32
E2581,{77},A40,feature_call,2025-10-27 07:48:57.000000,2025-10-27 11:53:45
E2582,{77},A40,login,2025-11-27 11:21:18.000000,2025-11-27 11:47:13
E2583,{77},A40,api_call,2025-11-18 00:44:39.000000,2025-11-18 23:04:57
E2584,{77},A40,api_call,2025-12-12 08:37:30.000000,2025-12-13 08:45:33
E2585,{77},A40,export,2025-12-15 16:59:45.000000,2025-12-16 11:35:23
E2586,{77},A40,login,2025-11-06 07:55:31.000000,2025-11-07 22:23:15
E2587,{77},A40,login,2025-09-25 18:33:01.000000,2025-09-26 04:58:28
E2588,{77},A40,export,2025-12-09 03:15:02.000000,2025-12-10 14:44:22
E2589,{77},A40,login,2025-07-31 13:29:40.000000,2025-08-01 01:12:05
E2590,{77},A40,api_call,2025-09-03 21:09:54.000000,2025-09-04 09:13:34
E2591,{78},A41,login,2025-03-12 19:39:46.000000,2025-03-13 09:08:52
E2592,{78},A41,feature_call,2025-03-02 05:26:06.000000,2025-03-03 15:21:42
E2593,{78},A41,feature_call,2025-03-14 10:55:49.000000,2025-03-15 07:36:13
E2594,{78},A41,login,2025-03-06 22:52:32.000000,2025-03-07 06:14:02
E2595,{78},A41,export,2025-02-15 21:29:37.000000,2025-02-16 17:55:17
E2596,{78},A41,export,2025-03-14 07:40:21.000000,2025-03-14 13:16:57
E2597,{78},A41,login,2025-03-13 01:24:01.000000,2025-03-14 08:57:01
E2598,{78},A41,export,2025-03-13 22:08:00.000000,2025-03-14 19:01:13
E2599,{79},A41,api_call,2025-03-07 02:58:14.000000,2025-03-07 05:25:59
E2600,{79},A41,export,2025-02-16 13:19:52.000000,2025-02-18 12:27:00
E2601,{80},A42,export,2025-07-20 15:19:29.000000,2025-07-22 07:54:44
E2602,{80},A42,feature_call,2025-07-01 14:17:06.000000,2025-07-03 04:37:29
E2603,{80},A42,export,2025-08-27 04:12:00.000000,2025-08-28 20:13:46
E2604,{80},A42,api_call,2025-09-20 20:14:14.000000,2025-09-22 17:02:24
E2605,{80},A42,login,2025-07-12 05:04:44.000000,2025-07-13 00:09:44
E2606,{80},A42,feature_call,2025-09-01 07:40:17.000000,2025-09-03 03:57:01
E2607,{81},A43,feature_call,2025-07-11 22:25:20.000000,2025-07-13 07:39:58
E2608,{81},A43,login,2025-07-27 05:31:54.000000,2025-07-28 10:00:16
E2609,{81},A43,api_call,2025-11-13 20:11:06.000000,2025-11-14 15:18:26
E2610,{81},A43,login,2025-09-09 07:23:37.000000,2025-09-09 09:32:44
E2611,{83},A43,feature_call,2026-01-02 10:00:25.000000,2026-01-03 22:00:04
E2612,{83},A43,api_call,2025-08-30 12:07:36.000000,2025-09-01 05:25:53
E2613,{83},A43,api_call,2025-11-19 05:56:01.000000,2025-11-20 11:04:52
E2614,{83},A43,login,2026-01-04 07:58:13.000000,2026-01-05 16:29:08
E2615,{83},A43,login,2025-08-12 08:31:08.000000,2025-08-14 00:13:49
E2616,{83},A43,api_call,2025-10-09 02:12:22.000000,2025-10-10 19:05:26
E2617,{81},A43,export,2025-08-23 04:43:40.000000,2025-08-24 12:41:53
E2618,{81},A43,api_call,2025-08-10 08:26:29.000000,2025-08-12 04:14:31
E2619,{81},A43,api_call,2025-08-08 10:35:59.000000,2025-08-08 22:59:03
E2620,{81},A43,login,2025-08-26 04:06:22.000000,2025-08-27 05:34:18
E2621,{81},A43,feature_call,2025-08-26 07:57:30.000000,2025-08-28 06:17:44
E2622,{81},A43,login,2025-08-05 14:42:35.000000,2025-08-07 09:58:51
E2623,{81},A43,login,2025-08-23 10:02:49.000000,2025-08-23 17:28:25
E2624,{81},A43,login,2025-08-01 20:42:57.000000,2025-08-02 14:47:57
E2625,{81},A43,feature_call,2025-08-09 14:37:22.000000,2025-08-10 12:42:33
E2626,{81},A43,feature_call,2025-08-21 01:30:28.000000,2025-08-21 19:57:27
E2627,{81},A43,export,2025-08-27 05:31:13.000000,2025-08-28 23:05:21
E2628,{81},A43,login,2025-08-28 00:00:52.000000,2025-08-29 20:14:39
E2629,{81},A43,feature_call,2025-08-01 15:39:42.000000,2025-08-02 13:03:14
E2630,{81},A43,export,2025-08-20 14:16:16.000000,2025-08-21 22:42:45
E2631,{81},A43,feature_call,2025-08-17 15:44:15.000000,2025-08-18 17:25:32
E2632,{81},A43,export,2025-08-21 06:37:45.000000,2025-08-22 12:33:46
E2633,{81},A43,api_call,2025-08-12 21:23:06.000000,2025-08-13 22:03:31
E2634,{81},A43,feature_call,2025-08-13 11:03:22.000000,2025-08-14 17:20:36
E2635,{81},A43,login,2025-08-09 05:18:48.000000,2025-08-10 05:39:07
E2636,{81},A43,login,2025-08-23 07:48:32.000000,2025-08-24 02:03:12
E2637,{81},A43,api_call,2025-08-29 01:01:20.000000,2025-08-29 01:54:12
E2638,{81},A43,api_call,2025-08-13 02:24:11.000000,2025-08-14 18:46:27
E2639,{81},A43,api_call,2025-08-17 06:59:52.000000,2025-08-18 10:43:55
E2640,{81},A43,export,2025-07-31 16:17:55.000000,2025-08-01 12:36:35
E2641,{81},A43,feature_call,2025-08-05 14:15:41.000000,2025-08-07 10:07:05
E2642,{81},A43,feature_call,2025-08-08 13:25:04.000000,2025-08-09 05:18:08
E2643,{81},A43,export,2025-08-29 12:55:56.000000,2025-08-31 01:34:57
E2644,{81},A43,login,2025-08-14 20:30:13.000000,2025-08-16 14:49:51
E2645,{81},A43,api_call,2025-08-14 23:42:47.000000,2025-08-16 18:08:46
E2646,{81},A43,feature_call,2025-08-23 04:37:50.000000,2025-08-24 23:37:58
E2647,{81},A43,feature_call,2025-08-22 21:59:17.000000,2025-08-24 16:13:13
E2648,{81},A43,api_call,2025-08-09 06:11:58.000000,2025-08-10 16:22:56
E2649,{81},A43,api_call,2025-08-08 18:30:43.000000,2025-08-10 13:07:12
E2650,{81},A43,export,2025-08-11 07:44:06.000000,2025-08-12 21:35:38
E2651,{81},A43,api_call,2025-08-05 10:12:41.000000,2025-08-05 17:31:56
E2652,{81},A43,export,2025-08-14 21:03:32.000000,2025-08-15 10:20:19
E2653,{81},A43,login,2025-08-15 18:42:42.000000,2025-08-15 22:01:53
E2654,{81},A43,login,2025-08-22 10:26:49.000000,2025-08-22 12:20:54
E2655,{81},A43,export,2025-08-05 08:08:02.000000,2025-08-07 05:51:44
E2656,{81},A43,login,2025-07-31 13:26:19.000000,2025-08-01 15:25:52
E2657,{81},A43,export,2025-08-04 16:40:43.000000,2025-08-06 12:43:13
E2658,{81},A43,export,2025-08-20 18:19:58.000000,2025-08-21 06:45:48
E2659,{81},A43,api_call,2025-08-20 17:47:31.000000,2025-08-22 07:48:51
E2660,{81},A43,export,2025-08-06 05:13:35.000000,2025-08-07 11:29:45
E2661,{81},A43,feature_call,2025-08-13 08:53:54.000000,2025-08-13 15:04:15
E2662,{81},A43,export,2025-08-28 11:11:43.000000,2025-08-29 18:39:17
E2663,{81},A43,export,2025-08-25 09:42:09.000000,2025-08-27 00:08:22
E2664,{81},A43,export,2025-08-29 00:26:50.000000,2025-08-30 16:41:01
E2665,{81},A43,login,2025-08-12 17:38:00.000000,2025-08-14 04:45:35
E2666,{82},A43,login,2025-08-22 08:56:57.000000,2025-08-23 08:28:25
E2667,{82},A43,api_call,2025-08-19 16:13:13.000000,2025-08-20 23:50:17
E2668,{82},A43,feature_call,2025-08-02 18:21:08.000000,2025-08-03 11:15:27
E2669,{82},A43,export,2025-08-26 07:37:45.000000,2025-08-26 08:48:09
E2670,{83},A43,feature_call,2025-08-25 08:31:49.000000,2025-08-25 10:56:30
E2671,{83},A43,export,2025-08-29 05:16:10.000000,2025-08-30 17:15:42
E2672,{83},A43,feature_call,2025-08-12 22:07:27.000000,2025-08-13 21:17:02
E2673,{83},A43,login,2025-08-25 08:28:01.000000,2025-08-26 14:27:32
E2674,{83},A43,export,2025-08-12 07:06:38.000000,2025-08-13 16:00:52
E2675,{83},A43,export,2025-08-23 03:40:40.000000,2025-08-24 23:48:14
E2676,{83},A43,login,2025-08-20 14:04:35.000000,2025-08-21 05:55:33
E2677,{83},A43,login,2025-08-03 10:57:47.000000,2025-08-03 13:51:35
E2678,{83},A43,api_call,2025-08-20 12:30:12.000000,2025-08-21 08:39:58
E2679,{83},A43,feature_call,2025-08-08 04:05:24.000000,2025-08-08 07:09:24
E2680,{83},A43,login,2025-08-23 00:12:02.000000,2025-08-24 06:12:29
E2681,{83},A43,feature_call,2025-08-21 18:17:26.000000,2025-08-22 13:32:54
E2682,{83},A43,api_call,2025-08-17 20:29:43.000000,2025-08-19 06:16:33
E2683,{83},A43,feature_call,2025-08-12 00:59:09.000000,2025-08-13 13:24:00
E2684,{83},A43,feature_call,2025-08-29 16:52:50.000000,2025-08-30 02:21:40
E2685,{83},A43,feature_call,2025-08-10 16:51:56.000000,2025-08-12 11:52:22
E2686,{83},A43,export,2025-08-19 07:52:53.000000,2025-08-20 20:16:37
E2687,{83},A43,api_call,2025-08-22 06:06:42.000000,2025-08-22 07:17:14
E2688,{81},A43,export,2025-09-30 09:26:12.000000,2025-10-01 17:57:41
E2689,{81},A43,api_call,2025-10-30 14:44:15.000000,2025-11-01 04:50:27
E2690,{81},A43,api_call,2025-12-29 06:34:53.000000,2025-12-31 01:41:45
E2691,{81},A43,login,2025-12-17 06:36:16.000000,2025-12-18 17:23:54
E2692,{81},A43,login,2025-09-23 17:21:45.000000,2025-09-25 05:22:08
E2693,{81},A43,api_call,2025-12-18 21:06:14.000000,2025-12-19 20:10:51
E2694,{81},A43,export,2025-12-04 16:46:31.000000,2025-12-05 01:59:38
E2695,{81},A43,export,2025-11-01 06:18:34.000000,2025-11-02 06:10:32
E2696,{81},A43,api_call,2025-12-20 00:39:47.000000,2025-12-20 08:53:39
E2697,{81},A43,api_call,2025-09-23 11:10:49.000000,2025-09-25 02:34:54
E2698,{81},A43,api_call,2025-12-14 22:09:08.000000,2025-12-16 03:53:44
E2699,{81},A43,feature_call,2025-10-14 03:41:55.000000,2025-10-14 06:02:35
E2700,{81},A43,login,2025-11-05 08:42:01.000000,2025-11-05 19:57:19
E2701,{81},A43,export,2025-11-20 11:17:38.000000,2025-11-21 15:51:41
E2702,{81},A43,feature_call,2025-12-06 23:52:08.000000,2025-12-07 07:20:31
E2703,{81},A43,login,2025-10-23 08:07:18.000000,2025-10-24 01:58:29
E2704,{81},A43,export,2025-12-30 10:13:44.000000,2025-12-31 19:53:22
E2705,{81},A43,export,2025-09-16 20:31:32.000000,2025-09-17 11:41:14
E2706,{81},A43,api_call,2025-12-23 11:21:02.000000,2025-12-24 14:03:33
E2707,{81},A43,login,2025-11-26 05:08:49.000000,2025-11-26 16:33:54
E2708,{81},A43,login,2025-09-29 21:53:02.000000,2025-10-01 13:12:55
E2709,{81},A43,export,2025-11-16 13:24:17.000000,2025-11-18 09:45:54
E2710,{81},A43,login,2025-09-16 15:18:53.000000,2025-09-16 18:33:00
E2711,{81},A43,export,2025-09-17 22:14:29.000000,2025-09-18 09:45:07
E2712,{81},A43,api_call,2025-12-30 01:55:23.000000,2025-12-30 03:09:57
E2713,{81},A43,api_call,2025-11-25 21:39:16.000000,2025-11-27 13:28:30
E2714,{81},A43,login,2025-12-30 08:04:53.000000,2026-01-01 05:05:08
E2715,{81},A43,feature_call,2025-09-29 15:27:12.000000,2025-10-01 06:04:39
E2716,{81},A43,login,2025-10-21 03:35:08.000000,2025-10-22 19:03:30
E2717,{81},A43,feature_call,2025-10-09 08:28:41.000000,2025-10-09 13:44:15
E2718,{81},A43,feature_call,2025-12-08 16:43:32.000000,2025-12-10 14:32:29
E2719,{81},A43,feature_call,2025-10-12 06:04:20.000000,2025-10-13 13:08:02
E2720,{81},A43,feature_call,2025-12-07 01:03:00.000000,2025-12-08 10:57:50
E2721,{81},A43,login,2025-10-07 15:35:11.000000,2025-10-07 18:16:03
E2722,{81},A43,feature_call,2025-10-24 06:43:45.000000,2025-10-25 20:31:46
E2723,{81},A43,login,2025-10-13 21:29:10.000000,2025-10-14 00:13:23
E2724,{81},A43,export,2025-12-18 19:28:07.000000,2025-12-20 15:51:47
E2725,{81},A43,export,2025-12-11 06:07:48.000000,2025-12-12 23:36:38
E2726,{81},A43,api_call,2025-10-27 22:30:14.000000,2025-10-28 06:43:49
E2727,{81},A43,export,2025-09-17 20:53:14.000000,2025-09-18 01:23:02
E2728,{81},A43,api_call,2025-10-04 00:26:06.000000,2025-10-04 11:42:36
E2729,{81},A43,login,2025-11-08 08:35:49.000000,2025-11-09 23:53:00
E2730,{81},A43,login,2025-10-15 15:58:53.000000,2025-10-16 05:39:33
E2731,{81},A43,login,2025-12-25 04:17:03.000000,2025-12-26 21:47:07
E2732,{81},A43,feature_call,2025-10-21 13:24:20.000000,2025-10-23 10:46:01
E2733,{81},A43,feature_call,2025-11-14 21:48:45.000000,2025-11-16 17:26:00
E2734,{82},A43,feature_call,2025-10-29 12:47:00.000000,2025-10-31 09:22:52
E2735,{82},A43,feature_call,2025-09-29 15:42:09.000000,2025-10-01 05:34:40
E2736,{82},A43,api_call,2025-09-22 16:54:29.000000,2025-09-23 16:12:51
E2737,{82},A43,export,2025-09-26 05:04:31.000000,2025-09-26 16:11:43
E2738,{82},A43,feature_call,2025-11-04 06:55:18.000000,2025-11-04 20:09:09
E2739,{82},A43,api_call,2025-11-01 22:57:10.000000,2025-11-02 11:35:16
E2740,{82},A43,login,2025-11-10 01:10:02.000000,2025-11-11 03:08:05
E2741,{82},A43,api_call,2025-11-25 01:31:37.000000,2025-11-25 02:48:28
E2742,{82},A43,export,2025-11-26 02:41:05.000000,2025-11-28 00:21:39
E2743,{82},A43,login,2025-10-13 23:59:08.000000,2025-10-14 03:35:22
E2744,{82},A43,api_call,2025-11-06 18:17:28.000000,2025-11-07 19:19:35
E2745,{82},A43,export,2025-09-25 14:40:28.000000,2025-09-27 05:30:53
E2746,{82},A43,feature_call,2025-10-23 21:17:13.000000,2025-10-24 20:19:29
E2747,{82},A43,export,2025-10-14 15:07:42.000000,2025-10-15 15:14:14
E2748,{82},A43,export,2025-12-27 04:29:35.000000,2025-12-28 13:50:18
E2749,{82},A43,feature_call,2025-12-22 00:20:25.000000,2025-12-22 16:10:57
E2750,{82},A43,export,2025-09-21 20:50:30.000000,2025-09-23 01:44:28
E2751,{82},A43,api_call,2025-11-03 23:24:05.000000,2025-11-04 10:21:10
E2752,{82},A43,feature_call,2025-10-09 02:35:09.000000,2025-10-09 14:41:01
E2753,{82},A43,api_call,2025-10-05 08:25:38.000000,2025-10-06 16:29:47
E2754,{82},A43,export,2025-11-11 14:23:49.000000,2025-11-11 14:34:33
E2755,{82},A43,login,2025-12-11 13:04:50.000000,2025-12-12 08:31:07
E2756,{82},A43,export,2025-11-15 13:30:38.000000,2025-11-15 21:48:23
E2757,{82},A43,login,2025-12-06 20:18:34.000000,2025-12-08 11:37:20
E2758,{82},A43,export,2025-12-18 21:33:06.000000,2025-12-19 01:56:59
E2759,{82},A43,api_call,2025-11-24 23:24:41.000000,2025-11-26 08:26:29
E2760,{82},A43,export,2025-11-02 17:22:06.000000,2025-11-03 13:36:38
E2761,{82},A43,feature_call,2025-10-05 22:02:45.000000,2025-10-07 21:09:47
E2762,{82},A43,api_call,2025-10-11 17:49:01.000000,2025-10-12 09:59:21
E2763,{82},A43,api_call,2025-12-03 05:23:13.000000,2025-12-04 08:43:13
E2764,{82},A43,export,2025-09-28 17:43:26.000000,2025-09-29 21:50:49
E2765,{82},A43,feature_call,2025-10-26 18:23:10.000000,2025-10-27 03:52:10
E2766,{82},A43,export,2025-10-23 19:53:34.000000,2025-10-24 11:35:05
E2767,{82},A43,feature_call,2025-11-22 10:36:14.000000,2025-11-23 14:11:01
E2768,{82},A43,feature_call,2025-10-25 14:48:20.000000,2025-10-25 17:36:46
E2769,{82},A43,feature_call,2025-10-17 14:44:37.000000,2025-10-18 12:33:39
E2770,{82},A43,export,2025-10-02 23:37:54.000000,2025-10-04 19:37:20
E2771,{82},A43,api_call,2025-09-28 22:44:18.000000,2025-09-30 21:20:18
E2772,{82},A43,api_call,2025-12-30 00:45:27.000000,2025-12-30 20:39:51
E2773,{82},A43,feature_call,2025-12-05 04:21:14.000000,2025-12-06 10:12:31
E2774,{82},A43,export,2025-12-28 09:00:23.000000,2025-12-29 18:16:24
E2775,{82},A43,feature_call,2025-11-25 08:52:18.000000,2025-11-25 22:29:48
E2776,{82},A43,api_call,2025-09-23 15:39:38.000000,2025-09-24 15:10:09
E2777,{83},A43,api_call,2025-11-13 14:59:23.000000,2025-11-14 01:48:56
E2778,{83},A43,api_call,2025-11-01 09:44:17.000000,2025-11-03 01:53:12
E2779,{83},A43,login,2025-11-01 02:26:56.000000,2025-11-01 04:49:30
E2780,{83},A43,feature_call,2025-11-14 11:15:16.000000,2025-11-14 12:56:16
E2781,{83},A43,api_call,2025-11-25 17:11:29.000000,2025-11-26 06:29:47
E2782,{83},A43,export,2025-11-25 11:36:28.000000,2025-11-25 16:46:56
E2783,{83},A43,feature_call,2025-12-06 12:17:16.000000,2025-12-07 21:35:31
E2784,{83},A43,feature_call,2025-10-09 12:13:01.000000,2025-10-10 00:34:11
E2785,{83},A43,api_call,2025-10-18 05:34:02.000000,2025-10-19 14:18:49
E2786,{83},A43,login,2025-09-20 02:07:33.000000,2025-09-21 15:54:30
E2787,{83},A43,login,2025-10-23 09:34:03.000000,2025-10-24 14:15:41
E2788,{83},A43,api_call,2025-12-19 10:12:27.000000,2025-12-21 02:18:35
E2789,{83},A43,api_call,2025-12-16 18:55:24.000000,2025-12-18 11:16:38
E2790,{83},A43,export,2025-10-26 20:09:31.000000,2025-10-27 13:27:50
E2791,{83},A43,api_call,2025-12-13 05:14:07.000000,2025-12-13 08:27:45
E2792,{83},A43,api_call,2025-12-26 19:32:28.000000,2025-12-28 08:35:49
E2793,{83},A43,export,2025-10-22 07:14:53.000000,2025-10-24 01:43:02
E2794,{83},A43,login,2025-11-14 06:34:12.000000,2025-11-14 22:07:41
E2795,{83},A43,api_call,2025-12-01 18:09:55.000000,2025-12-02 16:23:13
E2796,{83},A43,login,2025-11-23 14:57:20.000000,2025-11-23 21:32:21
E2797,{83},A43,feature_call,2025-12-19 06:49:43.000000,2025-12-20 13:38:22
E2798,{83},A43,login,2025-09-26 23:33:44.000000,2025-09-28 11:04:06
E2799,{83},A43,login,2025-12-12 03:22:42.000000,2025-12-13 18:27:27
E2800,{83},A43,feature_call,2025-09-17 04:24:17.000000,2025-09-17 17:11:34
E2801,{83},A43,api_call,2025-11-04 10:04:26.000000,2025-11-04 22:02:59
E2802,{83},A43,login,2025-11-08 15:50:11.000000,2025-11-10 01:52:31
E2803,{83},A43,export,2025-11-13 12:55:15.000000,2025-11-14 18:23:28
E2804,{83},A43,login,2025-10-19 04:09:45.000000,2025-10-20 05:01:04
E2805,{83},A43,export,2025-10-07 02:57:55.000000,2025-10-08 01:55:24
E2806,{83},A43,feature_call,2025-12-16 13:02:51.000000,2025-12-16 17:34:22
E2807,{83},A43,api_call,2025-12-09 08:30:34.000000,2025-12-10 05:15:09
E2808,{83},A43,feature_call,2025-11-02 18:06:43.000000,2025-11-03 05:00:55
E2809,{83},A43,feature_call,2025-12-31 11:14:40.000000,2026-01-02 00:16:15
E2810,{83},A43,feature_call,2025-12-01 20:18:23.000000,2025-12-02 07:09:01
E2811,{83},A43,export,2025-12-25 23:44:19.000000,2025-12-27 14:27:24
E2812,{83},A43,feature_call,2025-11-08 08:31:47.000000,2025-11-09 23:39:09
E2813,{83},A43,login,2025-11-18 19:33:59.000000,2025-11-20 01:31:53
E2814,{83},A43,login,2025-10-28 18:09:45.000000,2025-10-29 05:58:22
E2815,{83},A43,export,2025-10-17 02:45:00.000000,2025-10-18 12:37:12
E2816,{83},A43,login,2025-11-11 13:40:09.000000,2025-11-12 06:21:58
E2817,{83},A43,login,2025-11-08 08:20:37.000000,2025-11-08 13:06:06
E2818,{83},A43,export,2025-09-23 08:50:05.000000,2025-09-23 11:54:08
E2819,{83},A43,export,2025-12-18 10:35:25.000000,2025-12-19 07:19:09
E2820,{83},A43,login,2025-11-01 11:47:29.000000,2025-11-03 10:17:44
E2821,{83},A43,login,2025-12-26 00:49:49.000000,2025-12-27 12:21:36
E2822,{83},A43,api_call,2025-09-18 00:23:15.000000,2025-09-18 17:47:03
E2823,{83},A43,feature_call,2025-12-09 05:12:57.000000,2025-12-09 22:16:29
E2824,{83},A43,api_call,2025-11-03 23:07:24.000000,2025-11-04 21:54:22
E2825,{83},A43,login,2025-09-26 21:17:33.000000,2025-09-28 11:51:48
E2826,{83},A43,feature_call,2025-11-12 17:54:03.000000,2025-11-13 19:59:40
E2827,{83},A43,export,2025-09-19 14:35:47.000000,2025-09-20 05:52:22
E2828,{83},A43,login,2025-11-03 16:26:08.000000,2025-11-03 17:42:07
E2829,{83},A43,api_call,2025-12-27 12:20:41.000000,2025-12-28 16:50:14
E2830,{83},A43,export,2025-11-13 23:46:00.000000,2025-11-14 20:14:16
E2831,{83},A43,login,2025-10-21 21:06:29.000000,2025-10-22 16:02:08
E2832,{83},A43,login,2025-11-04 09:15:51.000000,2025-11-04 12:33:20
E2833,{83},A43,login,2025-11-23 08:21:21.000000,2025-11-23 19:56:59
E2834,{83},A43,export,2025-09-16 06:53:45.000000,2025-09-18 03:53:12
E2835,{83},A43,feature_call,2025-10-02 08:01:36.000000,2025-10-02 12:48:38
E2836,{83},A43,feature_call,2025-10-10 17:35:53.000000,2025-10-12 10:13:38
E2837,{83},A43,export,2025-10-31 04:53:14.000000,2025-10-31 15:19:54
E2838,{83},A43,login,2025-12-14 23:21:41.000000,2025-12-15 17:40:37
E2839,{83},A43,login,2025-10-27 10:49:12.000000,2025-10-28 20:41:38
E2840,{83},A43,feature_call,2025-11-18 03:28:16.000000,2025-11-19 01:17:52
E2841,{83},A43,export,2025-10-23 10:42:31.000000,2025-10-24 03:30:29
E2842,{83},A43,api_call,2025-10-17 21:17:00.000000,2025-10-18 02:31:08
E2843,{83},A43,feature_call,2025-11-17 08:05:17.000000,2025-11-17 22:33:36
E2844,{83},A43,login,2025-12-23 13:08:52.000000,2025-12-24 23:02:45
E2845,{83},A43,login,2025-10-23 06:35:23.000000,2025-10-24 20:37:46
E2846,{83},A43,feature_call,2025-10-21 21:02:21.000000,2025-10-22 16:04:21
E2847,{83},A43,export,2025-10-04 18:08:39.000000,2025-10-05 04:11:59
E2848,{84},A44,api_call,2025-05-19 19:46:00.000000,2025-05-20 22:59:33
E2849,{84},A44,export,2025-06-15 00:23:00.000000,2025-06-15 16:42:36
E2850,{84},A44,api_call,2025-06-17 19:55:02.000000,2025-06-18 01:01:10
E2851,{84},A44,export,2025-05-22 04:39:21.000000,2025-05-23 19:38:49
E2852,{84},A44,api_call,2025-05-04 07:04:14.000000,2025-05-05 06:28:10
E2853,{84},A44,export,2025-06-17 02:46:01.000000,2025-06-18 13:15:45
E2854,{86},A44,api_call,2025-05-02 22:27:58.000000,2025-05-04 00:05:25
E2855,{86},A44,export,2025-05-22 02:27:10.000000,2025-05-22 07:08:49
E2856,{86},A44,login,2025-05-09 22:03:57.000000,2025-05-09 22:27:58
E2857,{86},A44,feature_call,2025-05-28 04:40:39.000000,2025-05-28 08:47:05
E2858,{86},A44,login,2025-05-05 23:13:52.000000,2025-05-07 00:45:56
E2859,{86},A44,feature_call,2025-05-08 03:15:19.000000,2025-05-09 06:52:05
E2860,{86},A44,login,2025-06-27 19:32:33.000000,2025-06-28 05:35:01
E2861,{86},A44,feature_call,2025-06-30 21:57:30.000000,2025-07-02 20:54:11
E2862,{86},A44,login,2025-07-07 11:59:21.000000,2025-07-09 05:33:16
E2863,{86},A44,export,2025-07-03 03:08:19.000000,2025-07-03 14:19:14
E2864,{87},A44,feature_call,2025-06-24 16:09:32.000000,2025-06-25 06:47:57
E2865,{87},A44,api_call,2025-05-12 05:25:24.000000,2025-05-13 11:46:54
E2866,{87},A44,login,2025-04-26 16:46:37.000000,2025-04-27 09:52:47
E2867,{84},A44,api_call,2025-11-18 14:28:29.000000,2025-11-19 14:31:12
E2868,{84},A44,api_call,2025-12-07 20:01:41.000000,2025-12-08 05:27:01
E2869,{84},A44,login,2025-11-10 16:30:14.000000,2025-11-11 22:54:18
E2870,{84},A44,login,2025-10-29 03:36:00.000000,2025-10-29 23:09:49
E2871,{84},A44,export,2025-09-26 23:11:02.000000,2025-09-28 09:00:08
E2872,{84},A44,login,2025-12-21 19:34:19.000000,2025-12-22 13:57:00
E2873,{84},A44,api_call,2025-09-21 00:58:54.000000,2025-09-22 17:48:55
E2874,{84},A44,export,2025-12-12 05:39:17.000000,2025-12-12 19:50:36
E2875,{84},A44,feature_call,2025-09-11 07:56:35.000000,2025-09-12 16:24:31
E2876,{84},A44,export,2025-08-19 21:57:04.000000,2025-08-21 20:22:25
E2877,{84},A44,export,2025-09-27 08:11:58.000000,2025-09-27 20:13:21
E2878,{84},A44,export,2025-09-17 21:16:51.000000,2025-09-19 10:47:51
E2879,{84},A44,api_call,2025-12-26 12:16:06.000000,2025-12-27 09:26:07
E2880,{84},A44,api_call,2025-10-01 14:32:03.000000,2025-10-01 21:48:56
E2881,{84},A44,login,2025-11-07 00:48:26.000000,2025-11-08 06:10:25
E2882,{84},A44,feature_call,2025-11-24 14:08:33.000000,2025-11-24 21:56:29
E2883,{84},A44,feature_call,2025-12-08 07:41:38.000000,2025-12-09 11:05:59
E2884,{84},A44,login,2025-10-26 19:05:03.000000,2025-10-28 07:16:05
E2885,{84},A44,export,2025-11-29 19:28:13.000000,2025-11-30 08:41:56
E2886,{84},A44,export,2025-11-28 05:08:35.000000,2025-11-29 20:13:21
E2887,{84},A44,login,2025-10-25 18:35:32.000000,2025-10-26 06:48:57
E2888,{84},A44,feature_call,2025-10-21 03:45:14.000000,2025-10-23 01:25:44
E2889,{84},A44,login,2025-10-04 04:35:51.000000,2025-10-04 06:45:23
E2890,{84},A44,export,2025-10-29 10:27:19.000000,2025-10-29 19:45:28
E2891,{84},A44,feature_call,2025-10-08 02:27:24.000000,2025-10-09 10:38:28
E2892,{85},A44,feature_call,2025-12-07 18:36:32.000000,2025-12-09 14:33:55
E2893,{85},A44,login,2025-08-16 19:48:11.000000,2025-08-18 13:19:38
E2894,{85},A44,login,2025-11-24 01:00:39.000000,2025-11-24 04:40:41
E2895,{85},A44,api_call,2025-08-24 13:59:34.000000,2025-08-24 14:10:45
E2896,{85},A44,feature_call,2025-11-18 18:56:04.000000,2025-11-19 22:14:18
E2897,{85},A44,feature_call,2025-11-29 21:52:13.000000,2025-12-01 12:09:52
E2898,{85},A44,feature_call,2025-12-07 15:25:19.000000,2025-12-09 05:56:57
E2899,{85},A44,export,2025-08-17 14:16:41.000000,2025-08-19 05:42:06
E2900,{85},A44,login,2025-11-28 02:07:43.000000,2025-11-29 16:14:55
E2901,{85},A44,export,2025-09-15 12:50:32.000000,2025-09-15 20:25:16
E2902,{85},A44,feature_call,2025-11-22 17:37:37.000000,2025-11-24 08:39:02
E2903,{85},A44,export,2025-12-30 06:00:26.000000,2025-12-31 04:12:02
E2904,{85},A44,login,2025-11-20 18:49:04.000000,2025-11-21 11:32:33
E2905,{85},A44,login,2025-12-03 07:56:55.000000,2025-12-04 18:16:17
E2906,{85},A44,login,2025-10-20 13:21:11.000000,2025-10-22 11:58:03
E2907,{85},A44,login,2025-10-08 01:57:42.000000,2025-10-09 05:11:09
E2908,{85},A44,feature_call,2025-12-23 00:51:14.000000,2025-12-24 17:00:34
E2909,{85},A44,api_call,2025-10-09 14:10:00.000000,2025-10-10 12:06:16
E2910,{85},A44,export,2025-12-26 17:13:17.000000,2025-12-26 18:03:47
E2911,{85},A44,export,2025-12-02 02:26:33.000000,2025-12-02 16:53:11
E2912,{85},A44,api_call,2025-09-07 23:28:38.000000,2025-09-09 16:57:15
E2913,{85},A44,api_call,2025-10-02 19:22:10.000000,2025-10-03 10:13:33
E2914,{85},A44,api_call,2025-10-15 10:40:24.000000,2025-10-16 05:59:06
E2915,{85},A44,login,2025-11-24 00:13:50.000000,2025-11-24 05:56:27
E2916,{85},A44,login,2025-10-23 22:01:08.000000,2025-10-24 14:48:12
E2917,{85},A44,feature_call,2025-10-27 06:36:53.000000,2025-10-28 12:03:32
E2918,{85},A44,export,2025-12-08 20:10:54.000000,2025-12-10 11:14:05
E2919,{85},A44,export,2025-09-06 17:19:03.000000,2025-09-08 02:16:25
E2920,{85},A44,feature_call,2025-11-18 04:23:12.000000,2025-11-19 12:26:10
E2921,{85},A44,login,2025-08-30 23:48:30.000000,2025-09-01 06:16:10
E2922,{85},A44,login,2025-09-18 13:58:01.000000,2025-09-19 20:00:00
E2923,{85},A44,export,2025-12-24 08:56:59.000000,2025-12-26 05:14:49
E2924,{85},A44,api_call,2025-08-21 12:01:08.000000,2025-08-23 11:29:59
E2925,{85},A44,export,2025-11-17 20:53:55.000000,2025-11-18 18:20:46
E2926,{85},A44,login,2025-10-18 15:22:51.000000,2025-10-20 07:49:23
E2927,{85},A44,login,2025-09-13 15:05:37.000000,2025-09-13 16:30:51
E2928,{86},A44,feature_call,2025-09-30 19:17:47.000000,2025-10-02 06:07:35
E2929,{86},A44,feature_call,2025-10-31 04:10:14.000000,2025-10-31 17:02:03
E2930,{86},A44,login,2025-12-26 14:57:49.000000,2025-12-27 10:44:36
E2931,{86},A44,api_call,2025-10-02 07:45:48.000000,2025-10-02 17:46:19
E2932,{86},A44,feature_call,2025-12-19 01:03:28.000000,2025-12-19 08:52:49
E2933,{86},A44,api_call,2025-12-10 15:32:52.000000,2025-12-11 11:47:29
E2934,{87},A44,api_call,2025-10-07 09:13:47.000000,2025-10-07 21:20:45
E2935,{87},A44,feature_call,2025-12-30 16:27:26.000000,2026-01-01 08:55:42
E2936,{87},A44,feature_call,2026-01-02 05:11:45.000000,2026-01-03 08:43:13
E2937,{87},A44,export,2025-12-09 13:23:45.000000,2025-12-09 21:57:02
E2938,{87},A44,export,2025-10-15 17:50:04.000000,2025-10-17 05:26:37
E2939,{87},A44,export,2025-12-10 22:33:05.000000,2025-12-11 11:41:55
E2940,{87},A44,feature_call,2025-11-07 20:41:35.000000,2025-11-09 17:24:19
E2941,{87},A44,api_call,2025-11-16 05:13:00.000000,2025-11-17 08:36:25
E2942,{87},A44,feature_call,2025-10-22 23:12:15.000000,2025-10-23 15:10:00
E2943,{87},A44,feature_call,2025-08-29 10:11:02.000000,2025-08-29 15:34:21
E2944,{87},A44,login,2025-12-06 10:38:50.000000,2025-12-07 09:53:55
E2945,{87},A44,login,2025-09-18 13:09:05.000000,2025-09-18 21:34:24
E2946,{87},A44,login,2025-11-01 01:27:17.000000,2025-11-01 12:39:10
E2947,{87},A44,export,2025-12-02 16:30:28.000000,2025-12-03 08:34:13
E2948,{87},A44,export,2025-11-12 08:39:44.000000,2025-11-14 07:14:46
E2949,{87},A44,export,2025-10-18 08:52:25.000000,2025-10-19 11:14:27
E2950,{87},A44,export,2025-08-24 03:10:39.000000,2025-08-25 17:33:16
E2951,{87},A44,api_call,2025-11-02 11:23:19.000000,2025-11-04 04:47:53
E2952,{88},A45,api_call,2025-03-19 17:20:03.000000,2025-03-20 17:33:23
E2953,{88},A45,api_call,2025-07-23 23:26:44.000000,2025-07-24 19:50:54
E2954,{88},A45,login,2025-06-01 09:33:35.000000,2025-06-01 21:04:29
E2955,{88},A45,feature_call,2025-08-03 00:27:36.000000,2025-08-03 21:58:43
E2956,{88},A45,login,2025-04-25 01:44:50.000000,2025-04-25 08:29:14
E2957,{88},A45,login,2025-03-25 04:14:29.000000,2025-03-25 18:07:08
E2958,{88},A45,export,2025-06-28 00:05:53.000000,2025-06-28 01:22:19
E2959,{89},A46,api_call,2025-09-23 15:07:48.000000,2025-09-24 10:37:02
E2960,{89},A46,login,2025-06-03 20:48:21.000000,2025-06-05 12:00:52
E2961,{89},A46,login,2025-10-24 03:11:50.000000,2025-10-26 01:18:47
E2962,{89},A46,export,2025-04-29 13:58:00.000000,2025-05-01 12:49:32
E2963,{89},A46,login,2025-10-29 15:16:00.000000,2025-10-30 15:26:50
E2964,{90},A46,login,2025-07-09 01:34:31.000000,2025-07-09 23:13:54
E2965,{90},A46,api_call,2025-08-27 12:53:22.000000,2025-08-28 03:59:32
E2966,{90},A46,export,2025-11-21 07:50:21.000000,2025-11-23 02:44:22
E2967,{90},A46,export,2025-10-20 17:53:22.000000,2025-10-21 18:28:43
E2968,{90},A46,api_call,2025-11-28 01:11:46.000000,2025-11-28 02:43:24
E2969,{91},A46,export,2025-05-06 08:43:46.000000,2025-05-07 02:57:31
E2970,{91},A46,api_call,2025-08-27 23:35:02.000000,2025-08-29 12:57:52
E2971,{91},A46,api_call,2025-05-06 18:07:35.000000,2025-05-07 12:47:04
E2972,{91},A46,login,2025-10-08 19:31:19.000000,2025-10-08 19:35:09
E2973,{89},A46,export,2025-07-20 18:10:06.000000,2025-07-21 22:38:06
E2974,{89},A46,export,2025-07-19 21:35:11.000000,2025-07-20 18:41:52
E2975,{89},A46,export,2025-07-04 07:28:04.000000,2025-07-05 15:04:51
E2976,{89},A46,api_call,2025-07-12 05:34:00.000000,2025-07-13 10:23:24
E2977,{89},A46,api_call,2025-07-08 14:23:11.000000,2025-07-10 05:28:15
E2978,{89},A46,feature_call,2025-07-14 00:26:15.000000,2025-07-15 07:16:10
E2979,{89},A46,export,2025-07-26 22:25:13.000000,2025-07-27 14:07:06
E2980,{89},A46,feature_call,2025-07-19 03:14:26.000000,2025-07-21 03:05:55
E2981,{89},A46,login,2025-07-17 18:24:56.000000,2025-07-19 15:22:02
E2982,{89},A46,api_call,2025-07-22 04:10:42.000000,2025-07-23 15:36:12
E2983,{89},A46,api_call,2025-07-17 06:47:41.000000,2025-07-17 20:14:13
E2984,{89},A46,api_call,2025-07-02 19:09:31.000000,2025-07-04 16:54:12
E2985,{89},A46,export,2025-07-19 09:03:59.000000,2025-07-20 18:57:19
E2986,{89},A46,login,2025-07-05 12:10:29.000000,2025-07-06 19:41:58
E2987,{89},A46,export,2025-07-16 11:44:28.000000,2025-07-17 10:46:12
E2988,{89},A46,feature_call,2025-07-12 09:14:54.000000,2025-07-14 06:13:47
E2989,{89},A46,login,2025-07-27 22:47:47.000000,2025-07-29 14:10:18
E2990,{89},A46,login,2025-07-03 02:56:14.000000,2025-07-04 17:38:58
E2991,{89},A46,feature_call,2025-07-11 10:49:33.000000,2025-07-12 06:08:17
E2992,{89},A46,api_call,2025-07-08 05:26:50.000000,2025-07-09 14:21:07
E2993,{89},A46,api_call,2025-07-19 07:46:14.000000,2025-07-19 16:34:25
E2994,{89},A46,login,2025-07-01 18:22:33.000000,2025-07-02 11:29:00
E2995,{89},A46,export,2025-07-12 09:52:40.000000,2025-07-12 22:59:37
E2996,{89},A46,feature_call,2025-07-04 13:50:58.000000,2025-07-05 04:55:20
E2997,{90},A46,login,2025-07-24 08:27:33.000000,2025-07-24 14:07:01
E2998,{90},A46,export,2025-07-06 05:26:07.000000,2025-07-07 20:58:56
E2999,{90},A46,login,2025-07-08 07:05:21.000000,2025-07-09 07:18:05
E3000,{90},A46,export,2025-07-22 08:01:59.000000,2025-07-23 09:52:29
E3001,{90},A46,login,2025-07-03 07:24:50.000000,2025-07-05 01:07:47
E3002,{90},A46,api_call,2025-07-10 04:05:37.000000,2025-07-12 04:02:08
E3003,{90},A46,login,2025-07-08 18:37:28.000000,2025-07-09 22:43:15
E3004,{90},A46,export,2025-07-24 15:35:20.000000,2025-07-25 09:16:51
E3005,{90},A46,feature_call,2025-07-16 02:50:01.000000,2025-07-17 22:55:39
E3006,{90},A46,feature_call,2025-07-09 02:51:49.000000,2025-07-09 13:57:10
E3007,{90},A46,login,2025-07-09 03:08:59.000000,2025-07-10 06:26:52
E3008,{90},A46,api_call,2025-07-21 02:26:16.000000,2025-07-21 08:58:38
E3009,{90},A46,login,2025-07-21 06:58:57.000000,2025-07-21 08:33:45
E3010,{90},A46,feature_call,2025-07-14 01:27:20.000000,2025-07-14 03:08:57
E3011,{90},A46,login,2025-07-19 21:30:05.000000,2025-07-21 17:46:16
E3012,{90},A46,export,2025-07-06 20:44:31.000000,2025-07-07 21:43:18
E3013,{90},A46,api_call,2025-07-21 20:38:32.000000,2025-07-22 09:51:37
E3014,{90},A46,feature_call,2025-07-19 23:06:25.000000,2025-07-20 22:42:44
E3015,{90},A46,login,2025-07-17 13:22:25.000000,2025-07-18 02:25:38
E3016,{90},A46,feature_call,2025-07-13 09:00:16.000000,2025-07-14 20:33:47
E3017,{90},A46,feature_call,2025-07-14 05:54:52.000000,2025-07-15 07:06:34
E3018,{90},A46,api_call,2025-07-06 00:10:18.000000,2025-07-06 21:39:46
E3019,{90},A46,export,2025-06-30 02:55:38.000000,2025-06-30 23:07:58
E3020,{90},A46,feature_call,2025-07-22 16:10:47.000000,2025-07-24 10:55:59
E3021,{90},A46,login,2025-07-27 00:08:04.000000,2025-07-27 20:55:18
E3022,{90},A46,export,2025-07-12 02:35:28.000000,2025-07-12 04:49:45
E3023,{90},A46,login,2025-07-25 09:57:08.000000,2025-07-25 16:50:52
E3024,{90},A46,api_call,2025-07-27 22:10:03.000000,2025-07-29 03:20:03
E3025,{90},A46,feature_call,2025-07-07 18:48:25.000000,2025-07-08 12:20:07
E3026,{91},A46,feature_call,2025-07-27 16:00:53.000000,2025-07-28 09:44:39
E3027,{91},A46,api_call,2025-07-09 23:42:09.000000,2025-07-10 20:43:45
E3028,{91},A46,login,2025-07-01 23:51:59.000000,2025-07-03 18:30:58
E3029,{91},A46,login,2025-07-09 15:20:20.000000,2025-07-09 22:28:23
E3030,{91},A46,api_call,2025-07-13 01:36:37.000000,2025-07-13 12:40:34
E3031,{91},A46,api_call,2025-07-25 18:52:32.000000,2025-07-25 22:06:06
E3032,{91},A46,api_call,2025-07-09 06:34:35.000000,2025-07-09 21:43:56
E3033,{91},A46,api_call,2025-07-10 13:10:07.000000,2025-07-12 01:21:42
E3034,{91},A46,export,2025-07-17 06:34:25.000000,2025-07-18 17:20:55
E3035,{91},A46,api_call,2025-07-16 02:41:16.000000,2025-07-17 17:03:20
E3036,{91},A46,login,2025-07-03 09:34:12.000000,2025-07-03 20:45:14
E3037,{91},A46,feature_call,2025-07-16 10:35:53.000000,2025-07-16 11:49:12
E3038,{91},A46,export,2025-07-24 00:17:40.000000,2025-07-25 22:49:51
E3039,{91},A46,export,2025-07-18 02:19:14.000000,2025-07-18 21:09:30
E3040,{91},A46,feature_call,2025-07-09 16:41:02.000000,2025-07-10 10:47:19
E3041,{91},A46,login,2025-07-04 15:55:52.000000,2025-07-05 06:03:56
E3042,{91},A46,login,2025-07-03 12:09:38.000000,2025-07-03 23:55:30
E3043,{92},A47,api_call,2025-07-28 20:54:19.000000,2025-07-28 22:19:57
E3044,{92},A47,feature_call,2025-05-13 21:49:10.000000,2025-05-15 02:48:14
E3045,{92},A47,export,2025-08-08 05:56:29.000000,2025-08-08 13:50:24
E3046,{92},A47,api_call,2025-05-22 23:18:02.000000,2025-05-24 08:23:55
E3047,{92},A47,export,2025-09-23 04:33:51.000000,2025-09-24 20:35:06
E3048,{92},A47,api_call,2025-08-31 12:45:30.000000,2025-08-31 21:26:45
E3049,{92},A47,login,2025-06-14 10:22:54.000000,2025-06-15 04:59:39
E3050,{92},A47,feature_call,2025-07-02 08:15:59.000000,2025-07-04 00:02:16
E3051,{92},A47,feature_call,2025-05-26 01:38:48.000000,2025-05-27 01:44:53
E3052,{93},A47,login,2025-09-07 17:08:49.000000,2025-09-09 11:59:50
E3053,{93},A47,api_call,2025-04-07 21:39:24.000000,2025-04-09 05:35:34
E3054,{93},A47,export,2025-09-18 12:23:39.000000,2025-09-19 12:30:32
E3055,{92},A47,api_call,2026-01-10 07:50:01.000000,2026-01-11 20:35:31
E3056,{92},A47,login,2025-11-08 13:21:42.000000,2025-11-10 07:43:36
E3057,{92},A47,login,2025-11-24 02:56:13.000000,2025-11-25 00:58:53
E3058,{92},A47,api_call,2026-01-10 17:33:05.000000,2026-01-11 07:17:29
E3059,{92},A47,api_call,2025-11-17 07:38:39.000000,2025-11-18 07:54:39
E3060,{92},A47,export,2025-12-09 07:14:04.000000,2025-12-10 10:50:35
E3061,{92},A47,login,2025-12-19 16:32:14.000000,2025-12-21 07:02:37
E3062,{92},A47,api_call,2026-01-14 22:52:27.000000,2026-01-16 06:29:01
E3063,{92},A47,api_call,2025-12-23 14:08:25.000000,2025-12-25 05:07:17
E3064,{92},A47,api_call,2026-01-15 18:04:30.000000,2026-01-17 17:40:52
E3065,{92},A47,login,2025-12-03 17:04:35.000000,2025-12-05 09:06:44
E3066,{92},A47,export,2025-12-01 19:14:58.000000,2025-12-02 23:33:03
E3067,{92},A47,login,2025-12-18 12:10:44.000000,2025-12-18 22:34:31
E3068,{92},A47,feature_call,2026-01-01 17:47:50.000000,2026-01-03 11:02:44
E3069,{92},A47,export,2025-12-23 01:02:33.000000,2025-12-24 23:15:45
E3070,{92},A47,export,2025-11-05 18:56:19.000000,2025-11-05 19:41:40
E3071,{92},A47,export,2025-11-27 14:45:42.000000,2025-11-29 08:44:23
E3072,{92},A47,login,2025-11-26 14:38:26.000000,2025-11-28 00:25:22
E3073,{92},A47,feature_call,2025-12-30 17:58:02.000000,2026-01-01 06:16:11
E3074,{92},A47,login,2025-12-27 00:07:54.000000,2025-12-27 19:07:05
E3075,{92},A47,api_call,2025-12-08 07:49:36.000000,2025-12-10 07:31:56
E3076,{92},A47,export,2025-12-23 03:05:20.000000,2025-12-24 01:48:43
E3077,{92},A47,feature_call,2025-12-30 23:17:11.000000,2026-01-01 03:08:02
E3078,{92},A47,login,2025-12-02 22:00:19.000000,2025-12-04 21:34:04
E3079,{92},A47,export,2026-01-07 08:38:59.000000,2026-01-08 10:43:55
E3080,{92},A47,api_call,2025-11-30 14:26:55.000000,2025-12-01 16:48:01
E3081,{92},A47,export,2025-12-30 08:24:19.000000,2025-12-31 02:08:08
E3082,{92},A47,login,2025-12-04 02:30:22.000000,2025-12-05 20:00:48
E3083,{92},A47,login,2025-11-27 07:30:47.000000,2025-11-28 13:21:16
E3084,{92},A47,export,2025-12-03 09:56:19.000000,2025-12-04 22:44:21
E3085,{92},A47,api_call,2026-01-01 16:50:45.000000,2026-01-02 19:20:52
E3086,{92},A47,feature_call,2025-12-10 05:25:16.000000,2025-12-10 18:56:02
E3087,{92},A47,export,2025-12-07 16:08:02.000000,2025-12-09 02:26:42
E3088,{92},A47,feature_call,2025-11-25 09:28:28.000000,2025-11-26 00:52:15
E3089,{92},A47,feature_call,2026-01-07 00:55:12.000000,2026-01-08 04:19:57
E3090,{92},A47,feature_call,2025-12-15 21:01:36.000000,2025-12-17 13:33:33
E3091,{93},A47,api_call,2025-12-28 10:45:45.000000,2025-12-29 11:15:54
E3092,{93},A47,api_call,2025-11-02 02:07:31.000000,2025-11-03 09:49:13
E3093,{93},A47,export,2025-11-23 10:24:44.000000,2025-11-24 21:37:08
E3094,{93},A47,feature_call,2025-12-09 07:52:10.000000,2025-12-09 07:57:33
E3095,{93},A47,login,2025-11-07 01:07:24.000000,2025-11-08 18:36:37
E3096,{93},A47,api_call,2025-11-27 06:11:03.000000,2025-11-28 00:33:14
E3097,{93},A47,api_call,2025-11-23 10:18:21.000000,2025-11-24 15:27:23
E3098,{93},A47,login,2026-01-08 19:26:21.000000,2026-01-10 15:00:23
E3099,{93},A47,feature_call,2025-12-12 06:52:04.000000,2025-12-13 20:56:12
E3100,{93},A47,feature_call,2025-11-14 23:48:22.000000,2025-11-15 10:24:10
E3101,{93},A47,export,2025-12-09 18:27:38.000000,2025-12-10 06:51:47
E3102,{93},A47,login,2025-12-06 15:25:48.000000,2025-12-07 11:39:47
E3103,{93},A47,login,2025-12-12 23:43:20.000000,2025-12-14 20:42:52
E3104,{93},A47,login,2025-11-24 06:48:22.000000,2025-11-25 02:55:45
E3105,{93},A47,login,2025-11-23 19:42:30.000000,2025-11-25 04:12:35
E3106,{93},A47,export,2026-01-14 07:44:53.000000,2026-01-15 16:16:15
E3107,{93},A47,api_call,2025-11-16 02:44:58.000000,2025-11-17 00:53:33
E3108,{93},A47,feature_call,2026-01-07 13:39:15.000000,2026-01-09 08:48:40
E3109,{93},A47,login,2025-11-15 17:10:20.000000,2025-11-17 02:56:43
E3110,{93},A47,export,2025-12-04 07:12:07.000000,2025-12-04 15:31:26
E3111,{93},A47,feature_call,2026-01-12 02:25:03.000000,2026-01-13 11:46:23
E3112,{93},A47,feature_call,2025-12-21 16:32:26.000000,2025-12-22 05:59:21
E3113,{93},A47,feature_call,2026-01-08 02:22:33.000000,2026-01-09 03:35:24
E3114,{93},A47,api_call,2025-11-05 22:16:41.000000,2025-11-06 20:07:28
E3115,{93},A47,api_call,2025-11-08 16:48:40.000000,2025-11-09 14:24:39
E3116,{93},A47,export,2025-12-18 01:45:00.000000,2025-12-18 13:10:01
E3117,{93},A47,login,2025-11-05 18:34:11.000000,2025-11-05 19:16:53
E3118,{94},A48,login,2025-09-27 12:38:21.000000,2025-09-27 15:34:52
E3119,{94},A48,feature_call,2025-09-12 02:37:07.000000,2025-09-12 05:39:51
E3120,{95},A48,export,2025-07-09 18:22:11.000000,2025-07-11 00:15:01
E3121,{95},A48,api_call,2025-10-17 18:12:09.000000,2025-10-18 23:26:33
E3122,{95},A48,api_call,2025-11-01 18:45:13.000000,2025-11-03 05:00:39
E3123,{95},A48,export,2025-11-25 12:55:03.000000,2025-11-27 11:16:25
E3124,{95},A48,api_call,2025-08-24 07:05:24.000000,2025-08-25 01:44:00
E3125,{95},A48,export,2025-09-07 13:31:17.000000,2025-09-08 17:05:24
E3126,{95},A48,api_call,2025-07-11 09:15:32.000000,2025-07-11 10:19:02
E3127,{95},A48,feature_call,2025-11-22 00:09:15.000000,2025-11-22 13:21:38
E3128,{95},A48,feature_call,2025-10-18 20:05:03.000000,2025-10-20 13:37:10
E3129,{95},A48,export,2025-09-07 12:59:41.000000,2025-09-09 03:58:01
E3130,{95},A48,feature_call,2025-10-22 00:26:41.000000,2025-10-23 20:19:30
E3131,{95},A48,login,2025-12-27 04:26:34.000000,2025-12-28 03:49:33
E3132,{95},A48,export,2025-11-18 03:51:52.000000,2025-11-19 19:27:53
E3133,{95},A48,login,2025-11-10 18:57:18.000000,2025-11-12 09:51:53
E3134,{95},A48,login,2025-10-11 00:55:51.000000,2025-10-12 10:46:51
E3135,{95},A48,login,2025-09-20 13:22:16.000000,2025-09-20 22:25:04
E3136,{95},A48,feature_call,2025-11-20 14:25:47.000000,2025-11-21 03:27:35
E3137,{95},A48,export,2025-12-04 05:42:45.000000,2025-12-06 02:19:21
E3138,{95},A48,login,2025-11-10 11:04:22.000000,2025-11-11 02:16:36
E3139,{95},A48,export,2025-08-18 19:13:07.000000,2025-08-19 07:35:20
E3140,{95},A48,feature_call,2025-10-13 06:22:44.000000,2025-10-13 12:06:37
E3141,{95},A48,export,2025-08-30 14:20:05.000000,2025-08-31 15:14:58
E3142,{95},A48,feature_call,2025-10-14 20:20:56.000000,2025-10-16 14:35:08
E3143,{95},A48,export,2025-12-17 23:27:09.000000,2025-12-18 20:49:42
E3144,{95},A48,feature_call,2025-08-20 01:12:18.000000,2025-08-21 17:30:27
E3145,{95},A48,api_call,2025-08-25 16:26:54.000000,2025-08-26 11:10:24
E3146,{95},A48,api_call,2025-09-08 20:16:16.000000,2025-09-09 02:18:09
E3147,{95},A48,api_call,2025-11-01 08:52:37.000000,2025-11-02 02:06:58
E3148,{95},A48,api_call,2025-08-16 13:54:21.000000,2025-08-17 02:43:11
E3149,{95},A48,login,2025-12-29 20:35:05.000000,2025-12-30 14:20:30
E3150,{95},A48,export,2025-09-13 06:29:42.000000,2025-09-14 08:38:25
E3151,{96},A48,feature_call,2025-10-10 07:42:56.000000,2025-10-10 23:03:43
E3152,{96},A48,api_call,2025-10-14 19:01:47.000000,2025-10-16 05:56:45
E3153,{96},A48,login,2025-09-07 12:53:14.000000,2025-09-08 04:17:04
E3154,{96},A48,feature_call,2025-11-05 23:25:23.000000,2025-11-07 08:32:41
E3155,{96},A48,feature_call,2025-10-07 10:54:15.000000,2025-10-08 22:03:49
E3156,{96},A48,export,2025-08-23 20:14:09.000000,2025-08-24 10:53:22
E3157,{96},A48,api_call,2025-10-18 18:54:44.000000,2025-10-20 15:46:25
E3158,{96},A48,login,2025-12-06 21:38:30.000000,2025-12-08 00:17:12
E3159,{96},A48,feature_call,2025-11-06 23:03:05.000000,2025-11-08 20:20:09
E3160,{96},A48,login,2025-12-13 11:17:29.000000,2025-12-14 01:12:38
E3161,{96},A48,api_call,2025-10-08 17:41:05.000000,2025-10-08 19:57:36
E3162,{96},A48,feature_call,2025-09-11 01:52:12.000000,2025-09-11 17:59:21
E3163,{96},A48,feature_call,2025-12-16 03:33:40.000000,2025-12-17 09:17:33
E3164,{96},A48,login,2025-08-19 10:00:05.000000,2025-08-20 12:47:12
E3165,{96},A48,login,2025-12-16 19:23:06.000000,2025-12-18 17:28:57
E3166,{96},A48,login,2025-09-03 10:39:17.000000,2025-09-04 10:40:46
E3167,{96},A48,login,2025-07-12 21:27:19.000000,2025-07-14 16:20:31
E3168,{97},A48,export,2025-09-06 02:25:38.000000,2025-09-06 10:49:11
E3169,{97},A48,api_call,2025-09-26 14:25:28.000000,2025-09-28 06:56:26
E3170,{97},A48,login,2025-09-01 19:06:43.000000,2025-09-02 05:29:30
E3171,{97},A48,export,2025-12-04 00:10:13.000000,2025-12-05 22:32:31
E3172,{97},A48,feature_call,2025-07-23 10:21:44.000000,2025-07-24 07:35:38
E3173,{97},A48,login,2025-12-08 22:28:29.000000,2025-12-09 21:34:47
E3174,{97},A48,api_call,2025-10-07 20:05:55.000000,2025-10-08 00:25:02
E3175,{97},A48,api_call,2025-12-21 18:40:15.000000,2025-12-23 15:38:10
E3176,{97},A48,login,2025-07-09 02:05:56.000000,2025-07-10 19:32:08
E3177,{97},A48,export,2025-11-18 04:58:34.000000,2025-11-19 02:11:59
E3178,{97},A48,api_call,2025-11-05 12:04:18.000000,2025-11-06 13:38:34
E3179,{97},A48,feature_call,2025-10-22 11:55:10.000000,2025-10-23 17:46:41
E3180,{97},A48,export,2025-10-26 01:48:21.000000,2025-10-27 01:02:26
E3181,{97},A48,feature_call,2025-09-02 14:08:50.000000,2025-09-03 14:12:45
E3182,{97},A48,export,2025-08-16 23:47:11.000000,2025-08-17 00:23:15
E3183,{97},A48,api_call,2025-10-05 23:34:14.000000,2025-10-06 00:04:01
E3184,{97},A48,api_call,2025-12-13 05:35:47.000000,2025-12-15 04:09:16
E3185,{97},A48,feature_call,2025-11-26 19:14:09.000000,2025-11-27 04:40:34
E3186,{97},A48,export,2025-12-17 16:53:36.000000,2025-12-18 19:18:13
E3187,{97},A48,feature_call,2025-08-31 14:22:20.000000,2025-09-01 07:24:08
E3188,{97},A48,login,2025-09-09 20:21:18.000000,2025-09-11 16:59:14
E3189,{97},A48,login,2025-12-11 09:03:21.000000,2025-12-11 23:03:08
E3190,{97},A48,feature_call,2025-09-17 21:55:56.000000,2025-09-19 09:21:35
E3191,{97},A48,login,2025-07-23 00:54:32.000000,2025-07-24 10:53:16
E3192,{97},A48,feature_call,2025-09-13 01:33:10.000000,2025-09-14 16:26:25
E3193,{97},A48,login,2025-11-11 22:40:37.000000,2025-11-13 14:57:07
E3194,{97},A48,api_call,2025-11-28 20:27:10.000000,2025-11-30 09:16:40
E3195,{97},A48,api_call,2025-12-06 01:03:31.000000,2025-12-06 15:38:48
E3196,{97},A48,api_call,2025-08-15 23:30:04.000000,2025-08-17 17:04:08
E3197,{97},A48,feature_call,2025-10-03 18:31:29.000000,2025-10-04 17:20:18
E3198,{97},A48,feature_call,2025-12-14 20:57:44.000000,2025-12-15 22:53:36
E3199,{97},A48,feature_call,2025-09-19 02:01:57.000000,2025-09-19 05:20:59
E3200,{97},A48,api_call,2025-11-28 16:14:07.000000,2025-11-29 21:10:54
E3201,{95},A48,export,2025-09-03 17:54:25.000000,2025-09-05 00:10:46
E3202,{95},A48,api_call,2025-09-15 12:26:48.000000,2025-09-16 18:52:50
E3203,{95},A48,feature_call,2025-09-06 03:29:25.000000,2025-09-06 14:02:06
E3204,{96},A48,export,2025-08-24 13:35:21.000000,2025-08-25 05:01:50
E3205,{96},A48,login,2025-09-08 08:10:34.000000,2025-09-09 14:17:18
E3206,{96},A48,api_call,2025-09-19 05:17:24.000000,2025-09-21 02:08:32
E3207,{96},A48,api_call,2025-09-15 08:03:13.000000,2025-09-16 05:22:45
E3208,{97},A48,export,2025-09-13 21:59:32.000000,2025-09-14 09:59:40
E3209,{97},A48,api_call,2025-09-02 15:23:57.000000,2025-09-04 03:06:01
E3210,{97},A48,export,2025-08-26 10:58:56.000000,2025-08-28 08:05:31
E3211,{97},A48,export,2025-09-17 06:51:04.000000,2025-09-17 11:50:33
E3212,{97},A48,feature_call,2025-09-09 07:15:44.000000,2025-09-09 10:31:53
E3213,{97},A48,export,2025-08-28 09:30:21.000000,2025-08-29 13:37:40
E3214,{97},A48,export,2025-08-22 22:29:17.000000,2025-08-23 03:54:19
E3215,{97},A48,api_call,2025-09-06 08:02:42.000000,2025-09-08 07:25:23
E3216,{99},A49,api_call,2025-10-17 22:32:12.000000,2025-10-18 16:50:22
E3217,{99},A49,api_call,2025-10-05 17:38:43.000000,2025-10-07 12:03:57
E3218,{99},A49,login,2025-09-25 08:34:10.000000,2025-09-26 06:32:58
E3219,{99},A49,feature_call,2025-10-24 21:22:31.000000,2025-10-26 08:30:20
E3220,{99},A49,login,2025-11-29 21:02:04.000000,2025-11-29 21:20:31
E3221,{99},A49,export,2025-12-14 21:45:26.000000,2025-12-16 13:38:48
E3222,{99},A49,feature_call,2025-10-29 00:13:03.000000,2025-10-30 08:59:07
E3223,{99},A49,login,2025-11-05 03:58:56.000000,2025-11-06 08:44:04
E3224,{99},A49,feature_call,2025-07-14 12:53:55.000000,2025-07-15 02:03:36
E3225,{101},A50,login,2025-08-10 00:11:58.000000,2025-08-11 11:17:47
E3226,{102},A50,feature_call,2025-08-01 18:19:07.000000,2025-08-02 09:35:51
E3227,{102},A50,api_call,2025-12-26 10:35:19.000000,2025-12-26 13:23:24
E3228,{102},A50,api_call,2025-10-01 23:10:19.000000,2025-10-03 20:34:52
E3229,{102},A50,login,2025-09-07 23:10:02.000000,2025-09-08 09:21:09
E3230,{102},A50,login,2025-11-13 06:36:06.000000,2025-11-14 00:39:35
E3231,{102},A50,feature_call,2025-07-27 12:20:13.000000,2025-07-29 11:22:44
E3232,{100},A50,api_call,2025-10-12 16:53:57.000000,2025-10-14 07:01:31
E3233,{100},A50,feature_call,2026-01-11 18:38:52.000000,2026-01-12 10:40:09
E3234,{100},A50,api_call,2025-10-03 09:49:38.000000,2025-10-04 17:50:41
E3235,{100},A50,export,2025-12-31 05:45:48.000000,2025-12-31 12:37:10
E3236,{100},A50,login,2026-01-12 23:13:53.000000,2026-01-14 08:35:27
E3237,{100},A50,api_call,2025-11-21 18:57:56.000000,2025-11-22 01:20:52
E3238,{100},A50,api_call,2025-12-08 04:29:55.000000,2025-12-09 09:35:33
E3239,{100},A50,login,2026-01-13 04:35:01.000000,2026-01-14 17:15:02
E3240,{100},A50,login,2025-12-05 02:05:45.000000,2025-12-06 00:33:43
E3241,{100},A50,export,2025-11-25 05:11:14.000000,2025-11-26 09:34:13
E3242,{100},A50,login,2026-01-08 19:11:15.000000,2026-01-09 03:51:25
E3243,{100},A50,login,2026-01-01 01:06:54.000000,2026-01-02 19:01:56
E3244,{100},A50,feature_call,2026-01-21 06:32:32.000000,2026-01-23 01:49:54
E3245,{100},A50,login,2025-10-20 14:05:46.000000,2025-10-21 06:35:03
E3246,{100},A50,api_call,2025-12-12 18:51:50.000000,2025-12-13 19:44:19
E3247,{100},A50,feature_call,2025-10-05 21:18:10.000000,2025-10-05 23:31:01
E3248,{100},A50,api_call,2025-12-31 18:42:58.000000,2026-01-01 15:55:16
E3249,{100},A50,api_call,2025-12-13 14:02:53.000000,2025-12-14 04:05:06
E3250,{100},A50,feature_call,2025-11-16 06:39:44.000000,2025-11-17 11:40:14
E3251,{100},A50,export,2026-01-15 22:25:09.000000,2026-01-16 15:39:15
E3252,{100},A50,export,2025-11-19 10:11:55.000000,2025-11-20 19:08:32
E3253,{100},A50,api_call,2025-10-29 05:14:30.000000,2025-10-30 13:49:29
E3254,{100},A50,api_call,2025-10-01 00:12:39.000000,2025-10-01 16:49:24
E3255,{100},A50,api_call,2025-12-18 06:08:47.000000,2025-12-19 01:08:30
E3256,{100},A50,api_call,2025-12-30 16:05:45.000000,2025-12-31 21:01:42
E3257,{100},A50,feature_call,2025-11-14 06:39:02.000000,2025-11-14 23:05:09
E3258,{100},A50,export,2026-01-11 02:44:27.000000,2026-01-11 22:40:07
E3259,{100},A50,login,2026-01-24 21:56:12.000000,2026-01-26 13:08:07
E3260,{100},A50,api_call,2025-11-10 21:16:32.000000,2025-11-10 22:18:08
E3261,{100},A50,feature_call,2025-10-24 04:03:21.000000,2025-10-25 00:38:25
E3262,{100},A50,login,2025-09-22 01:58:16.000000,2025-09-23 04:48:33
E3263,{100},A50,export,2026-01-17 01:32:28.000000,2026-01-18 14:09:27
E3264,{100},A50,export,2025-11-28 19:21:17.000000,2025-11-30 18:02:49
E3265,{100},A50,export,2025-11-27 17:41:40.000000,2025-11-29 16:41:52
E3266,{100},A50,api_call,2026-01-19 03:21:21.000000,2026-01-19 22:41:49
E3267,{100},A50,login,2025-11-28 05:37:53.000000,2025-11-29 14:46:46
E3268,{100},A50,api_call,2025-09-20 10:53:04.000000,2025-09-21 05:29:11
E3269,{100},A50,feature_call,2026-01-05 07:20:50.000000,2026-01-07 03:35:56
E3270,{100},A50,api_call,2025-12-24 18:09:23.000000,2025-12-26 13:08:02
E3271,{100},A50,feature_call,2025-12-08 03:51:46.000000,2025-12-08 21:47:30
E3272,{100},A50,api_call,2025-10-05 02:21:14.000000,2025-10-06 00:15:18
E3273,{100},A50,export,2025-12-20 00:48:39.000000,2025-12-20 18:41:11
E3274,{100},A50,login,2025-10-09 05:43:31.000000,2025-10-11 05:22:13
E3275,{100},A50,login,2025-12-23 07:52:16.000000,2025-12-24 18:45:03
E3276,{100},A50,api_call,2025-12-01 14:18:43.000000,2025-12-02 09:06:54
E3277,{100},A50,feature_call,2025-12-28 03:52:29.000000,2025-12-29 02:17:06
E3278,{100},A50,login,2025-10-18 11:09:26.000000,2025-10-19 13:51:47
E3279,{100},A50,feature_call,2025-11-20 19:08:15.000000,2025-11-21 19:22:44
E3280,{100},A50,login,2025-09-19 09:43:19.000000,2025-09-21 03:40:00
E3281,{100},A50,export,2025-11-21 01:49:54.000000,2025-11-21 14:25:32
E3282,{100},A50,feature_call,2026-01-22 17:56:27.000000,2026-01-22 22:45:28
E3283,{102},A50,login,2026-01-22 15:15:00.000000,2026-01-23 16:49:19
E3284,{102},A50,login,2025-12-22 17:49:31.000000,2025-12-23 06:36:30
E3285,{102},A50,export,2025-12-05 00:52:12.000000,2025-12-05 11:25:02
E3286,{102},A50,feature_call,2026-01-01 17:36:45.000000,2026-01-03 08:42:05
E3287,{102},A50,login,2025-09-23 02:20:03.000000,2025-09-24 03:03:13
E3288,{102},A50,export,2025-09-22 04:41:01.000000,2025-09-23 12:44:13
E3289,{102},A50,feature_call,2025-09-23 04:18:10.000000,2025-09-23 07:49:03
E3290,{102},A50,login,2026-01-01 14:53:28.000000,2026-01-03 09:38:41
E3291,{102},A50,export,2025-12-12 01:52:28.000000,2025-12-13 21:47:51
E3292,{102},A50,api_call,2025-10-25 01:21:26.000000,2025-10-26 00:50:24
E3293,{102},A50,login,2025-12-19 01:27:10.000000,2025-12-19 23:06:47
E3294,{102},A50,login,2025-10-24 05:32:18.000000,2025-10-25 08:09:52
E3295,{102},A50,api_call,2025-11-10 15:29:15.000000,2025-11-11 20:44:50
E3296,{102},A50,feature_call,2025-10-29 06:35:49.000000,2025-10-29 14:26:58
E3297,{102},A50,login,2025-10-04 11:10:36.000000,2025-10-05 16:04:53
E3298,{102},A50,login,2025-11-07 16:51:16.000000,2025-11-09 03:47:45
E3299,{102},A50,api_call,2025-12-01 05:31:57.000000,2025-12-01 18:25:45
E3300,{102},A50,feature_call,2025-12-27 08:38:57.000000,2025-12-27 08:49:28
E3301,{102},A50,login,2025-10-09 08:02:28.000000,2025-10-10 21:56:10
E3302,{102},A50,api_call,2025-12-24 08:44:53.000000,2025-12-25 22:52:01
E3303,{102},A50,login,2026-01-10 18:37:44.000000,2026-01-12 08:57:33
E3304,{102},A50,export,2025-11-17 13:37:56.000000,2025-11-18 12:20:23
E3305,{102},A50,export,2025-11-11 00:38:20.000000,2025-11-12 23:31:22
E3306,{102},A50,export,2025-10-27 23:20:09.000000,2025-10-29 07:09:06
E3307,{102},A50,login,2025-12-27 17:48:07.000000,2025-12-27 22:55:57
E3308,{102},A50,api_call,2025-09-29 11:23:45.000000,2025-09-30 14:20:26
E3309,{102},A50,login,2025-12-28 19:20:46.000000,2025-12-28 20:16:25
E3310,{102},A50,api_call,2025-10-16 04:49:31.000000,2025-10-17 11:03:12
E3311,{102},A50,api_call,2025-12-29 06:29:59.000000,2025-12-31 06:00:22
E3312,{102},A50,login,2025-10-12 06:02:55.000000,2025-10-13 10:58:18
E3313,{102},A50,feature_call,2026-01-22 12:56:04.000000,2026-01-24 00:06:01
E3314,{102},A50,login,2026-01-11 02:41:44.000000,2026-01-11 07:44:57
E3315,{102},A50,api_call,2025-10-05 16:30:01.000000,2025-10-07 15:34:34
E3316,{102},A50,login,2025-12-27 08:43:34.000000,2025-12-28 04:39:49
E3317,{102},A50,login,2025-12-23 01:28:44.000000,2025-12-24 13:59:16
E3318,{102},A50,feature_call,2025-10-12 06:57:55.000000,2025-10-14 01:45:45
E3319,{102},A50,feature_call,2025-10-08 19:28:50.000000,2025-10-09 23:18:10
E3320,{102},A50,feature_call,2025-10-15 00:39:46.000000,2025-10-16 01:29:22
E3321,{102},A50,api_call,2025-11-19 05:27:45.000000,2025-11-20 07:47:48
E3322,{102},A50,export,2025-10-14 10:18:44.000000,2025-10-14 12:25:36
E3323,{102},A50,export,2025-12-11 06:06:55.000000,2025-12-12 02:57:03
E3324,{102},A50,feature_call,2025-12-04 17:51:20.000000,2025-12-06 08:44:36
E3325,{102},A50,export,2025-10-05 11:33:08.000000,2025-10-07 10:40:32
E3326,{102},A50,export,2025-09-22 16:40:41.000000,2025-09-23 12:07:42
E3327,{102},A50,login,2025-10-15 05:59:17.000000,2025-10-16 03:18:58
E3328,{102},A50,export,2025-09-21 03:29:00.000000,2025-09-22 08:06:28
E3329,{102},A50,login,2025-11-26 07:43:01.000000,2025-11-26 13:06:30
E3330,{102},A50,export,2025-12-25 00:32:50.000000,2025-12-26 23:46:15
E3331,{102},A50,api_call,2025-11-12 12:20:52.000000,2025-11-14 08:25:37
E3332,{102},A50,api_call,2026-01-14 10:05:13.000000,2026-01-14 20:21:57
E3333,{102},A50,login,2025-12-12 06:21:13.000000,2025-12-12 21:00:56
E3334,{102},A50,login,2025-11-08 18:24:35.000000,2025-11-09 14:22:30
E3335,{102},A50,export,2025-12-20 09:07:12.000000,2025-12-21 17:05:17
E3336,{102},A50,export,2026-01-11 10:34:44.000000,2026-01-12 10:13:59
E3337,{102},A50,feature_call,2025-11-23 22:19:31.000000,2025-11-25 03:01:45
E3338,{102},A50,feature_call,2025-12-06 01:47:00.000000,2025-12-07 22:01:54
E3339,{102},A50,api_call,2025-11-14 18:56:54.000000,2025-11-15 02:42:44
E3340,{102},A50,feature_call,2025-09-19 20:08:04.000000,2025-09-20 00:22:01
E3341,{102},A50,api_call,2025-11-07 06:33:38.000000,2025-11-09 05:51:16
E3342,{102},A50,export,2025-12-22 11:41:23.000000,2025-12-23 01:44:54
E3343,{102},A50,api_call,2025-12-24 23:18:08.000000,2025-12-25 02:22:25
E3344,{102},A50,feature_call,2025-12-05 04:49:26.000000,2025-12-06 07:28:28
E3345,{102},A50,export,2025-09-29 18:38:31.000000,2025-09-30 19:18:41
E3346,{102},A50,feature_call,2026-01-01 06:45:35.000000,2026-01-02 05:28:37
E3347,{102},A50,export,2025-11-24 04:05:42.000000,2025-11-25 07:08:13
E3348,{102},A50,feature_call,2025-09-19 10:34:20.000000,2025-09-19 11:47:14
E3349,{102},A50,login,2025-12-20 10:20:35.000000,2025-12-20 13:10:52
E3350,{102},A50,export,2025-11-20 17:46:14.000000,2025-11-22 17:38:28
E3351,{102},A50,feature_call,2025-12-18 20:57:53.000000,2025-12-20 06:42:06
E3352,{102},A50,feature_call,2025-10-02 07:10:54.000000,2025-10-03 19:50:19
E3353,{102},A50,export,2025-10-23 17:52:36.000000,2025-10-24 03:16:09
E3354,{102},A50,feature_call,2025-12-21 19:06:11.000000,2025-12-23 17:05:05
E3355,{102},A50,export,2025-11-08 09:22:42.000000,2025-11-08 12:23:21
E3356,{102},A50,export,2025-10-08 13:42:15.000000,2025-10-09 18:53:03
E3357,{102},A50,api_call,2025-11-15 08:18:56.000000,2025-11-15 22:10:13
E3358,{102},A50,export,2025-11-28 01:41:46.000000,2025-11-28 16:51:54
E3359,{102},A50,feature_call,2025-12-25 12:19:56.000000,2025-12-26 11:13:44
E3360,{102},A50,api_call,2025-11-15 16:27:31.000000,2025-11-16 21:05:55
E3361,{105},A51,login,2025-04-22 17:43:57.000000,2025-04-24 08:08:40
E3362,{105},A51,login,2025-12-19 11:41:52.000000,2025-12-20 12:45:02
E3363,{105},A51,export,2025-05-20 03:33:16.000000,2025-05-22 02:46:08
E3364,{104},A51,export,2026-01-08 04:52:35.000000,2026-01-09 09:33:43
E3365,{106},A52,login,2025-08-26 16:59:25.000000,2025-08-27 07:45:03
E3366,{106},A52,export,2025-07-04 12:31:40.000000,2025-07-05 06:04:05
E3367,{106},A52,feature_call,2025-09-29 20:53:49.000000,2025-09-30 18:09:40
E3368,{106},A52,feature_call,2025-08-05 18:42:58.000000,2025-08-06 01:17:09
E3369,{106},A52,feature_call,2025-11-19 17:55:34.000000,2025-11-20 03:58:20
E3370,{106},A52,api_call,2025-08-28 22:55:37.000000,2025-08-29 18:22:12
E3371,{106},A52,export,2025-10-22 02:25:42.000000,2025-10-23 20:56:45
E3372,{106},A52,login,2025-11-19 06:22:21.000000,2025-11-19 22:31:43
E3373,{106},A52,api_call,2025-12-02 04:20:23.000000,2025-12-02 06:33:43
E3374,{107},A52,api_call,2025-08-09 13:29:55.000000,2025-08-09 17:05:19
E3375,{107},A52,feature_call,2025-09-04 18:58:35.000000,2025-09-05 21:48:57
E3376,{108},A52,api_call,2025-07-10 08:18:38.000000,2025-07-11 02:29:38
E3377,{108},A52,feature_call,2025-12-14 07:17:31.000000,2025-12-15 07:23:34
E3378,{108},A52,login,2025-08-07 15:13:45.000000,2025-08-09 05:34:11
E3379,{108},A52,feature_call,2025-10-18 04:23:38.000000,2025-10-19 11:26:06
E3380,{108},A52,feature_call,2025-10-04 13:16:16.000000,2025-10-06 08:18:19
E3381,{109},A52,export,2025-07-13 18:54:30.000000,2025-07-15 18:18:32
E3382,{109},A52,feature_call,2025-12-12 15:53:37.000000,2025-12-13 11:44:21
E3383,{109},A52,feature_call,2025-11-21 09:06:55.000000,2025-11-21 19:38:00
E3384,{109},A52,login,2025-06-22 18:07:12.000000,2025-06-22 22:43:56
E3385,{109},A52,feature_call,2025-08-17 10:53:05.000000,2025-08-17 11:30:41
E3386,{109},A52,login,2025-09-12 08:58:49.000000,2025-09-14 04:35:17
E3387,{110},A53,feature_call,2025-04-17 09:32:57.000000,2025-04-17 21:09:05
E3388,{110},A53,api_call,2025-08-06 05:17:43.000000,2025-08-07 23:51:31
E3389,{110},A53,api_call,2025-08-13 08:09:29.000000,2025-08-14 10:38:08
E3390,{110},A53,api_call,2025-10-11 10:35:21.000000,2025-10-12 08:39:15
E3391,{110},A53,login,2025-10-20 09:28:05.000000,2025-10-20 14:17:03
E3392,{110},A53,api_call,2025-04-17 02:32:21.000000,2025-04-17 13:25:00
E3393,{110},A53,api_call,2025-12-18 12:03:29.000000,2025-12-18 20:31:14
E3394,{110},A53,feature_call,2025-06-23 07:05:10.000000,2025-06-25 02:02:18
E3395,{110},A53,export,2025-10-30 01:31:19.000000,2025-10-30 15:02:12
E3396,{110},A53,api_call,2025-06-15 13:59:56.000000,2025-06-15 19:37:06
E3397,{110},A53,api_call,2025-07-03 02:11:06.000000,2025-07-04 01:48:59
E3398,{110},A53,export,2025-12-27 19:07:10.000000,2025-12-29 14:27:19
E3399,{110},A53,feature_call,2025-11-29 15:04:13.000000,2025-11-30 16:21:48
E3400,{110},A53,export,2025-12-06 16:04:40.000000,2025-12-08 11:17:15
E3401,{110},A53,export,2025-03-29 14:28:00.000000,2025-03-30 12:25:19
E3402,{110},A53,export,2025-04-26 22:32:18.000000,2025-04-27 19:46:27
E3403,{110},A53,api_call,2025-07-05 14:37:01.000000,2025-07-06 03:58:39
E3404,{110},A53,feature_call,2025-11-06 03:18:01.000000,2025-11-07 06:50:13
E3405,{110},A53,api_call,2025-06-28 12:05:49.000000,2025-06-29 10:50:58
E3406,{110},A53,api_call,2025-07-24 17:11:58.000000,2025-07-26 15:59:23
E3407,{110},A53,feature_call,2025-09-18 16:22:25.000000,2025-09-20 14:50:48
E3408,{110},A53,api_call,2025-10-10 22:33:45.000000,2025-10-12 20:42:23
E3409,{110},A53,feature_call,2025-12-08 17:47:44.000000,2025-12-10 00:12:27
E3410,{110},A53,api_call,2025-11-13 23:18:07.000000,2025-11-14 12:33:37
E3411,{110},A53,api_call,2025-08-01 14:20:35.000000,2025-08-02 16:57:09
E3412,{110},A53,api_call,2026-01-03 08:18:22.000000,2026-01-03 16:38:01
E3413,{110},A53,export,2025-10-24 15:30:44.000000,2025-10-25 06:57:28
E3414,{110},A53,api_call,2025-09-26 03:37:06.000000,2025-09-27 21:06:44
E3415,{111},A54,api_call,2025-09-17 06:33:38.000000,2025-09-17 14:39:02
E3416,{111},A54,export,2025-12-22 18:37:15.000000,2025-12-24 13:24:06
E3417,{111},A54,feature_call,2025-10-19 13:22:03.000000,2025-10-20 05:46:27
E3418,{111},A54,api_call,2025-09-13 07:32:40.000000,2025-09-13 23:42:08
E3419,{111},A54,api_call,2025-10-18 03:56:21.000000,2025-10-18 08:09:59
E3420,{111},A54,login,2025-12-24 21:00:07.000000,2025-12-26 11:16:57
E3421,{111},A54,export,2025-11-06 21:11:39.000000,2025-11-07 23:18:41
E3422,{111},A54,login,2025-11-26 09:14:46.000000,2025-11-28 08:19:19
E3423,{111},A54,api_call,2025-10-15 13:27:33.000000,2025-10-17 05:24:10
E3424,{111},A54,export,2025-11-23 15:12:54.000000,2025-11-24 07:18:11
E3425,{111},A54,feature_call,2025-12-30 18:55:47.000000,2025-12-31 17:10:04
E3426,{111},A54,feature_call,2025-12-10 12:01:41.000000,2025-12-12 05:02:40
E3427,{111},A54,feature_call,2025-12-11 05:28:07.000000,2025-12-11 21:01:37
E3428,{111},A54,api_call,2025-11-07 04:25:29.000000,2025-11-08 21:28:26
E3429,{111},A54,export,2025-07-31 07:03:07.000000,2025-07-31 11:28:52
E3430,{111},A54,login,2025-10-27 12:39:28.000000,2025-10-28 17:37:23
E3431,{111},A54,api_call,2025-08-18 01:53:47.000000,2025-08-19 11:10:16
E3432,{111},A54,api_call,2025-12-09 14:09:19.000000,2025-12-11 10:00:24
E3433,{111},A54,feature_call,2025-11-21 02:32:59.000000,2025-11-21 15:03:32
E3434,{111},A54,feature_call,2025-11-04 23:36:29.000000,2025-11-05 20:52:57
E3435,{111},A54,feature_call,2025-11-17 03:55:45.000000,2025-11-17 13:37:23
E3436,{111},A54,feature_call,2025-09-29 22:27:30.000000,2025-10-01 15:47:59
E3437,{112},A54,api_call,2025-08-21 13:38:25.000000,2025-08-22 02:20:21
E3438,{112},A54,export,2025-10-15 09:34:00.000000,2025-10-17 05:35:20
E3439,{112},A54,api_call,2025-09-09 09:15:15.000000,2025-09-10 00:16:25
E3440,{112},A54,feature_call,2025-10-16 06:09:09.000000,2025-10-16 16:02:50
E3441,{112},A54,feature_call,2025-11-02 12:07:48.000000,2025-11-03 17:36:34
E3442,{112},A54,export,2025-08-20 05:04:28.000000,2025-08-21 08:19:19
E3443,{112},A54,api_call,2025-11-10 09:40:53.000000,2025-11-10 11:33:56
E3444,{112},A54,login,2025-10-07 07:10:47.000000,2025-10-09 01:24:47
E3445,{112},A54,export,2025-12-03 17:16:12.000000,2025-12-04 07:39:22
E3446,{112},A54,export,2025-09-23 13:47:25.000000,2025-09-24 23:22:49
E3447,{112},A54,login,2025-08-20 18:11:44.000000,2025-08-20 19:07:07
E3448,{112},A54,api_call,2026-01-12 08:01:37.000000,2026-01-13 10:23:06
E3449,{112},A54,api_call,2025-11-17 09:16:21.000000,2025-11-18 17:44:08
E3450,{112},A54,export,2025-11-21 19:46:39.000000,2025-11-23 17:14:44
E3451,{112},A54,export,2025-10-23 01:15:22.000000,2025-10-24 14:54:08
E3452,{112},A54,login,2025-11-15 16:59:23.000000,2025-11-15 22:37:52
E3453,{112},A54,export,2025-11-24 17:54:07.000000,2025-11-25 12:17:36
E3454,{112},A54,login,2025-11-28 17:28:36.000000,2025-11-28 19:31:05
E3455,{112},A54,feature_call,2025-10-16 18:59:17.000000,2025-10-17 22:59:45
E3456,{112},A54,api_call,2025-12-29 03:51:15.000000,2025-12-30 15:03:22
E3457,{112},A54,feature_call,2025-11-19 13:44:43.000000,2025-11-21 09:15:00
E3458,{112},A54,export,2025-11-02 23:57:19.000000,2025-11-03 16:55:19
E3459,{112},A54,login,2026-01-20 08:17:54.000000,2026-01-21 03:23:47
E3460,{112},A54,api_call,2026-01-14 02:33:04.000000,2026-01-15 06:25:35
E3461,{112},A54,login,2026-01-08 15:40:23.000000,2026-01-09 04:17:38
E3462,{112},A54,login,2025-08-14 23:44:44.000000,2025-08-16 20:55:20
E3463,{112},A54,login,2025-09-16 03:25:01.000000,2025-09-17 07:47:15
E3464,{112},A54,login,2026-01-08 15:32:27.000000,2026-01-10 09:58:45
E3465,{112},A54,api_call,2026-01-03 02:32:55.000000,2026-01-03 08:56:15
E3466,{112},A54,login,2025-11-20 07:13:57.000000,2025-11-21 05:18:30
E3467,{112},A54,api_call,2025-12-10 20:06:17.000000,2025-12-11 07:45:36
E3468,{112},A54,feature_call,2025-09-16 20:57:27.000000,2025-09-18 03:51:57
E3469,{112},A54,feature_call,2025-08-25 08:18:17.000000,2025-08-25 16:50:38
E3470,{112},A54,api_call,2025-12-25 17:45:00.000000,2025-12-27 08:05:20
E3471,{112},A54,export,2025-09-18 20:59:48.000000,2025-09-19 06:19:55
E3472,{112},A54,feature_call,2026-01-12 17:40:37.000000,2026-01-14 13:21:27
E3473,{112},A54,feature_call,2025-09-20 08:59:34.000000,2025-09-21 09:50:24
E3474,{113},A54,api_call,2025-11-27 21:44:40.000000,2025-11-27 22:35:13
E3475,{113},A54,feature_call,2025-10-03 01:53:18.000000,2025-10-03 07:01:37
E3476,{113},A54,login,2025-11-26 16:10:55.000000,2025-11-28 12:48:41
E3477,{113},A54,export,2025-11-13 14:33:47.000000,2025-11-15 03:02:36
E3478,{113},A54,api_call,2025-10-05 09:15:13.000000,2025-10-05 19:50:09
E3479,{113},A54,feature_call,2025-11-29 02:51:50.000000,2025-11-30 00:42:40
E3480,{113},A54,feature_call,2025-11-05 08:28:15.000000,2025-11-06 04:54:37
E3481,{113},A54,feature_call,2025-12-04 14:17:34.000000,2025-12-06 03:12:16
E3482,{113},A54,export,2025-09-28 11:45:40.000000,2025-09-28 14:14:09
E3483,{113},A54,login,2026-01-17 06:56:55.000000,2026-01-17 15:52:58
E3484,{113},A54,feature_call,2025-09-22 09:57:21.000000,2025-09-22 11:23:00
E3485,{113},A54,login,2025-08-02 12:02:20.000000,2025-08-04 01:14:12
E3486,{113},A54,api_call,2025-10-24 23:49:40.000000,2025-10-25 17:28:43
E3487,{113},A54,api_call,2025-11-18 08:56:25.000000,2025-11-19 03:52:09
E3488,{113},A54,login,2025-09-06 13:01:06.000000,2025-09-07 03:17:56
E3489,{113},A54,api_call,2025-10-15 11:15:28.000000,2025-10-17 05:14:08
E3490,{113},A54,export,2025-10-03 20:43:24.000000,2025-10-05 05:41:08
E3491,{113},A54,feature_call,2025-11-15 14:44:43.000000,2025-11-17 04:04:03
E3492,{113},A54,login,2025-11-05 09:04:42.000000,2025-11-06 16:44:19
E3493,{113},A54,api_call,2026-01-18 08:25:22.000000,2026-01-18 12:45:24
E3494,{113},A54,export,2025-08-12 19:11:05.000000,2025-08-12 20:35:48
E3495,{113},A54,export,2025-09-24 14:46:42.000000,2025-09-25 02:52:34
E3496,{113},A54,feature_call,2025-08-08 07:05:23.000000,2025-08-10 03:20:42
E3497,{113},A54,api_call,2025-08-29 02:33:57.000000,2025-08-30 18:44:04
E3498,{113},A54,login,2025-11-11 16:27:27.000000,2025-11-12 22:42:13
E3499,{113},A54,login,2025-08-09 03:08:05.000000,2025-08-10 07:24:29
E3500,{113},A54,login,2025-09-14 12:52:18.000000,2025-09-14 13:59:14
E3501,{113},A54,login,2026-01-04 22:14:36.000000,2026-01-05 17:46:57
E3502,{113},A54,login,2025-12-22 01:58:26.000000,2025-12-23 23:31:33
E3503,{113},A54,export,2025-08-24 13:40:20.000000,2025-08-25 18:05:46
E3504,{117},A56,login,2025-05-08 06:09:43.000000,2025-05-10 00:08:58
E3505,{117},A56,export,2025-03-11 18:35:16.000000,2025-03-12 19:43:15
E3506,{117},A56,export,2025-05-11 13:58:31.000000,2025-05-13 08:13:01
E3507,{117},A56,feature_call,2025-03-31 04:42:49.000000,2025-04-02 00:13:14
E3508,{117},A56,api_call,2025-02-27 03:43:43.000000,2025-02-27 14:21:28
E3509,{117},A56,login,2025-03-23 19:43:55.000000,2025-03-24 14:13:46
E3510,{117},A56,export,2025-03-04 00:00:50.000000,2025-03-05 17:50:07
E3511,{117},A56,api_call,2025-05-18 19:02:52.000000,2025-05-20 10:28:02
E3512,{117},A56,api_call,2025-03-04 07:00:46.000000,2025-03-05 10:21:57
E3513,{117},A56,export,2025-04-23 04:21:04.000000,2025-04-24 10:11:57
E3514,{117},A56,feature_call,2025-03-28 08:20:05.000000,2025-03-29 19:26:44
E3515,{117},A56,feature_call,2025-04-28 11:14:46.000000,2025-04-30 03:29:35
E3516,{117},A56,api_call,2025-05-20 18:10:22.000000,2025-05-21 17:02:55
E3517,{117},A56,login,2025-05-06 11:42:41.000000,2025-05-07 08:02:51
E3518,{117},A56,login,2025-05-21 03:56:20.000000,2025-05-21 07:22:28
E3519,{117},A56,login,2025-03-29 13:27:20.000000,2025-03-29 23:14:30
E3520,{117},A56,feature_call,2025-04-28 11:14:00.000000,2025-04-28 23:14:56
E3521,{117},A56,export,2025-03-07 04:46:43.000000,2025-03-08 16:43:38
E3522,{117},A56,feature_call,2025-03-13 12:07:37.000000,2025-03-13 21:54:16
E3523,{117},A56,api_call,2025-04-17 22:18:46.000000,2025-04-19 07:57:21
E3524,{117},A56,login,2025-03-08 06:38:49.000000,2025-03-09 05:15:04
E3525,{117},A56,feature_call,2025-03-30 19:14:50.000000,2025-03-31 01:21:20
E3526,{117},A56,api_call,2025-04-22 19:05:50.000000,2025-04-23 02:38:02
E3527,{117},A56,feature_call,2025-05-07 07:29:08.000000,2025-05-08 09:48:21
E3528,{117},A56,export,2025-03-13 01:44:44.000000,2025-03-13 12:30:20
E3529,{117},A56,api_call,2025-04-29 15:51:20.000000,2025-04-30 19:04:52
E3530,{117},A56,feature_call,2025-03-16 22:49:32.000000,2025-03-18 00:06:58
E3531,{117},A56,login,2025-05-12 12:20:09.000000,2025-05-12 12:23:57
E3532,{117},A56,login,2025-03-21 00:59:53.000000,2025-03-21 11:41:11
E3533,{117},A56,export,2025-04-14 14:44:31.000000,2025-04-16 01:03:50
E3534,{118},A56,feature_call,2025-04-30 10:20:06.000000,2025-04-30 15:05:43
E3535,{118},A56,api_call,2025-04-13 00:46:51.000000,2025-04-14 17:35:46
E3536,{118},A56,login,2025-03-25 14:04:37.000000,2025-03-27 13:05:10
E3537,{118},A56,login,2025-03-04 21:35:47.000000,2025-03-05 10:27:10
E3538,{118},A56,api_call,2025-03-16 07:38:37.000000,2025-03-17 21:21:23
E3539,{118},A56,export,2025-04-29 11:45:46.000000,2025-05-01 06:57:21
E3540,{118},A56,feature_call,2025-03-28 17:16:50.000000,2025-03-30 14:00:59
E3541,{118},A56,login,2025-04-14 06:41:31.000000,2025-04-16 04:16:23
E3542,{118},A56,export,2025-03-23 07:30:41.000000,2025-03-24 06:38:14
E3543,{118},A56,export,2025-03-11 09:11:47.000000,2025-03-13 02:28:35
E3544,{118},A56,feature_call,2025-03-04 20:37:45.000000,2025-03-04 21:29:15
E3545,{118},A56,export,2025-05-13 17:05:01.000000,2025-05-14 15:05:37
E3546,{118},A56,feature_call,2025-05-19 11:02:05.000000,2025-05-19 19:46:34
E3547,{118},A56,login,2025-03-23 13:17:56.000000,2025-03-24 02:45:27
E3548,{118},A56,feature_call,2025-05-17 14:38:12.000000,2025-05-19 14:12:51
E3549,{118},A56,api_call,2025-04-18 10:05:15.000000,2025-04-19 03:37:22
E3550,{118},A56,api_call,2025-03-28 19:25:34.000000,2025-03-29 18:01:28
E3551,{118},A56,login,2025-04-01 08:34:44.000000,2025-04-02 23:16:34
E3552,{118},A56,export,2025-04-29 11:36:46.000000,2025-04-29 15:33:35
E3553,{118},A56,api_call,2025-02-25 07:49:21.000000,2025-02-25 21:35:17
E3554,{118},A56,api_call,2025-03-02 15:07:49.000000,2025-03-03 01:46:46
E3555,{118},A56,login,2025-02-23 05:30:33.000000,2025-02-24 07:44:42
E3556,{118},A56,export,2025-05-01 06:07:21.000000,2025-05-02 19:30:16
E3557,{118},A56,feature_call,2025-03-25 05:36:10.000000,2025-03-26 10:23:36
E3558,{118},A56,login,2025-02-27 01:32:27.000000,2025-02-28 10:33:15
E3559,{118},A56,api_call,2025-03-30 00:56:42.000000,2025-03-30 07:39:34
E3560,{118},A56,login,2025-04-10 07:19:52.000000,2025-04-11 16:37:39
E3561,{119},A56,export,2025-05-09 01:42:36.000000,2025-05-09 04:59:28
E3562,{119},A56,feature_call,2025-03-09 15:08:02.000000,2025-03-10 00:11:56
E3563,{119},A56,export,2025-03-07 13:13:54.000000,2025-03-08 20:54:46
E3564,{119},A56,api_call,2025-04-08 17:41:37.000000,2025-04-09 06:36:22
E3565,{119},A56,login,2025-02-27 04:35:21.000000,2025-02-28 19:16:55
E3566,{119},A56,feature_call,2025-03-09 05:42:38.000000,2025-03-10 10:16:45
E3567,{119},A56,feature_call,2025-03-30 07:07:29.000000,2025-03-31 05:11:19
E3568,{119},A56,feature_call,2025-03-22 12:12:33.000000,2025-03-23 08:37:20
E3569,{119},A56,api_call,2025-03-28 19:32:46.000000,2025-03-29 18:52:24
E3570,{119},A56,login,2025-03-28 11:07:07.000000,2025-03-28 23:47:44
E3571,{119},A56,api_call,2025-04-16 22:57:24.000000,2025-04-17 07:03:33
E3572,{119},A56,feature_call,2025-03-02 23:26:53.000000,2025-03-03 08:20:23
E3573,{119},A56,login,2025-05-21 11:29:15.000000,2025-05-22 05:11:14
E3574,{119},A56,export,2025-03-28 20:41:42.000000,2025-03-30 07:27:10
E3575,{119},A56,export,2025-05-19 06:17:20.000000,2025-05-20 10:43:55
E3576,{119},A56,api_call,2025-05-07 03:45:27.000000,2025-05-08 00:30:22
E3577,{119},A56,feature_call,2025-04-21 09:55:36.000000,2025-04-22 05:19:57
E3578,{119},A56,api_call,2025-03-05 15:42:36.000000,2025-03-06 16:07:11
E3579,{119},A56,api_call,2025-03-11 03:20:01.000000,2025-03-12 16:04:51
E3580,{119},A56,login,2025-03-30 00:38:06.000000,2025-03-30 01:15:42
E3581,{119},A56,export,2025-04-06 20:09:13.000000,2025-04-07 03:27:17
E3582,{119},A56,feature_call,2025-04-13 08:36:09.000000,2025-04-15 08:34:10
E3583,{119},A56,feature_call,2025-02-24 17:51:49.000000,2025-02-25 04:19:38
E3584,{119},A56,export,2025-04-18 11:06:17.000000,2025-04-20 06:58:37
E3585,{119},A56,feature_call,2025-03-23 20:52:54.000000,2025-03-23 23:11:53
E3586,{119},A56,login,2025-04-06 11:58:26.000000,2025-04-07 06:12:59
E3587,{119},A56,api_call,2025-04-16 01:14:43.000000,2025-04-16 18:59:58
E3588,{119},A56,feature_call,2025-04-19 19:19:59.000000,2025-04-21 01:20:41
E3589,{119},A56,feature_call,2025-04-30 01:03:44.000000,2025-05-01 00:07:55
E3590,{119},A56,export,2025-05-08 12:39:27.000000,2025-05-09 11:03:37
E3591,{119},A56,export,2025-05-21 12:45:15.000000,2025-05-21 14:24:27
E3592,{119},A56,api_call,2025-05-01 05:10:11.000000,2025-05-03 00:34:26
E3593,{119},A56,login,2025-04-01 08:53:38.000000,2025-04-02 22:50:09
E3594,{119},A56,feature_call,2025-04-18 16:25:43.000000,2025-04-19 18:53:49
E3595,{119},A56,feature_call,2025-03-10 12:05:18.000000,2025-03-11 12:20:43
E3596,{121},A57,feature_call,2025-06-09 01:54:27.000000,2025-06-10 07:27:59
E3597,{121},A57,export,2025-08-21 03:42:07.000000,2025-08-22 23:05:00
E3598,{121},A57,login,2025-08-05 06:30:26.000000,2025-08-05 18:20:41
E3599,{121},A57,login,2025-08-12 06:40:13.000000,2025-08-13 17:42:07
E3600,{121},A57,export,2025-06-25 05:30:38.000000,2025-06-25 08:35:35
E3601,{121},A57,feature_call,2025-07-16 10:26:05.000000,2025-07-17 09:13:28
E3602,{121},A57,export,2025-08-18 02:00:09.000000,2025-08-19 14:27:20
E3603,{121},A57,login,2025-08-28 18:04:15.000000,2025-08-29 01:34:35
E3604,{121},A57,api_call,2025-07-17 10:58:03.000000,2025-07-18 07:30:33
E3605,{121},A57,feature_call,2025-06-09 12:19:26.000000,2025-06-11 09:01:07
E3606,{121},A57,api_call,2025-06-30 21:50:14.000000,2025-07-02 17:54:59
E3607,{121},A57,feature_call,2025-07-05 15:05:59.000000,2025-07-05 17:51:19
E3608,{121},A57,api_call,2025-08-19 04:30:45.000000,2025-08-19 23:50:19
E3609,{121},A57,api_call,2025-06-30 19:00:41.000000,2025-07-01 23:10:23
E3610,{121},A57,feature_call,2025-08-25 06:25:36.000000,2025-08-26 07:56:22
E3611,{121},A57,export,2025-08-31 18:42:41.000000,2025-09-02 00:31:25
E3612,{121},A57,feature_call,2025-07-19 02:08:25.000000,2025-07-21 01:54:58
E3613,{121},A57,export,2025-06-17 03:31:55.000000,2025-06-17 08:26:02
E3614,{121},A57,login,2025-07-24 09:58:57.000000,2025-07-26 02:47:15
E3615,{121},A57,feature_call,2025-07-21 14:16:50.000000,2025-07-22 01:41:23
E3616,{121},A57,feature_call,2025-06-15 10:40:58.000000,2025-06-16 00:25:17
E3617,{121},A57,api_call,2025-06-03 21:40:51.000000,2025-06-05 19:10:40
E3618,{121},A57,login,2025-07-14 16:11:19.000000,2025-07-14 18:02:13
E3619,{121},A57,login,2025-08-04 03:25:59.000000,2025-08-05 15:32:26
E3620,{121},A57,export,2025-06-09 23:50:44.000000,2025-06-11 14:29:06
E3621,{121},A57,api_call,2025-07-13 09:20:30.000000,2025-07-14 23:52:39
E3622,{121},A57,api_call,2025-06-26 16:04:22.000000,2025-06-27 14:06:26
E3623,{121},A57,api_call,2025-08-08 18:08:02.000000,2025-08-10 01:01:34
E3624,{122},A57,api_call,2025-06-18 19:31:10.000000,2025-06-20 04:47:15
E3625,{122},A57,export,2025-06-19 08:48:27.000000,2025-06-20 08:20:22
E3626,{122},A57,api_call,2025-07-25 11:16:15.000000,2025-07-26 07:24:08
E3627,{124},A58,feature_call,2025-08-26 09:12:07.000000,2025-08-26 16:08:35
E3628,{124},A58,login,2025-11-06 16:54:21.000000,2025-11-06 22:27:02
E3629,{124},A58,feature_call,2025-09-07 17:49:58.000000,2025-09-09 14:15:31
E3630,{124},A58,login,2025-12-28 20:59:12.000000,2025-12-30 20:15:57
E3631,{124},A58,login,2025-12-04 19:55:31.000000,2025-12-05 09:31:19
E3632,{124},A58,feature_call,2025-09-13 12:31:06.000000,2025-09-14 05:31:24
E3633,{124},A58,api_call,2025-09-23 15:56:04.000000,2025-09-24 22:00:57
E3634,{124},A58,api_call,2025-11-18 10:33:25.000000,2025-11-19 12:28:42
E3635,{124},A58,feature_call,2025-11-05 22:28:40.000000,2025-11-07 01:08:45
E3636,{124},A58,feature_call,2025-11-21 23:59:42.000000,2025-11-23 20:09:07
E3637,{124},A58,login,2025-11-23 12:50:57.000000,2025-11-23 13:54:21
E3638,{124},A58,login,2025-08-04 13:14:36.000000,2025-08-04 20:21:42
E3639,{124},A58,export,2025-12-03 02:07:01.000000,2025-12-03 16:44:32
E3640,{124},A58,feature_call,2025-08-13 23:09:15.000000,2025-08-15 12:11:56
E3641,{124},A58,export,2025-09-09 04:43:38.000000,2025-09-10 11:28:43
E3642,{124},A58,api_call,2025-09-06 17:41:58.000000,2025-09-07 07:35:37
E3643,{124},A58,login,2025-12-14 13:54:55.000000,2025-12-16 04:35:55
E3644,{124},A58,feature_call,2025-12-11 11:51:41.000000,2025-12-12 01:01:49
E3645,{124},A58,export,2025-08-12 18:28:22.000000,2025-08-13 04:32:14
E3646,{124},A58,feature_call,2025-12-07 21:30:13.000000,2025-12-08 17:26:32
E3647,{124},A58,export,2025-09-11 04:36:27.000000,2025-09-11 19:48:29
E3648,{124},A58,api_call,2025-09-24 07:04:40.000000,2025-09-25 14:01:55
E3649,{124},A58,export,2025-10-26 00:10:46.000000,2025-10-26 06:21:56
E3650,{124},A58,export,2025-08-01 13:18:24.000000,2025-08-01 23:15:58
E3651,{124},A58,export,2025-12-21 20:12:05.000000,2025-12-21 21:01:41
E3652,{124},A58,login,2025-09-01 15:53:23.000000,2025-09-03 15:27:06
E3653,{124},A58,export,2026-01-03 09:23:28.000000,2026-01-03 12:13:04
E3654,{124},A58,feature_call,2025-12-28 00:11:37.000000,2025-12-28 15:50:36
E3655,{124},A58,login,2025-11-28 01:27:16.000000,2025-11-28 17:55:03
E3656,{124},A58,feature_call,2025-12-17 09:46:33.000000,2025-12-17 16:18:06
E3657,{124},A58,export,2025-12-31 20:36:01.000000,2026-01-02 13:54:23
E3658,{124},A58,feature_call,2025-12-02 20:12:17.000000,2025-12-04 01:00:26
E3659,{125},A59,login,2025-09-21 15:17:00.000000,2025-09-22 09:19:59
E3660,{125},A59,export,2025-09-24 01:51:57.000000,2025-09-25 13:02:11
E3661,{125},A59,login,2025-10-28 08:05:43.000000,2025-10-29 21:17:59
E3662,{125},A59,export,2025-10-10 22:34:02.000000,2025-10-11 07:59:02
E3663,{125},A59,login,2025-11-09 14:44:58.000000,2025-11-11 00:12:42
E3664,{125},A59,api_call,2025-12-18 08:20:08.000000,2025-12-18 17:17:42
E3665,{126},A59,export,2025-09-01 12:04:54.000000,2025-09-01 14:40:49
E3666,{126},A59,export,2025-06-24 09:32:05.000000,2025-06-25 16:01:28
E3667,{126},A59,api_call,2025-07-05 08:05:44.000000,2025-07-05 11:11:33
E3668,{126},A59,login,2025-05-27 00:00:29.000000,2025-05-28 00:44:50
E3669,{126},A59,api_call,2025-05-04 18:43:54.000000,2025-05-05 20:37:10
E3670,{126},A59,export,2025-07-26 02:51:14.000000,2025-07-26 12:04:30
E3671,{126},A59,api_call,2025-06-03 18:58:39.000000,2025-06-03 20:49:17
E3672,{126},A59,api_call,2025-05-13 12:14:36.000000,2025-05-15 11:53:11
E3673,{126},A59,export,2025-09-14 15:14:38.000000,2025-09-16 02:17:19
E3674,{125},A59,api_call,2025-07-08 22:46:33.000000,2025-07-09 17:25:49
E3675,{125},A59,export,2025-11-16 11:10:40.000000,2025-11-17 23:27:26
E3676,{125},A59,login,2025-08-15 20:25:20.000000,2025-08-16 07:47:14
E3677,{125},A59,export,2025-09-09 23:55:58.000000,2025-09-11 16:02:18
E3678,{125},A59,login,2026-01-12 11:23:21.000000,2026-01-12 23:37:58
E3679,{125},A59,feature_call,2025-06-29 15:08:35.000000,2025-06-30 16:34:24
E3680,{125},A59,login,2025-08-24 08:13:27.000000,2025-08-25 16:05:34
E3681,{125},A59,export,2025-10-15 05:18:05.000000,2025-10-15 16:03:04
E3682,{125},A59,export,2025-10-17 18:01:50.000000,2025-10-19 12:13:23
E3683,{125},A59,feature_call,2025-12-05 00:28:20.000000,2025-12-06 08:29:01
E3684,{125},A59,api_call,2025-07-23 14:53:03.000000,2025-07-25 02:03:13
E3685,{125},A59,login,2025-11-17 14:15:49.000000,2025-11-17 14:26:04
E3686,{125},A59,api_call,2025-06-21 00:28:49.000000,2025-06-21 19:59:15
E3687,{125},A59,login,2026-01-13 06:48:52.000000,2026-01-15 05:58:25
E3688,{125},A59,login,2025-07-30 06:58:41.000000,2025-07-31 00:08:49
E3689,{125},A59,export,2025-11-06 06:46:17.000000,2025-11-06 13:26:41
E3690,{125},A59,api_call,2025-11-05 21:05:49.000000,2025-11-06 05:12:48
E3691,{125},A59,api_call,2025-11-27 18:45:22.000000,2025-11-28 09:25:35
E3692,{125},A59,login,2025-11-20 11:20:50.000000,2025-11-21 10:03:55
E3693,{125},A59,export,2025-09-20 00:00:59.000000,2025-09-21 13:46:49
E3694,{125},A59,login,2026-01-03 18:22:01.000000,2026-01-04 09:45:22
E3695,{125},A59,api_call,2025-10-05 18:43:46.000000,2025-10-05 19:54:01
E3696,{125},A59,export,2025-10-25 17:24:30.000000,2025-10-26 22:14:35
E3697,{125},A59,api_call,2025-08-16 09:11:07.000000,2025-08-16 23:51:16
E3698,{125},A59,export,2025-12-08 12:18:42.000000,2025-12-09 19:27:28
E3699,{125},A59,feature_call,2025-12-18 06:15:51.000000,2025-12-18 17:13:02
E3700,{125},A59,export,2025-12-31 20:56:11.000000,2026-01-02 05:18:11
E3701,{125},A59,feature_call,2025-06-07 20:54:35.000000,2025-06-08 10:43:01
E3702,{125},A59,login,2025-11-04 10:32:03.000000,2025-11-04 22:56:04
E3703,{125},A59,login,2026-01-12 07:34:39.000000,2026-01-13 00:44:26
E3704,{125},A59,api_call,2025-06-04 01:43:52.000000,2025-06-05 17:58:23
E3705,{125},A59,export,2025-07-09 05:46:31.000000,2025-07-10 18:06:53
E3706,{125},A59,feature_call,2025-12-02 20:49:04.000000,2025-12-03 08:08:47
E3707,{125},A59,login,2025-10-09 10:15:09.000000,2025-10-10 18:09:26
E3708,{125},A59,feature_call,2025-10-11 14:51:42.000000,2025-10-12 04:10:11
E3709,{126},A59,export,2025-10-19 15:31:21.000000,2025-10-21 11:37:12
E3710,{126},A59,export,2026-01-16 17:45:50.000000,2026-01-16 18:10:14
E3711,{126},A59,api_call,2025-06-26 04:30:58.000000,2025-06-27 03:18:20
E3712,{126},A59,login,2025-09-09 12:19:02.000000,2025-09-10 19:21:12
E3713,{126},A59,login,2025-08-07 00:31:10.000000,2025-08-07 20:10:06
E3714,{126},A59,feature_call,2025-09-01 01:27:29.000000,2025-09-01 18:24:39
E3715,{126},A59,feature_call,2025-12-08 23:34:51.000000,2025-12-10 18:15:03
E3716,{126},A59,feature_call,2025-08-21 22:22:34.000000,2025-08-22 16:04:12
E3717,{126},A59,api_call,2025-06-17 14:52:33.000000,2025-06-18 11:34:26
E3718,{126},A59,login,2025-07-18 13:33:16.000000,2025-07-20 02:40:49
E3719,{126},A59,api_call,2025-12-29 02:33:37.000000,2025-12-30 06:25:30
E3720,{126},A59,api_call,2025-10-19 18:48:00.000000,2025-10-21 15:39:04
E3721,{126},A59,login,2025-09-13 02:45:19.000000,2025-09-14 14:32:21
E3722,{126},A59,feature_call,2025-08-05 06:55:46.000000,2025-08-06 21:04:20
E3723,{126},A59,export,2025-08-18 08:16:04.000000,2025-08-20 04:36:41
E3724,{126},A59,feature_call,2026-01-20 19:14:28.000000,2026-01-21 02:27:21
E3725,{126},A59,api_call,2025-08-22 08:37:06.000000,2025-08-23 22:16:51
E3726,{126},A59,api_call,2025-09-10 07:34:52.000000,2025-09-10 12:59:13
E3727,{126},A59,export,2025-11-30 17:41:02.000000,2025-12-02 17:20:20
E3728,{126},A59,feature_call,2026-01-10 20:26:23.000000,2026-01-11 09:10:21
E3729,{126},A59,api_call,2025-12-09 12:29:04.000000,2025-12-10 13:49:37
E3730,{126},A59,api_call,2025-09-07 02:51:23.000000,2025-09-07 13:17:27
E3731,{126},A59,api_call,2025-11-05 21:40:11.000000,2025-11-06 04:59:58
E3732,{126},A59,api_call,2025-10-16 22:22:19.000000,2025-10-18 07:23:29
E3733,{126},A59,api_call,2025-12-17 17:27:56.000000,2025-12-19 12:35:53
E3734,{126},A59,login,2025-08-13 23:59:27.000000,2025-08-15 15:15:27
E3735,{126},A59,export,2025-09-24 01:24:50.000000,2025-09-24 20:43:51
E3736,{126},A59,export,2025-07-10 20:21:59.000000,2025-07-11 07:30:58
E3737,{126},A59,feature_call,2025-12-04 21:37:36.000000,2025-12-06 07:15:30
E3738,{126},A59,api_call,2025-06-03 03:06:55.000000,2025-06-04 13:30:34
E3739,{126},A59,login,2026-01-16 15:47:43.000000,2026-01-17 20:55:16
E3740,{126},A59,login,2025-09-05 04:52:37.000000,2025-09-07 01:15:37
E3741,{126},A59,feature_call,2026-01-20 15:07:26.000000,2026-01-21 05:26:30
E3742,{126},A59,api_call,2025-07-16 09:51:44.000000,2025-07-16 15:30:44
E3743,{126},A59,login,2026-01-10 08:31:18.000000,2026-01-11 01:59:14
E3744,{126},A59,export,2025-08-31 17:30:25.000000,2025-09-01 04:38:55
E3745,{126},A59,export,2025-12-28 10:04:09.000000,2025-12-30 09:41:49
E3746,{126},A59,api_call,2025-11-14 23:33:40.000000,2025-11-15 11:32:08
E3747,{126},A59,feature_call,2025-07-11 20:29:48.000000,2025-07-12 03:40:56
E3748,{126},A59,feature_call,2025-12-21 16:35:02.000000,2025-12-21 20:23:59
E3749,{126},A59,login,2025-08-13 19:25:01.000000,2025-08-14 10:13:36
E3750,{126},A59,api_call,2025-07-18 10:31:00.000000,2025-07-19 10:53:06
E3751,{126},A59,export,2025-07-25 03:47:18.000000,2025-07-26 10:57:33
E3752,{126},A59,login,2025-12-20 21:09:00.000000,2025-12-21 17:04:35
E3753,{126},A59,api_call,2025-11-27 22:04:27.000000,2025-11-28 13:26:51
E3754,{126},A59,export,2025-07-12 09:45:07.000000,2025-07-12 11:13:25
E3755,{126},A59,export,2025-06-29 03:45:45.000000,2025-06-30 09:44:07
E3756,{126},A59,login,2025-07-02 06:40:39.000000,2025-07-03 10:59:01
E3757,{126},A59,feature_call,2026-01-15 20:28:51.000000,2026-01-16 02:28:34
E3758,{126},A59,feature_call,2025-11-29 02:07:39.000000,2025-11-30 06:19:41
E3759,{126},A59,export,2026-01-18 22:19:16.000000,2026-01-19 06:20:10
E3760,{126},A59,feature_call,2025-11-11 23:21:08.000000,2025-11-13 14:44:03
E3761,{126},A59,export,2025-12-10 14:30:27.000000,2025-12-11 15:36:17
E3762,{126},A59,feature_call,2026-01-10 22:31:33.000000,2026-01-11 05:21:31
E3763,{126},A59,login,2025-11-08 21:14:42.000000,2025-11-09 20:22:21
E3764,{126},A59,api_call,2025-06-09 02:25:47.000000,2025-06-09 14:29:44
E3765,{126},A59,login,2025-11-10 13:30:50.000000,2025-11-10 17:16:17
E3766,{126},A59,export,2025-10-22 11:58:28.000000,2025-10-23 10:18:01
E3767,{126},A59,api_call,2025-09-23 16:21:36.000000,2025-09-24 21:06:38
E3768,{126},A59,api_call,2025-10-16 10:55:08.000000,2025-10-18 08:27:08
E3769,{126},A59,feature_call,2025-06-16 20:56:48.000000,2025-06-17 15:33:03
E3770,{126},A59,feature_call,2025-08-06 17:01:48.000000,2025-08-08 02:03:00
E3771,{126},A59,api_call,2025-11-03 02:57:47.000000,2025-11-04 18:25:31
E3772,{126},A59,login,2025-10-16 04:37:19.000000,2025-10-16 18:59:24
E3773,{126},A59,feature_call,2025-11-26 05:10:55.000000,2025-11-26 06:22:58
E3774,{126},A59,feature_call,2025-08-09 22:36:33.000000,2025-08-10 06:09:43
E3775,{126},A59,api_call,2025-12-12 18:38:35.000000,2025-12-12 19:27:47
E3776,{126},A59,feature_call,2025-11-10 18:27:03.000000,2025-11-12 06:03:03
E3777,{126},A59,feature_call,2025-06-27 20:07:54.000000,2025-06-28 20:11:51
E3778,{126},A59,export,2025-06-28 20:23:16.000000,2025-06-28 20:50:14
E3779,{126},A59,api_call,2025-08-14 13:22:09.000000,2025-08-15 15:04:51
E3780,{126},A59,login,2025-12-13 16:10:50.000000,2025-12-15 04:02:12
E3781,{126},A59,api_call,2025-12-03 01:21:15.000000,2025-12-04 07:28:55
E3782,{126},A59,api_call,2025-10-05 14:42:20.000000,2025-10-06 18:58:19
E3783,{127},A60,feature_call,2025-03-13 00:25:57.000000,2025-03-13 08:14:52
E3784,{128},A60,export,2026-01-03 14:37:08.000000,2026-01-05 03:57:13
E3785,{128},A60,api_call,2025-09-18 06:16:58.000000,2025-09-19 11:11:33
E3786,{128},A60,api_call,2025-09-26 08:07:42.000000,2025-09-26 08:46:36
E3787,{129},A60,export,2025-11-15 01:09:19.000000,2025-11-15 04:02:05
E3788,{129},A60,export,2025-06-18 22:32:36.000000,2025-06-19 12:09:45
E3789,{129},A60,feature_call,2025-11-04 22:13:10.000000,2025-11-06 10:47:22
E3790,{129},A60,export,2025-08-28 11:03:52.000000,2025-08-28 13:10:27
E3791,{129},A60,feature_call,2025-10-30 06:03:53.000000,2025-11-01 02:12:03
E3792,{129},A60,feature_call,2025-07-25 16:48:18.000000,2025-07-26 08:40:40
E3793,{129},A60,api_call,2025-09-14 16:00:14.000000,2025-09-15 12:01:29
E3794,{128},A60,login,2025-10-10 12:35:02.000000,2025-10-10 17:29:10
E3795,{128},A60,api_call,2025-10-11 12:04:57.000000,2025-10-13 06:25:58
E3796,{128},A60,login,2025-11-09 22:38:02.000000,2025-11-10 14:56:22
E3797,{128},A60,feature_call,2025-10-15 01:51:22.000000,2025-10-16 10:33:04
E3798,{128},A60,feature_call,2025-10-15 16:54:43.000000,2025-10-17 08:27:20
E3799,{128},A60,login,2025-10-27 03:24:15.000000,2025-10-28 09:02:36
E3800,{128},A60,api_call,2025-11-04 19:05:35.000000,2025-11-05 10:31:43
E3801,{128},A60,export,2025-10-21 17:19:58.000000,2025-10-23 01:56:33
E3802,{128},A60,feature_call,2025-10-07 06:45:33.000000,2025-10-07 13:38:42
E3803,{128},A60,export,2025-10-31 16:00:15.000000,2025-10-31 20:02:15
E3804,{128},A60,export,2025-12-10 10:59:32.000000,2025-12-10 12:09:16
E3805,{128},A60,api_call,2025-12-01 17:44:36.000000,2025-12-03 06:23:23
E3806,{128},A60,feature_call,2025-11-08 17:49:44.000000,2025-11-10 17:14:56
E3807,{128},A60,feature_call,2025-10-09 10:51:15.000000,2025-10-09 16:11:34
E3808,{128},A60,api_call,2025-11-16 17:00:06.000000,2025-11-17 15:28:05
E3809,{128},A60,login,2025-12-09 10:04:57.000000,2025-12-11 03:41:15
E3810,{128},A60,export,2025-12-04 15:40:59.000000,2025-12-05 05:29:08
E3811,{128},A60,export,2025-11-10 07:04:19.000000,2025-11-10 07:39:42
E3812,{128},A60,login,2025-09-24 17:07:45.000000,2025-09-24 19:14:12
E3813,{128},A60,api_call,2025-10-01 02:21:54.000000,2025-10-03 01:49:12
E3814,{128},A60,login,2025-12-04 17:51:15.000000,2025-12-06 12:48:24
E3815,{128},A60,api_call,2025-11-12 18:19:27.000000,2025-11-13 01:16:41
E3816,{128},A60,feature_call,2025-10-20 00:06:53.000000,2025-10-20 22:02:35
E3817,{128},A60,api_call,2025-11-24 01:55:00.000000,2025-11-24 15:21:51
E3818,{128},A60,login,2025-10-14 14:02:24.000000,2025-10-14 17:03:01
E3819,{128},A60,export,2025-10-17 22:04:33.000000,2025-10-18 09:09:29
E3820,{128},A60,api_call,2025-10-15 16:10:55.000000,2025-10-16 19:10:04
E3821,{128},A60,login,2025-11-22 22:03:58.000000,2025-11-23 19:46:04
E3822,{128},A60,login,2025-11-15 00:57:18.000000,2025-11-15 07:44:37
E3823,{128},A60,login,2025-12-02 02:44:36.000000,2025-12-02 10:50:40
E3824,{128},A60,login,2025-10-13 12:39:18.000000,2025-10-13 21:47:36
E3825,{128},A60,feature_call,2025-09-25 17:13:02.000000,2025-09-26 05:57:14
E3826,{128},A60,api_call,2025-10-14 11:22:51.000000,2025-10-15 22:12:03
E3827,{128},A60,api_call,2025-11-02 01:37:30.000000,2025-11-02 02:55:05
E3828,{128},A60,login,2025-12-05 22:08:13.000000,2025-12-07 10:41:32
E3829,{129},A60,feature_call,2025-10-14 19:06:24.000000,2025-10-15 14:54:32
E3830,{129},A60,login,2025-10-23 02:13:12.000000,2025-10-23 18:44:16
E3831,{129},A60,login,2025-11-24 17:25:13.000000,2025-11-26 04:01:11
E3832,{129},A60,login,2025-11-17 18:44:40.000000,2025-11-17 22:09:52
E3833,{129},A60,export,2025-10-18 12:43:22.000000,2025-10-19 03:22:26
E3834,{129},A60,feature_call,2025-10-25 21:56:37.000000,2025-10-26 19:00:39
E3835,{129},A60,export,2025-10-29 19:16:42.000000,2025-10-31 07:32:34
E3836,{129},A60,api_call,2025-10-28 18:37:03.000000,2025-10-29 00:24:53
E3837,{129},A60,export,2025-10-09 18:07:53.000000,2025-10-10 03:19:40
E3838,{129},A60,login,2025-11-04 06:44:02.000000,2025-11-06 04:06:31
E3839,{129},A60,login,2025-11-26 05:55:56.000000,2025-11-27 06:56:14
E3840,{129},A60,api_call,2025-10-04 01:45:28.000000,2025-10-04 09:15:28
E3841,{129},A60,export,2025-12-13 09:52:53.000000,2025-12-15 03:05:59
E3842,{129},A60,login,2025-10-06 00:57:57.000000,2025-10-07 02:14:31
E3843,{129},A60,feature_call,2025-11-13 18:06:52.000000,2025-11-15 06:35:19
E3844,{129},A60,login,2025-11-06 16:54:25.000000,2025-11-06 19:04:16
E3845,{129},A60,export,2025-09-19 10:08:50.000000,2025-09-20 17:26:34
E3846,{129},A60,feature_call,2025-10-06 11:35:06.000000,2025-10-07 00:14:56
E3847,{129},A60,feature_call,2025-11-07 15:47:52.000000,2025-11-07 19:25:09
E3848,{129},A60,login,2025-11-02 18:19:59.000000,2025-11-03 19:03:12
E3849,{129},A60,export,2025-11-17 15:48:58.000000,2025-11-18 13:57:09
E3850,{129},A60,api_call,2025-12-03 14:04:09.000000,2025-12-04 01:42:23
E3851,{129},A60,login,2025-10-13 05:08:48.000000,2025-10-15 04:41:16
E3852,{129},A60,api_call,2025-12-12 12:09:59.000000,2025-12-13 06:27:08
E3853,{129},A60,export,2025-12-03 20:41:08.000000,2025-12-03 21:03:40
E3854,{129},A60,login,2025-12-11 15:07:21.000000,2025-12-12 21:28:11
E3855,{129},A60,feature_call,2025-10-09 12:29:18.000000,2025-10-09 18:28:27
E3856,{130},A61,export,2025-05-19 03:38:03.000000,2025-05-20 17:40:36
E3857,{130},A61,feature_call,2025-10-23 20:30:49.000000,2025-10-24 21:53:33
E3858,{130},A61,export,2025-09-20 19:57:53.000000,2025-09-21 22:02:04
E3859,{130},A61,feature_call,2025-08-20 13:07:32.000000,2025-08-21 07:09:10
E3860,{130},A61,login,2025-09-02 18:29:55.000000,2025-09-03 00:36:49
E3861,{130},A61,api_call,2025-06-19 18:47:15.000000,2025-06-21 17:30:24
E3862,{130},A61,login,2025-10-10 18:42:13.000000,2025-10-12 10:05:22
E3863,{130},A61,feature_call,2025-06-12 03:08:53.000000,2025-06-13 16:19:56
E3864,{130},A61,export,2025-04-27 14:31:59.000000,2025-04-28 12:02:56
E3865,{130},A61,login,2025-11-07 19:06:24.000000,2025-11-09 17:33:46
E3866,{130},A61,login,2025-10-14 04:49:29.000000,2025-10-14 09:53:52
E3867,{130},A61,api_call,2025-09-18 21:13:40.000000,2025-09-20 20:02:49
E3868,{130},A61,feature_call,2025-10-24 10:00:53.000000,2025-10-24 21:10:38
E3869,{130},A61,export,2025-03-04 09:29:57.000000,2025-03-04 11:49:56
E3870,{130},A61,login,2025-03-17 13:17:25.000000,2025-03-17 18:14:25
E3871,{130},A61,login,2025-09-16 17:22:54.000000,2025-09-18 09:39:19
E3872,{130},A61,login,2025-10-07 11:00:15.000000,2025-10-07 20:52:49
E3873,{130},A61,export,2025-06-27 08:52:21.000000,2025-06-28 18:24:04
E3874,{130},A61,export,2025-06-12 21:02:46.000000,2025-06-13 22:00:57
E3875,{130},A61,feature_call,2025-04-21 11:53:17.000000,2025-04-21 19:39:40
E3876,{130},A61,api_call,2025-04-17 16:12:40.000000,2025-04-18 22:15:36
E3877,{130},A61,api_call,2025-06-11 18:27:25.000000,2025-06-12 06:08:05
E3878,{130},A61,login,2025-09-16 14:10:31.000000,2025-09-17 18:16:55
E3879,{130},A61,feature_call,2025-10-25 11:16:02.000000,2025-10-27 06:53:07
E3880,{130},A61,feature_call,2025-06-15 21:57:20.000000,2025-06-17 21:25:21
E3881,{131},A61,export,2025-03-22 15:13:06.000000,2025-03-23 20:18:52
E3882,{131},A61,export,2025-03-21 23:16:19.000000,2025-03-22 16:10:51
E3883,{131},A61,login,2025-11-08 18:01:26.000000,2025-11-09 12:16:46
E3884,{131},A61,api_call,2025-12-26 00:45:28.000000,2025-12-27 23:39:40
E3885,{131},A61,export,2025-03-10 05:16:35.000000,2025-03-11 13:28:23
E3886,{131},A61,api_call,2025-11-18 00:36:22.000000,2025-11-19 15:37:40
E3887,{131},A61,login,2025-08-05 14:03:05.000000,2025-08-06 02:45:09
E3888,{131},A61,api_call,2025-11-12 04:11:34.000000,2025-11-13 13:46:06
E3889,{131},A61,feature_call,2025-03-03 14:48:59.000000,2025-03-04 22:04:14
E3890,{131},A61,feature_call,2026-01-01 16:42:24.000000,2026-01-02 00:39:24
E3891,{131},A61,export,2025-08-24 06:27:45.000000,2025-08-25 23:34:15
E3892,{131},A61,login,2025-06-23 16:40:17.000000,2025-06-25 11:10:16
E3893,{131},A61,api_call,2025-04-24 03:17:56.000000,2025-04-25 17:16:56
E3894,{131},A61,login,2025-05-28 23:00:18.000000,2025-05-30 22:09:13
E3895,{131},A61,login,2025-11-01 08:56:48.000000,2025-11-02 11:16:12
E3896,{131},A61,feature_call,2025-04-03 08:06:57.000000,2025-04-04 00:21:43
E3897,{131},A61,export,2025-10-29 11:28:39.000000,2025-10-30 00:37:58
E3898,{131},A61,export,2025-10-07 18:34:35.000000,2025-10-08 17:06:12
E3899,{131},A61,login,2025-04-22 21:19:42.000000,2025-04-23 21:56:54
E3900,{131},A61,feature_call,2025-07-12 03:12:22.000000,2025-07-13 01:07:06
E3901,{131},A61,feature_call,2025-12-02 19:29:25.000000,2025-12-03 18:11:32
E3902,{131},A61,feature_call,2025-05-17 18:34:40.000000,2025-05-18 06:16:00
E3903,{131},A61,feature_call,2025-07-22 05:04:48.000000,2025-07-22 10:28:44
E3904,{131},A61,login,2025-08-22 04:34:44.000000,2025-08-23 17:44:25
E3905,{131},A61,api_call,2025-11-13 04:37:02.000000,2025-11-13 19:05:18
E3906,{131},A61,api_call,2025-09-26 21:36:27.000000,2025-09-27 05:01:27
E3907,{131},A61,export,2025-11-29 09:09:50.000000,2025-11-29 19:04:00
E3908,{131},A61,api_call,2025-05-28 08:20:33.000000,2025-05-29 17:09:41
E3909,{131},A61,export,2025-09-19 02:42:20.000000,2025-09-19 21:47:17
E3910,{131},A61,api_call,2025-04-03 11:22:24.000000,2025-04-03 14:36:35
E3911,{132},A61,export,2025-07-31 13:24:01.000000,2025-07-31 15:16:48
E3912,{132},A61,login,2026-01-17 09:39:25.000000,2026-01-18 15:55:44
E3913,{132},A61,export,2025-07-25 06:22:46.000000,2025-07-26 03:30:18
E3914,{132},A61,api_call,2025-10-13 01:26:00.000000,2025-10-13 19:26:53
E3915,{132},A61,login,2026-01-07 23:47:05.000000,2026-01-09 17:04:13
E3916,{132},A61,export,2025-05-27 03:44:14.000000,2025-05-27 05:33:39
E3917,{132},A61,export,2025-11-07 01:23:35.000000,2025-11-08 00:07:04
E3918,{132},A61,login,2025-11-19 03:37:35.000000,2025-11-20 02:45:36
E3919,{132},A61,feature_call,2025-09-29 15:05:40.000000,2025-09-30 00:27:32
E3920,{133},A62,api_call,2025-04-30 10:18:10.000000,2025-05-02 07:40:34
E3921,{133},A62,export,2025-05-01 00:31:18.000000,2025-05-02 22:01:21
E3922,{133},A62,export,2025-06-01 03:08:55.000000,2025-06-01 19:59:27
E3923,{133},A62,api_call,2025-04-01 10:25:35.000000,2025-04-02 15:01:07
E3924,{133},A62,api_call,2025-07-02 16:15:25.000000,2025-07-04 03:46:57
E3925,{133},A62,api_call,2025-08-28 10:07:25.000000,2025-08-29 22:38:44
E3926,{133},A62,export,2025-10-21 01:55:34.000000,2025-10-21 09:58:38
E3927,{133},A62,api_call,2025-11-14 05:02:01.000000,2025-11-15 01:06:04
E3928,{133},A62,login,2025-12-28 22:09:21.000000,2025-12-30 18:21:49
E3929,{133},A62,export,2025-11-19 14:50:40.000000,2025-11-21 01:36:13
E3930,{133},A62,api_call,2025-09-10 01:56:31.000000,2025-09-10 02:37:46
E3931,{133},A62,login,2025-12-16 02:39:29.000000,2025-12-16 21:42:01
E3932,{133},A62,export,2025-08-16 08:13:37.000000,2025-08-18 03:56:09
E3933,{133},A62,feature_call,2025-06-12 21:08:27.000000,2025-06-14 07:51:09
E3934,{133},A62,export,2025-07-31 08:23:44.000000,2025-08-01 06:33:22
E3935,{133},A62,login,2025-08-10 08:58:25.000000,2025-08-10 11:16:00
E3936,{133},A62,export,2025-10-04 14:37:58.000000,2025-10-06 07:14:46
E3937,{133},A62,api_call,2026-01-02 10:53:54.000000,2026-01-03 06:25:15
E3938,{133},A62,api_call,2025-10-06 12:54:19.000000,2025-10-07 21:43:47
E3939,{133},A62,api_call,2025-07-12 19:42:18.000000,2025-07-13 13:31:25
E3940,{133},A62,api_call,2025-10-31 20:41:52.000000,2025-11-02 20:27:01
E3941,{133},A62,export,2025-06-11 21:35:24.000000,2025-06-13 13:06:57
E3942,{133},A62,export,2025-10-08 14:15:30.000000,2025-10-09 03:31:54
E3943,{133},A62,login,2026-01-07 23:53:05.000000,2026-01-08 01:36:51
E3944,{133},A62,login,2025-08-27 00:54:16.000000,2025-08-27 23:06:28
E3945,{133},A62,api_call,2025-11-06 21:28:13.000000,2025-11-08 13:16:24
E3946,{133},A62,export,2025-08-09 05:05:39.000000,2025-08-09 14:27:02
E3947,{133},A62,api_call,2025-11-27 11:30:30.000000,2025-11-28 10:56:05
E3948,{133},A62,feature_call,2026-01-04 00:19:32.000000,2026-01-04 21:33:06
E3949,{133},A62,feature_call,2025-07-01 18:56:27.000000,2025-07-02 14:17:04
E3950,{133},A62,login,2025-10-03 21:09:29.000000,2025-10-05 11:52:00
E3951,{133},A62,login,2025-12-22 10:44:04.000000,2025-12-22 15:53:10
E3952,{133},A62,export,2025-09-22 04:11:07.000000,2025-09-23 02:36:59
E3953,{133},A62,api_call,2025-10-23 06:12:02.000000,2025-10-25 05:12:52
E3954,{133},A62,feature_call,2025-10-22 04:22:44.000000,2025-10-23 22:38:28
E3955,{133},A62,api_call,2025-10-01 19:12:13.000000,2025-10-03 14:51:04
E3956,{133},A62,login,2025-12-26 22:44:07.000000,2025-12-27 18:54:18
E3957,{133},A62,export,2025-10-03 06:47:47.000000,2025-10-04 00:16:44
E3958,{133},A62,api_call,2025-09-15 04:18:42.000000,2025-09-15 06:38:36
E3959,{133},A62,export,2025-12-25 12:59:39.000000,2025-12-26 18:48:30
E3960,{133},A62,api_call,2025-09-15 01:19:54.000000,2025-09-16 18:43:48
E3961,{133},A62,feature_call,2025-12-31 21:07:07.000000,2026-01-01 14:40:02
E3962,{133},A62,feature_call,2025-10-01 06:32:34.000000,2025-10-02 03:38:27
E3963,{133},A62,export,2025-09-25 10:36:32.000000,2025-09-25 23:29:02
E3964,{133},A62,export,2025-12-21 21:06:14.000000,2025-12-22 22:53:00
E3965,{133},A62,feature_call,2025-09-18 22:52:57.000000,2025-09-19 15:54:06
E3966,{133},A62,api_call,2025-10-30 14:08:26.000000,2025-11-01 00:54:44
E3967,{133},A62,feature_call,2025-09-20 18:42:06.000000,2025-09-22 11:16:39
E3968,{133},A62,api_call,2025-10-27 23:15:58.000000,2025-10-29 20:07:38
E3969,{133},A62,login,2025-09-30 02:31:33.000000,2025-09-30 03:23:33
E3970,{133},A62,feature_call,2025-11-25 16:10:53.000000,2025-11-26 18:09:20
E3971,{133},A62,feature_call,2025-10-25 23:22:49.000000,2025-10-26 22:15:53
E3972,{133},A62,export,2025-11-21 11:47:55.000000,2025-11-22 15:02:40
E3973,{133},A62,feature_call,2025-09-14 11:22:44.000000,2025-09-14 17:00:38
E3974,{133},A62,export,2025-11-25 02:07:55.000000,2025-11-26 23:51:00
E3975,{133},A62,feature_call,2025-11-25 18:33:01.000000,2025-11-26 03:16:12
E3976,{133},A62,export,2025-11-29 02:07:23.000000,2025-11-30 17:10:50
E3977,{133},A62,feature_call,2025-12-28 22:54:48.000000,2025-12-29 22:27:47
E3978,{133},A62,export,2025-10-23 22:05:14.000000,2025-10-23 23:37:30
E3979,{133},A62,api_call,2025-09-18 16:41:18.000000,2025-09-20 13:49:55
E3980,{133},A62,feature_call,2025-10-11 19:36:21.000000,2025-10-12 11:22:16
E3981,{133},A62,feature_call,2025-12-02 01:05:56.000000,2025-12-02 01:27:37
E3982,{133},A62,feature_call,2025-12-31 16:36:43.000000,2025-12-31 17:45:00
E3983,{133},A62,login,2025-12-07 17:49:38.000000,2025-12-09 07:41:08
E3984,{133},A62,login,2025-12-06 06:38:58.000000,2025-12-07 12:24:11
E3985,{133},A62,export,2025-09-22 05:48:59.000000,2025-09-23 02:57:22
E3986,{133},A62,feature_call,2025-12-18 01:19:42.000000,2025-12-18 03:07:16
E3987,{133},A62,feature_call,2025-09-29 16:47:08.000000,2025-10-01 03:42:35
E3988,{133},A62,export,2025-10-04 09:55:28.000000,2025-10-04 20:44:03
E3989,{133},A62,login,2025-11-13 18:45:28.000000,2025-11-15 07:25:50
E3990,{133},A62,login,2025-12-19 16:12:58.000000,2025-12-21 03:27:28
E3991,{133},A62,login,2025-11-06 00:41:37.000000,2025-11-06 05:00:53
E3992,{133},A62,login,2025-11-07 21:46:44.000000,2025-11-08 09:41:00
E3993,{133},A62,feature_call,2025-10-22 08:37:26.000000,2025-10-23 21:35:53
E3994,{133},A62,login,2025-12-22 02:22:29.000000,2025-12-22 20:08:38
E3995,{133},A62,export,2026-01-09 07:35:11.000000,2026-01-10 23:16:09
E3996,{133},A62,feature_call,2025-10-05 03:48:59.000000,2025-10-06 14:22:25
E3997,{133},A62,login,2025-10-10 16:57:04.000000,2025-10-12 02:07:21
E3998,{133},A62,export,2026-01-13 21:37:55.000000,2026-01-14 18:43:41
E3999,{133},A62,login,2025-12-17 13:11:35.000000,2025-12-18 14:54:13
E4000,{133},A62,export,2025-12-27 10:45:50.000000,2025-12-27 11:47:00
E4001,{133},A62,export,2025-12-06 18:15:15.000000,2025-12-07 16:05:13
E4002,{133},A62,export,2025-09-17 01:10:03.000000,2025-09-17 15:57:44
E4003,{133},A62,api_call,2025-11-14 17:34:33.000000,2025-11-16 04:44:07
E4004,{133},A62,feature_call,2025-10-24 21:05:53.000000,2025-10-25 02:14:31
E4005,{133},A62,feature_call,2025-11-17 10:37:36.000000,2025-11-18 22:36:27
E4006,{133},A62,login,2025-09-15 18:26:30.000000,2025-09-17 04:03:53
E4007,{133},A62,export,2025-12-20 00:51:38.000000,2025-12-20 07:36:50
E4008,{133},A62,login,2025-11-22 22:28:28.000000,2025-11-24 11:20:35
E4009,{133},A62,feature_call,2025-09-14 10:10:22.000000,2025-09-16 04:01:50
E4010,{133},A62,export,2025-11-09 17:07:52.000000,2025-11-10 00:39:00
E4011,{133},A62,api_call,2025-10-28 16:12:03.000000,2025-10-29 03:58:05
E4012,{133},A62,login,2025-10-06 00:21:10.000000,2025-10-06 08:40:43
E4013,{133},A62,login,2026-01-14 03:10:51.000000,2026-01-14 21:06:36
E4014,{133},A62,feature_call,2025-10-15 09:31:56.000000,2025-10-15 11:29:08
E4015,{133},A62,login,2025-11-12 07:10:19.000000,2025-11-12 08:28:26
E4016,{133},A62,api_call,2026-01-09 04:26:37.000000,2026-01-10 19:48:01
E4017,{133},A62,export,2025-12-26 15:29:26.000000,2025-12-27 16:53:21
E4018,{133},A62,feature_call,2025-12-29 00:12:18.000000,2025-12-30 18:25:29
E4019,{133},A62,export,2025-11-23 08:45:05.000000,2025-11-23 14:27:22
E4020,{133},A62,export,2025-12-12 01:30:36.000000,2025-12-12 04:04:18
E4021,{133},A62,export,2025-09-26 07:59:06.000000,2025-09-27 02:47:56
E4022,{135},A63,feature_call,2025-03-05 17:58:02.000000,2025-03-07 08:36:28
E4023,{135},A63,export,2025-03-10 03:46:01.000000,2025-03-11 03:23:31
E4024,{135},A63,api_call,2025-02-20 03:53:32.000000,2025-02-21 22:22:56
E4025,{135},A63,api_call,2025-03-09 02:13:41.000000,2025-03-10 02:31:22
E4026,{135},A63,api_call,2025-03-08 23:01:45.000000,2025-03-09 01:15:44
E4027,{135},A63,feature_call,2025-02-14 19:39:35.000000,2025-02-14 21:26:20
E4028,{137},A63,feature_call,2025-03-04 10:52:04.000000,2025-03-04 16:05:34
E4029,{137},A63,feature_call,2025-02-24 13:08:18.000000,2025-02-26 08:51:58
E4030,{137},A63,export,2025-02-27 01:27:26.000000,2025-02-27 18:54:54
E4031,{137},A63,api_call,2025-02-28 01:27:02.000000,2025-02-28 16:31:52
E4032,{137},A63,api_call,2025-03-13 04:06:14.000000,2025-03-14 20:05:35
E4033,{137},A63,export,2025-03-11 22:56:09.000000,2025-03-12 18:56:43
E4034,{135},A63,api_call,2025-04-14 20:04:42.000000,2025-04-15 01:14:13
E4035,{135},A63,feature_call,2026-01-08 17:42:17.000000,2026-01-08 18:00:55
E4036,{135},A63,login,2025-09-11 01:05:19.000000,2025-09-11 10:54:24
E4037,{135},A63,feature_call,2025-03-28 13:31:32.000000,2025-03-30 04:27:22
E4038,{135},A63,export,2025-12-21 00:11:48.000000,2025-12-22 01:54:31
E4039,{135},A63,export,2025-03-20 14:51:36.000000,2025-03-22 02:55:49
E4040,{135},A63,api_call,2025-09-29 07:53:50.000000,2025-09-29 22:49:26
E4041,{135},A63,export,2025-10-01 03:22:26.000000,2025-10-02 13:00:23
E4042,{135},A63,export,2025-04-30 22:29:16.000000,2025-05-02 09:07:34
E4043,{135},A63,feature_call,2025-11-12 19:37:15.000000,2025-11-13 05:38:31
E4044,{135},A63,feature_call,2025-07-29 16:45:03.000000,2025-07-31 14:24:23
E4045,{135},A63,export,2025-09-27 01:02:31.000000,2025-09-27 21:39:26
E4046,{135},A63,export,2025-09-27 13:01:06.000000,2025-09-29 01:50:43
E4047,{135},A63,feature_call,2025-07-31 23:15:50.000000,2025-08-02 01:36:26
E4048,{135},A63,api_call,2025-10-14 16:34:28.000000,2025-10-16 14:45:50
E4049,{135},A63,api_call,2025-09-16 18:41:46.000000,2025-09-17 02:17:57
E4050,{135},A63,api_call,2025-04-11 07:17:50.000000,2025-04-11 21:56:30
E4051,{135},A63,export,2025-11-30 11:19:29.000000,2025-11-30 21:31:13
E4052,{135},A63,export,2025-08-15 13:08:05.000000,2025-08-17 05:02:35
E4053,{135},A63,login,2026-01-01 00:54:25.000000,2026-01-02 17:27:47
E4054,{135},A63,api_call,2025-11-10 16:53:09.000000,2025-11-12 16:19:02
E4055,{135},A63,login,2025-06-05 06:19:08.000000,2025-06-06 11:51:17
E4056,{135},A63,api_call,2025-12-24 11:12:09.000000,2025-12-26 10:57:30
E4057,{135},A63,export,2025-06-23 07:12:36.000000,2025-06-23 10:34:49
E4058,{135},A63,feature_call,2025-12-26 04:27:08.000000,2025-12-28 02:34:59
E4059,{135},A63,login,2025-07-13 19:34:04.000000,2025-07-15 10:59:45
E4060,{135},A63,feature_call,2025-08-24 00:52:55.000000,2025-08-25 11:08:56
E4061,{135},A63,feature_call,2025-05-03 17:20:25.000000,2025-05-05 01:41:22
E4062,{135},A63,api_call,2025-09-21 19:00:40.000000,2025-09-22 16:27:14
E4063,{136},A63,feature_call,2025-09-23 18:02:13.000000,2025-09-24 09:20:45
E4064,{136},A63,api_call,2025-05-27 10:06:49.000000,2025-05-28 21:32:10
E4065,{136},A63,export,2025-07-14 16:59:05.000000,2025-07-15 18:26:13
E4066,{136},A63,api_call,2025-03-21 08:54:01.000000,2025-03-22 05:23:32
E4067,{136},A63,api_call,2025-04-20 15:14:54.000000,2025-04-20 17:09:20
E4068,{136},A63,feature_call,2025-04-01 04:47:09.000000,2025-04-02 01:52:53
E4069,{136},A63,feature_call,2025-04-24 15:59:27.000000,2025-04-25 06:56:30
E4070,{137},A63,api_call,2025-07-07 18:33:09.000000,2025-07-09 13:17:59
E4071,{137},A63,feature_call,2025-06-18 16:54:34.000000,2025-06-19 14:41:07
E4072,{137},A63,export,2025-05-14 17:59:51.000000,2025-05-15 22:40:02
E4073,{137},A63,api_call,2025-05-25 03:11:33.000000,2025-05-26 03:43:33
E4074,{137},A63,feature_call,2025-08-24 21:26:26.000000,2025-08-26 05:52:36
E4075,{137},A63,export,2025-04-01 03:40:51.000000,2025-04-02 13:23:23
E4076,{137},A63,export,2025-08-13 14:40:19.000000,2025-08-14 23:18:13
E4077,{137},A63,api_call,2025-05-22 03:04:40.000000,2025-05-22 05:29:25
E4078,{137},A63,api_call,2025-10-28 22:51:49.000000,2025-10-30 18:56:06
E4079,{137},A63,export,2025-07-15 13:41:23.000000,2025-07-16 12:41:30
E4080,{137},A63,export,2025-12-27 14:07:51.000000,2025-12-28 02:59:30
E4081,{137},A63,login,2025-12-27 13:52:05.000000,2025-12-27 22:52:54
E4082,{137},A63,feature_call,2025-07-11 06:24:26.000000,2025-07-12 16:12:02
E4083,{137},A63,feature_call,2025-05-02 11:17:02.000000,2025-05-03 14:29:27
E4084,{137},A63,login,2025-09-04 00:40:36.000000,2025-09-05 02:15:23
E4085,{137},A63,export,2025-08-25 05:35:55.000000,2025-08-26 23:34:00
E4086,{137},A63,api_call,2025-12-02 09:01:45.000000,2025-12-02 14:02:44
E4087,{137},A63,feature_call,2025-09-09 06:55:17.000000,2025-09-10 15:58:01
E4088,{137},A63,login,2025-03-22 03:55:37.000000,2025-03-24 02:31:40
E4089,{137},A63,feature_call,2025-04-01 12:51:25.000000,2025-04-03 07:45:40
E4090,{137},A63,login,2025-12-09 22:28:22.000000,2025-12-11 12:27:33
E4091,{137},A63,api_call,2025-07-02 03:59:22.000000,2025-07-03 09:15:04
E4092,{137},A63,api_call,2025-04-29 05:51:27.000000,2025-04-30 15:25:09
E4093,{135},A63,export,2025-07-14 05:04:11.000000,2025-07-14 12:42:45
E4094,{135},A63,feature_call,2025-06-06 01:26:35.000000,2025-06-07 02:10:41
E4095,{135},A63,api_call,2025-05-25 07:03:09.000000,2025-05-26 03:04:33
E4096,{135},A63,export,2025-07-14 18:07:30.000000,2025-07-15 00:29:39
E4097,{135},A63,export,2025-07-11 01:04:44.000000,2025-07-11 07:18:27
E4098,{135},A63,feature_call,2025-06-07 17:05:17.000000,2025-06-09 02:31:20
E4099,{135},A63,api_call,2025-06-19 22:50:57.000000,2025-06-21 04:44:49
E4100,{135},A63,export,2025-06-04 05:54:04.000000,2025-06-05 12:16:25
E4101,{135},A63,feature_call,2025-05-30 04:41:52.000000,2025-05-31 09:26:03
E4102,{135},A63,feature_call,2025-07-08 11:04:03.000000,2025-07-08 20:04:34
E4103,{135},A63,login,2025-06-19 18:03:38.000000,2025-06-19 18:08:19
E4104,{135},A63,export,2025-07-17 18:55:03.000000,2025-07-18 18:22:22
E4105,{135},A63,export,2025-07-17 06:56:52.000000,2025-07-19 05:40:26
E4106,{135},A63,feature_call,2025-05-27 01:50:39.000000,2025-05-28 13:07:24
E4107,{135},A63,login,2025-06-02 22:47:41.000000,2025-06-04 18:23:38
E4108,{135},A63,export,2025-07-06 05:13:15.000000,2025-07-07 00:38:44
E4109,{135},A63,export,2025-07-06 18:33:18.000000,2025-07-07 21:33:08
E4110,{135},A63,feature_call,2025-07-06 07:53:49.000000,2025-07-07 01:39:42
E4111,{135},A63,export,2025-05-20 01:37:09.000000,2025-05-21 15:04:57
E4112,{135},A63,login,2025-05-28 09:29:26.000000,2025-05-29 05:07:35
E4113,{135},A63,login,2025-05-31 10:11:31.000000,2025-05-31 18:46:41
E4114,{135},A63,feature_call,2025-06-11 06:25:58.000000,2025-06-12 17:33:53
E4115,{135},A63,export,2025-07-07 03:37:07.000000,2025-07-08 20:12:40
E4116,{135},A63,login,2025-07-16 21:10:44.000000,2025-07-18 12:17:18
E4117,{135},A63,feature_call,2025-05-31 04:20:33.000000,2025-06-01 15:05:09
E4118,{135},A63,api_call,2025-07-14 09:44:02.000000,2025-07-14 15:10:07
E4119,{135},A63,api_call,2025-05-25 19:02:01.000000,2025-05-27 06:43:01
E4120,{135},A63,api_call,2025-06-20 12:05:42.000000,2025-06-20 15:23:17
E4121,{135},A63,export,2025-06-20 02:15:45.000000,2025-06-21 00:54:59
E4122,{135},A63,export,2025-06-27 17:31:28.000000,2025-06-28 22:23:42
E4123,{135},A63,export,2025-06-08 12:26:56.000000,2025-06-10 08:09:23
E4124,{135},A63,export,2025-07-02 06:07:43.000000,2025-07-03 03:58:23
E4125,{135},A63,api_call,2025-06-23 06:40:29.000000,2025-06-23 11:36:27
E4126,{135},A63,feature_call,2025-07-17 00:42:22.000000,2025-07-18 03:32:47
E4127,{135},A63,export,2025-05-25 00:48:02.000000,2025-05-25 02:02:38
E4128,{135},A63,api_call,2025-06-09 00:37:17.000000,2025-06-10 08:39:38
E4129,{135},A63,api_call,2025-07-15 22:45:52.000000,2025-07-17 12:48:56
E4130,{135},A63,export,2025-06-02 21:12:18.000000,2025-06-04 17:05:00
E4131,{135},A63,api_call,2025-06-16 02:01:41.000000,2025-06-17 15:32:44
E4132,{135},A63,api_call,2025-06-14 06:36:23.000000,2025-06-15 06:39:21
E4133,{135},A63,api_call,2025-07-02 09:27:12.000000,2025-07-02 18:34:18
E4134,{135},A63,api_call,2025-06-21 09:53:06.000000,2025-06-22 15:16:47
E4135,{135},A63,export,2025-06-22 10:07:32.000000,2025-06-23 11:05:52
E4136,{135},A63,login,2025-05-20 01:52:37.000000,2025-05-21 03:16:39
E4137,{135},A63,feature_call,2025-06-09 21:38:43.000000,2025-06-10 07:41:59
E4138,{135},A63,api_call,2025-06-09 10:37:52.000000,2025-06-11 08:42:15
E4139,{135},A63,api_call,2025-06-05 09:26:28.000000,2025-06-06 07:37:14
E4140,{135},A63,api_call,2025-05-22 21:00:11.000000,2025-05-24 08:31:51
E4141,{135},A63,feature_call,2025-06-22 19:04:05.000000,2025-06-24 14:29:15
E4142,{136},A63,feature_call,2025-07-07 22:46:16.000000,2025-07-08 22:45:01
E4143,{136},A63,feature_call,2025-06-06 08:41:21.000000,2025-06-06 09:22:06
E4144,{136},A63,api_call,2025-05-27 04:57:52.000000,2025-05-29 03:03:11
E4145,{136},A63,api_call,2025-06-22 14:05:46.000000,2025-06-23 07:11:29
E4146,{136},A63,feature_call,2025-05-19 05:50:15.000000,2025-05-20 04:30:03
E4147,{136},A63,feature_call,2025-07-04 19:33:14.000000,2025-07-05 01:34:56
E4148,{136},A63,api_call,2025-07-12 20:10:12.000000,2025-07-12 23:08:16
E4149,{136},A63,login,2025-07-02 18:46:08.000000,2025-07-04 04:32:19
E4150,{136},A63,feature_call,2025-06-01 16:43:27.000000,2025-06-03 05:20:04
E4151,{136},A63,login,2025-07-04 14:00:05.000000,2025-07-05 01:08:29
E4152,{136},A63,export,2025-07-05 14:47:12.000000,2025-07-05 22:16:35
E4153,{136},A63,feature_call,2025-07-06 23:05:01.000000,2025-07-08 18:31:24
E4154,{136},A63,feature_call,2025-06-17 02:23:11.000000,2025-06-18 12:58:51
E4155,{136},A63,feature_call,2025-07-02 02:10:08.000000,2025-07-02 02:32:55
E4156,{136},A63,export,2025-06-23 04:27:24.000000,2025-06-25 01:21:33
E4157,{136},A63,login,2025-05-20 20:10:56.000000,2025-05-20 23:14:42
E4158,{136},A63,login,2025-05-25 21:12:11.000000,2025-05-27 12:11:18
E4159,{136},A63,login,2025-05-31 12:18:02.000000,2025-06-02 09:17:00
E4160,{136},A63,login,2025-06-05 19:43:21.000000,2025-06-07 06:59:41
E4161,{136},A63,feature_call,2025-07-10 05:45:21.000000,2025-07-11 15:37:42
E4162,{136},A63,login,2025-06-28 18:45:55.000000,2025-06-29 18:01:41
E4163,{136},A63,feature_call,2025-07-05 22:31:33.000000,2025-07-07 14:32:53
E4164,{136},A63,export,2025-05-25 21:26:59.000000,2025-05-26 05:36:52
E4165,{136},A63,feature_call,2025-07-10 20:12:30.000000,2025-07-10 23:57:28
E4166,{136},A63,api_call,2025-06-20 04:33:19.000000,2025-06-20 14:54:21
E4167,{136},A63,api_call,2025-07-14 10:33:32.000000,2025-07-16 02:23:15
E4168,{136},A63,login,2025-07-15 10:45:55.000000,2025-07-15 20:04:40
E4169,{136},A63,export,2025-05-27 20:14:29.000000,2025-05-29 02:38:37
E4170,{136},A63,export,2025-07-01 20:35:28.000000,2025-07-02 22:05:16
E4171,{136},A63,login,2025-06-26 14:51:54.000000,2025-06-28 04:23:03
E4172,{136},A63,api_call,2025-06-15 02:56:15.000000,2025-06-15 05:12:45
E4173,{136},A63,export,2025-05-29 23:36:54.000000,2025-05-31 23:21:59
E4174,{136},A63,export,2025-06-05 15:30:24.000000,2025-06-07 02:04:40
E4175,{136},A63,login,2025-06-18 20:32:17.000000,2025-06-19 12:10:30
E4176,{136},A63,login,2025-06-24 08:45:09.000000,2025-06-24 15:09:41
E4177,{136},A63,api_call,2025-05-22 15:20:41.000000,2025-05-23 20:02:51
E4178,{136},A63,export,2025-06-15 06:42:19.000000,2025-06-16 02:18:17
E4179,{136},A63,login,2025-05-31 16:46:29.000000,2025-06-01 05:56:41
E4180,{136},A63,export,2025-07-17 00:36:19.000000,2025-07-18 05:39:50
E4181,{136},A63,export,2025-06-13 00:59:25.000000,2025-06-14 11:11:30
E4182,{136},A63,feature_call,2025-06-12 10:49:53.000000,2025-06-12 17:29:30
E4183,{136},A63,api_call,2025-05-25 12:24:35.000000,2025-05-26 20:25:37
E4184,{136},A63,feature_call,2025-06-15 00:27:24.000000,2025-06-15 12:16:33
E4185,{136},A63,feature_call,2025-07-09 13:42:32.000000,2025-07-11 06:49:03
E4186,{136},A63,login,2025-06-08 12:20:00.000000,2025-06-10 04:06:08
E4187,{136},A63,login,2025-06-27 05:36:52.000000,2025-06-28 12:53:44
E4188,{136},A63,api_call,2025-06-03 00:28:19.000000,2025-06-04 12:10:36
E4189,{136},A63,login,2025-06-24 08:28:32.000000,2025-06-25 05:44:04
E4190,{136},A63,feature_call,2025-06-08 23:06:38.000000,2025-06-10 05:24:56
E4191,{136},A63,api_call,2025-07-02 17:48:25.000000,2025-07-03 14:13:40
E4192,{136},A63,feature_call,2025-06-14 22:35:36.000000,2025-06-16 18:11:38
E4193,{136},A63,api_call,2025-06-20 07:10:00.000000,2025-06-20 19:32:58
E4194,{136},A63,export,2025-07-03 12:21:36.000000,2025-07-04 00:31:10
E4195,{136},A63,api_call,2025-06-03 08:08:40.000000,2025-06-04 01:12:11
E4196,{136},A63,api_call,2025-06-06 04:16:12.000000,2025-06-06 23:39:40
E4197,{136},A63,feature_call,2025-06-22 03:13:36.000000,2025-06-23 02:30:51
E4198,{136},A63,export,2025-05-29 07:10:55.000000,2025-05-29 08:47:14
E4199,{136},A63,feature_call,2025-06-22 07:41:54.000000,2025-06-23 14:29:14
E4200,{137},A63,api_call,2025-05-30 18:18:21.000000,2025-06-01 01:08:04
E4201,{137},A63,login,2025-07-06 04:24:43.000000,2025-07-06 12:06:37
E4202,{137},A63,api_call,2025-05-26 03:33:20.000000,2025-05-27 02:12:42
E4203,{137},A63,feature_call,2025-06-29 15:18:12.000000,2025-06-30 13:52:30
E4204,{137},A63,feature_call,2025-05-28 05:40:33.000000,2025-05-28 18:01:36
E4205,{137},A63,login,2025-07-10 00:37:56.000000,2025-07-10 14:56:25
E4206,{137},A63,feature_call,2025-07-17 18:00:27.000000,2025-07-17 23:51:38
E4207,{137},A63,api_call,2025-07-15 16:08:40.000000,2025-07-16 22:27:29
E4208,{137},A63,export,2025-06-01 07:27:47.000000,2025-06-02 01:15:26
E4209,{137},A63,export,2025-05-24 14:34:18.000000,2025-05-25 12:19:28
E4210,{137},A63,login,2025-07-01 08:31:00.000000,2025-07-02 14:02:01
E4211,{137},A63,api_call,2025-05-24 22:44:53.000000,2025-05-25 22:47:29
E4212,{137},A63,api_call,2025-06-23 15:54:58.000000,2025-06-25 06:40:47
E4213,{137},A63,api_call,2025-06-17 04:51:50.000000,2025-06-17 17:59:12
E4214,{137},A63,api_call,2025-05-27 04:05:17.000000,2025-05-27 09:58:23
E4215,{137},A63,feature_call,2025-06-13 14:05:21.000000,2025-06-14 08:01:08
E4216,{137},A63,login,2025-07-13 01:51:39.000000,2025-07-13 15:34:59
E4217,{137},A63,feature_call,2025-07-13 11:02:44.000000,2025-07-14 13:40:35
E4218,{137},A63,export,2025-06-25 03:12:48.000000,2025-06-25 10:02:53
E4219,{137},A63,api_call,2025-06-29 08:36:02.000000,2025-06-29 12:33:01
E4220,{137},A63,api_call,2025-05-20 22:40:32.000000,2025-05-21 17:37:06
E4221,{137},A63,api_call,2025-07-14 13:47:37.000000,2025-07-15 12:41:09
E4222,{137},A63,feature_call,2025-06-28 12:48:21.000000,2025-06-30 03:07:13
E4223,{137},A63,login,2025-06-22 07:00:47.000000,2025-06-23 04:25:55
E4224,{137},A63,export,2025-06-20 13:16:24.000000,2025-06-22 05:31:16
E4225,{137},A63,feature_call,2025-05-25 06:44:30.000000,2025-05-26 04:07:58
E4226,{137},A63,api_call,2025-06-18 17:46:25.000000,2025-06-19 04:39:06
E4227,{137},A63,export,2025-07-03 12:21:16.000000,2025-07-03 21:41:23
E4228,{137},A63,login,2025-06-06 07:42:39.000000,2025-06-06 19:12:01
E4229,{137},A63,login,2025-07-02 11:00:10.000000,2025-07-03 10:55:21
E4230,{137},A63,login,2025-06-15 17:25:15.000000,2025-06-15 19:50:59
E4231,{137},A63,feature_call,2025-07-03 02:47:08.000000,2025-07-03 10:14:26
E4232,{137},A63,export,2025-06-02 22:59:26.000000,2025-06-03 08:20:52
E4233,{137},A63,export,2025-07-16 20:27:25.000000,2025-07-17 16:06:28
E4234,{137},A63,login,2025-06-04 10:32:14.000000,2025-06-05 10:22:12
E4235,{137},A63,login,2025-06-19 00:02:47.000000,2025-06-20 16:17:02
E4236,{137},A63,login,2025-06-04 18:22:56.000000,2025-06-06 12:20:52
E4237,{137},A63,login,2025-06-02 06:22:56.000000,2025-06-03 09:42:09
E4238,{137},A63,export,2025-06-04 13:50:42.000000,2025-06-06 03:48:55
E4239,{137},A63,export,2025-06-25 05:04:31.000000,2025-06-27 01:50:06
E4240,{137},A63,feature_call,2025-06-17 09:07:40.000000,2025-06-18 04:24:41
E4241,{137},A63,feature_call,2025-07-10 19:33:13.000000,2025-07-12 12:35:34
E4242,{137},A63,api_call,2025-06-12 09:36:26.000000,2025-06-13 07:36:41
E4243,{137},A63,login,2025-06-17 18:29:04.000000,2025-06-19 15:32:47
E4244,{137},A63,export,2025-07-15 09:49:09.000000,2025-07-15 10:15:04
E4245,{137},A63,api_call,2025-05-23 18:59:36.000000,2025-05-24 20:08:52
E4246,{137},A63,login,2025-07-05 17:29:30.000000,2025-07-06 22:10:18
E4247,{137},A63,login,2025-06-26 17:41:08.000000,2025-06-27 03:13:35
E4248,{137},A63,api_call,2025-06-29 17:22:12.000000,2025-07-01 12:41:23
E4249,{137},A63,feature_call,2025-07-16 07:00:40.000000,2025-07-17 06:45:06
E4250,{137},A63,login,2025-06-08 21:08:52.000000,2025-06-09 12:15:49
E4251,{137},A63,api_call,2025-06-19 04:45:14.000000,2025-06-19 07:39:35
E4252,{137},A63,api_call,2025-07-15 14:09:19.000000,2025-07-16 22:05:29
E4253,{137},A63,export,2025-05-24 01:15:39.000000,2025-05-24 06:57:20
E4254,{137},A63,feature_call,2025-06-10 10:46:22.000000,2025-06-11 22:32:23
E4255,{137},A63,export,2025-06-14 05:14:01.000000,2025-06-15 08:54:58
E4256,{137},A63,api_call,2025-07-15 10:39:34.000000,2025-07-17 10:37:13
E4257,{137},A63,feature_call,2025-07-10 20:21:35.000000,2025-07-12 00:51:50
E4258,{137},A63,export,2025-06-05 14:45:36.000000,2025-06-06 21:26:09
E4259,{137},A63,export,2025-06-08 19:35:52.000000,2025-06-10 16:53:40
E4260,{137},A63,api_call,2025-06-19 04:13:03.000000,2025-06-20 19:28:20
E4261,{137},A63,export,2025-06-03 03:56:06.000000,2025-06-04 02:15:43
E4262,{137},A63,login,2025-07-01 20:00:32.000000,2025-07-03 19:17:02
E4263,{137},A63,export,2025-07-02 15:11:56.000000,2025-07-04 13:46:33
E4264,{137},A63,api_call,2025-06-23 19:32:50.000000,2025-06-24 08:05:05
E4265,{137},A63,login,2025-06-18 23:09:27.000000,2025-06-20 05:50:48
E4266,{137},A63,login,2025-05-28 17:01:59.000000,2025-05-30 03:22:53
E4267,{137},A63,login,2025-06-28 20:48:20.000000,2025-06-29 01:12:36
E4268,{137},A63,export,2025-06-08 20:29:43.000000,2025-06-09 17:21:55
E4269,{137},A63,export,2025-06-11 15:45:33.000000,2025-06-12 20:49:32
E4270,{137},A63,login,2025-06-21 15:01:09.000000,2025-06-23 02:52:11
E4271,{137},A63,export,2025-07-07 01:00:45.000000,2025-07-07 07:28:24
E4272,{137},A63,login,2025-07-03 07:34:10.000000,2025-07-05 04:00:22
E4273,{139},A65,login,2025-09-01 03:15:15.000000,2025-09-02 19:55:20
E4274,{139},A65,api_call,2025-05-30 18:11:37.000000,2025-05-31 04:45:13
E4275,{139},A65,api_call,2025-11-16 11:21:48.000000,2025-11-18 07:45:40
E4276,{139},A65,login,2025-08-05 00:43:47.000000,2025-08-06 13:26:01
E4277,{139},A65,export,2025-08-31 08:23:43.000000,2025-09-02 01:31:20
E4278,{139},A65,feature_call,2025-07-25 13:13:45.000000,2025-07-25 23:14:21
E4279,{139},A65,login,2025-05-26 03:23:14.000000,2025-05-26 12:26:10
E4280,{139},A65,login,2025-03-28 18:07:56.000000,2025-03-29 09:40:44
E4281,{139},A65,export,2025-09-01 04:40:36.000000,2025-09-01 12:53:48
E4282,{139},A65,api_call,2025-05-31 01:54:59.000000,2025-05-31 17:10:41
E4283,{139},A65,api_call,2025-07-24 21:54:08.000000,2025-07-26 15:21:07
E4284,{139},A65,feature_call,2025-07-25 14:45:35.000000,2025-07-26 15:51:17
E4285,{139},A65,login,2025-06-28 09:15:45.000000,2025-06-29 09:35:17
E4286,{139},A65,login,2025-12-09 23:04:31.000000,2025-12-11 09:34:34
E4287,{140},A65,api_call,2025-07-04 22:51:51.000000,2025-07-06 14:06:24
E4288,{140},A65,export,2025-11-12 21:21:46.000000,2025-11-13 10:29:27
E4289,{140},A65,api_call,2025-06-13 09:26:12.000000,2025-06-15 05:03:09
E4290,{140},A65,feature_call,2025-04-26 01:47:23.000000,2025-04-26 19:38:51
E4291,{140},A65,login,2025-05-10 08:39:19.000000,2025-05-10 15:06:39
E4292,{140},A65,export,2025-04-09 13:13:17.000000,2025-04-09 16:38:13
E4293,{140},A65,api_call,2025-09-11 09:12:58.000000,2025-09-12 15:18:58
E4294,{140},A65,feature_call,2026-01-28 20:23:59.000000,2026-01-30 16:11:00
E4295,{140},A65,export,2025-07-17 07:41:22.000000,2025-07-17 19:35:10
E4296,{140},A65,login,2025-11-23 06:37:22.000000,2025-11-23 10:11:41
E4297,{140},A65,api_call,2025-11-26 14:29:35.000000,2025-11-27 22:05:38
E4298,{140},A65,login,2025-09-03 02:20:35.000000,2025-09-04 16:59:14
E4299,{140},A65,login,2025-12-13 04:34:35.000000,2025-12-14 18:12:17
E4300,{140},A65,login,2026-01-27 19:08:24.000000,2026-01-28 21:15:46
E4301,{140},A65,export,2025-09-25 20:24:49.000000,2025-09-26 12:32:12
E4302,{140},A65,login,2025-06-16 13:01:25.000000,2025-06-18 03:18:06
E4303,{140},A65,login,2025-07-06 04:35:16.000000,2025-07-06 17:58:42
E4304,{140},A65,login,2025-03-29 11:32:57.000000,2025-03-29 22:09:30
E4305,{140},A65,api_call,2026-01-08 10:30:18.000000,2026-01-08 10:39:58
E4306,{140},A65,export,2025-07-30 11:33:42.000000,2025-08-01 08:42:47
E4307,{140},A65,export,2025-09-11 01:51:45.000000,2025-09-11 03:24:14
E4308,{139},A65,feature_call,2025-11-07 18:53:40.000000,2025-11-07 19:56:12
E4309,{140},A65,export,2025-10-18 17:32:13.000000,2025-10-20 03:34:57
E4310,{140},A65,api_call,2025-10-04 11:30:47.000000,2025-10-06 04:15:28
E4311,{140},A65,api_call,2025-12-04 21:40:21.000000,2025-12-05 14:28:30
E4312,{140},A65,api_call,2025-10-16 13:21:12.000000,2025-10-17 16:02:03
E4313,{140},A65,feature_call,2025-10-11 06:50:08.000000,2025-10-11 13:34:59
E4314,{140},A65,feature_call,2025-11-04 17:15:49.000000,2025-11-05 14:30:24
E4315,{140},A65,feature_call,2025-11-18 06:09:16.000000,2025-11-19 16:21:44
E4316,{140},A65,login,2025-09-29 00:42:52.000000,2025-09-30 12:43:59
E4317,{141},A66,export,2025-08-04 21:42:37.000000,2025-08-05 07:04:44
E4318,{141},A66,api_call,2025-09-04 22:09:52.000000,2025-09-06 02:23:21
E4319,{141},A66,api_call,2025-11-28 10:05:15.000000,2025-11-29 22:22:24
E4320,{141},A66,export,2026-01-13 04:04:27.000000,2026-01-13 17:33:31
E4321,{141},A66,feature_call,2025-08-10 14:30:29.000000,2025-08-11 07:15:01
E4322,{141},A66,login,2025-10-18 21:59:26.000000,2025-10-18 23:43:45
E4323,{142},A66,api_call,2025-09-18 22:57:16.000000,2025-09-19 11:21:43
E4324,{142},A66,feature_call,2025-07-19 17:20:07.000000,2025-07-21 05:51:33
E4325,{142},A66,login,2025-08-29 16:02:56.000000,2025-08-30 12:23:31
E4326,{142},A66,export,2026-01-03 16:41:44.000000,2026-01-05 12:10:40
E4327,{142},A66,api_call,2025-06-16 16:19:00.000000,2025-06-17 06:16:22
E4328,{142},A66,login,2025-07-18 17:32:50.000000,2025-07-19 07:14:38
E4329,{142},A66,api_call,2025-07-01 10:08:28.000000,2025-07-03 10:05:53
E4330,{142},A66,login,2025-09-05 08:02:07.000000,2025-09-06 13:13:11
E4331,{142},A66,api_call,2025-06-05 00:01:52.000000,2025-06-05 23:55:31
E4332,{144},A66,login,2025-10-08 07:21:01.000000,2025-10-09 23:39:22
E4333,{144},A66,api_call,2026-01-24 17:27:13.000000,2026-01-25 03:12:17
E4334,{144},A66,feature_call,2025-11-07 21:07:24.000000,2025-11-08 02:42:01
E4335,{144},A66,feature_call,2025-08-21 14:31:41.000000,2025-08-23 14:22:48
E4336,{144},A66,login,2025-09-06 02:40:12.000000,2025-09-06 10:51:24
E4337,{145},A67,api_call,2025-11-16 02:55:42.000000,2025-11-17 00:10:34
E4338,{145},A67,feature_call,2025-10-11 11:05:55.000000,2025-10-11 23:53:39
E4339,{145},A67,login,2025-11-15 01:32:36.000000,2025-11-16 03:09:57
E4340,{145},A67,login,2025-08-17 22:28:16.000000,2025-08-18 03:06:40
E4341,{145},A67,api_call,2026-01-19 16:12:35.000000,2026-01-21 13:08:32
E4342,{145},A67,export,2026-01-07 09:14:06.000000,2026-01-08 04:45:17
E4343,{146},A67,api_call,2025-12-12 00:09:50.000000,2025-12-13 11:08:15
E4344,{146},A67,api_call,2025-12-05 14:00:37.000000,2025-12-06 07:09:27
E4345,{146},A67,feature_call,2026-01-18 04:58:31.000000,2026-01-19 13:41:49
E4346,{145},A67,login,2026-02-18 00:00:00.696790,2026-02-18 13:44:31
E4347,{145},A67,login,2026-02-18 00:00:00.266514,2026-02-19 15:29:00
E4348,{145},A67,api_call,2026-02-18 00:00:00.837530,2026-02-18 13:42:11
E4349,{145},A67,feature_call,2026-02-18 00:00:00.706413,2026-02-19 20:38:58
E4350,{145},A67,login,2026-02-18 00:00:00.483828,2026-02-18 22:09:27
E4351,{145},A67,api_call,2026-02-18 00:00:00.805276,2026-02-18 13:26:21
E4352,{145},A67,api_call,2026-02-18 00:00:00.168766,2026-02-19 02:38:50
E4353,{145},A67,feature_call,2026-02-18 00:00:00.497554,2026-02-18 17:12:01
E4354,{145},A67,export,2026-02-18 00:00:00.634468,2026-02-19 12:49:42
E4355,{145},A67,export,2026-02-18 00:00:00.565740,2026-02-18 18:53:55
E4356,{145},A67,login,2026-02-18 00:00:00.551821,2026-02-19 12:18:06
E4357,{145},A67,export,2026-02-18 00:00:00.705416,2026-02-19 07:42:47
E4358,{145},A67,feature_call,2026-02-18 00:00:00.693881,2026-02-19 00:50:26
E4359,{145},A67,login,2026-02-18 00:00:00.319953,2026-02-18 10:36:16
E4360,{145},A67,login,2026-02-18 00:00:00.456423,2026-02-19 12:57:08
E4361,{145},A67,login,2026-02-18 00:00:00.971468,2026-02-18 04:33:28
E4362,{145},A67,export,2026-02-18 00:00:00.255662,2026-02-18 07:23:35
E4363,{145},A67,feature_call,2026-02-18 00:00:00.389491,2026-02-18 08:48:43
E4364,{145},A67,api_call,2026-02-18 00:00:00.169271,2026-02-19 19:55:02
E4365,{145},A67,api_call,2026-02-18 00:00:00.440672,2026-02-19 15:40:45
E4366,{145},A67,export,2026-02-18 00:00:00.795526,2026-02-18 18:13:51
E4367,{146},A67,feature_call,2026-02-18 00:00:00.480429,2026-02-19 07:21:44
E4368,{146},A67,api_call,2026-02-18 00:00:00.506377,2026-02-18 01:53:09
E4369,{146},A67,login,2026-02-18 00:00:00.541150,2026-02-18 20:11:46
E4370,{146},A67,export,2026-02-18 00:00:00.053443,2026-02-19 01:19:21
E4371,{146},A67,feature_call,2026-02-18 00:00:00.738050,2026-02-19 07:26:53
E4372,{146},A67,feature_call,2026-02-18 00:00:00.459665,2026-02-19 13:29:40
E4373,{146},A67,feature_call,2026-02-18 00:00:00.232494,2026-02-19 21:35:17
E4374,{146},A67,api_call,2026-02-18 00:00:00.976980,2026-02-18 23:47:31
E4375,{146},A67,feature_call,2026-02-18 00:00:00.333227,2026-02-19 18:11:05
E4376,{146},A67,feature_call,2026-02-18 00:00:00.183334,2026-02-19 21:47:17
E4377,{146},A67,feature_call,2026-02-18 00:00:00.256076,2026-02-18 00:21:46
E4378,{146},A67,login,2026-02-18 00:00:00.930873,2026-02-19 21:21:51
E4379,{146},A67,feature_call,2026-02-18 00:00:00.501181,2026-02-18 20:26:59
E4380,{146},A67,feature_call,2026-02-18 00:00:00.015703,2026-02-18 04:23:04
E4381,{146},A67,export,2026-02-18 00:00:00.428112,2026-02-19 21:40:44
E4382,{146},A67,api_call,2026-02-18 00:00:00.215852,2026-02-18 20:46:05
E4383,{146},A67,login,2026-02-18 00:00:00.462379,2026-02-19 06:50:24
E4384,{146},A67,feature_call,2026-02-18 00:00:00.091155,2026-02-18 15:46:38
E4385,{146},A67,export,2026-02-18 00:00:00.631630,2026-02-18 23:48:04
E4386,{146},A67,login,2026-02-18 00:00:00.914040,2026-02-19 20:31:11
E4387,{146},A67,feature_call,2026-02-18 00:00:00.610056,2026-02-18 05:02:21
E4388,{146},A67,export,2026-02-18 00:00:00.175511,2026-02-19 14:30:10
E4389,{146},A67,feature_call,2026-02-18 00:00:00.936940,2026-02-18 22:23:39
E4390,{146},A67,export,2026-02-18 00:00:00.273679,2026-02-18 19:50:58
E4391,{146},A67,login,2026-02-18 00:00:00.582230,2026-02-18 22:51:53
E4392,{146},A67,api_call,2026-02-18 00:00:00.452082,2026-02-19 12:34:38
E4393,{146},A67,export,2026-02-18 00:00:00.624994,2026-02-18 01:11:45
E4394,{146},A67,login,2026-02-18 00:00:00.552198,2026-02-19 05:04:19
E4395,{146},A67,login,2026-02-18 00:00:00.778287,2026-02-18 04:24:43
E4396,{146},A67,api_call,2026-02-18 00:00:00.878966,2026-02-19 02:54:13
E4397,{146},A67,export,2026-02-18 00:00:00.115784,2026-02-19 04:44:21
E4398,{146},A67,login,2026-02-18 00:00:00.456744,2026-02-18 03:22:32
E4399,{146},A67,login,2026-02-18 00:00:00.165119,2026-02-19 05:59:51
E4400,{146},A67,login,2026-02-18 00:00:00.783691,2026-02-18 19:49:34
E4401,{146},A67,login,2026-02-18 00:00:00.249691,2026-02-19 18:43:00
E4402,{146},A67,login,2026-02-18 00:00:00.537032,2026-02-19 10:30:00
E4403,{146},A67,feature_call,2026-02-18 00:00:00.641644,2026-02-18 11:14:59
E4404,{146},A67,export,2026-02-18 00:00:00.481693,2026-02-19 15:01:18
E4405,{146},A67,export,2026-02-18 00:00:00.148038,2026-02-18 11:02:21
E4406,{146},A67,api_call,2026-02-18 00:00:00.928565,2026-02-19 21:57:38
E4407,{146},A67,api_call,2026-02-18 00:00:00.910664,2026-02-19 17:24:52
E4408,{146},A67,api_call,2026-02-18 00:00:00.010981,2026-02-19 06:02:52
E4409,{146},A67,feature_call,2026-02-18 00:00:00.986090,2026-02-19 00:43:53
E4410,{146},A67,api_call,2026-02-18 00:00:00.826383,2026-02-19 14:22:56
E4411,{146},A67,login,2026-02-18 00:00:00.638570,2026-02-19 23:00:56
E4412,{146},A67,api_call,2026-02-18 00:00:00.213797,2026-02-19 08:32:56
E4413,{146},A67,api_call,2026-02-18 00:00:00.755998,2026-02-18 20:30:12
E4414,{146},A67,api_call,2026-02-18 00:00:00.442549,2026-02-19 16:43:32
E4415,{146},A67,export,2026-02-18 00:00:00.345445,2026-02-18 17:36:52
E4416,{146},A67,feature_call,2026-02-18 00:00:00.394405,2026-02-19 00:03:44
E4417,{146},A67,api_call,2026-02-18 00:00:00.032071,2026-02-19 09:25:27
E4418,{146},A67,api_call,2026-02-18 00:00:00.728640,2026-02-19 14:03:29
E4419,{146},A67,export,2026-02-18 00:00:00.150504,2026-02-19 23:31:37
E4420,{146},A67,login,2026-02-18 00:00:00.457718,2026-02-19 00:01:32
E4421,{146},A67,export,2026-02-18 00:00:00.969239,2026-02-19 00:28:53
E4422,{146},A67,api_call,2026-02-18 00:00:00.007461,2026-02-19 19:18:56
E4423,{146},A67,feature_call,2026-02-18 00:00:00.361305,2026-02-18 03:20:16
E4424,{146},A67,login,2026-02-18 00:00:00.042738,2026-02-18 03:48:41
E4425,{146},A67,export,2026-02-18 00:00:00.250546,2026-02-19 22:28:50
E4426,{146},A67,login,2026-02-18 00:00:00.341752,2026-02-18 11:15:32
E4427,{146},A67,api_call,2026-02-18 00:00:00.334710,2026-02-18 06:36:07
E4428,{146},A67,feature_call,2026-02-18 00:00:00.071204,2026-02-19 22:28:41
E4429,{146},A67,export,2026-02-18 00:00:00.630347,2026-02-19 01:16:57
E4430,{147},A68,export,2025-08-19 15:08:33.000000,2025-08-19 21:32:58
E4431,{147},A68,feature_call,2025-04-16 09:39:06.000000,2025-04-17 08:43:17
E4432,{147},A68,login,2025-04-07 10:10:41.000000,2025-04-09 01:52:44
E4433,{148},A69,api_call,2025-10-25 11:46:57.000000,2025-10-27 09:22:53
E4434,{148},A69,feature_call,2025-10-02 15:36:37.000000,2025-10-03 06:07:10
E4435,{148},A69,login,2025-07-10 01:49:20.000000,2025-07-10 03:15:33
E4436,{148},A69,login,2025-11-17 00:15:05.000000,2025-11-17 08:32:48
E4437,{148},A69,export,2025-08-11 19:34:39.000000,2025-08-11 23:05:23
E4438,{148},A69,api_call,2025-06-27 11:21:07.000000,2025-06-29 06:52:52
E4439,{148},A69,export,2025-10-06 13:55:23.000000,2025-10-07 20:04:26
E4440,{148},A69,feature_call,2025-06-26 17:09:51.000000,2025-06-28 02:17:18
E4441,{148},A69,api_call,2025-10-14 11:04:31.000000,2025-10-15 18:47:10
E4442,{148},A69,login,2025-10-06 08:05:07.000000,2025-10-06 22:01:38
E4443,{148},A69,login,2025-07-10 07:54:37.000000,2025-07-10 20:08:38
E4444,{148},A69,export,2025-12-25 02:54:27.000000,2025-12-25 04:12:58
E4445,{148},A69,export,2025-08-16 08:58:13.000000,2025-08-18 01:26:21
E4446,{148},A69,feature_call,2025-06-25 15:46:19.000000,2025-06-26 11:28:55
E4447,{148},A69,login,2025-09-13 16:16:30.000000,2025-09-15 04:18:46
E4448,{148},A69,export,2025-10-28 17:23:13.000000,2025-10-30 03:01:36
E4449,{148},A69,login,2025-10-29 09:59:00.000000,2025-10-30 04:47:33
E4450,{148},A69,export,2025-08-25 00:52:33.000000,2025-08-25 23:52:02
E4451,{148},A69,export,2025-08-27 11:04:20.000000,2025-08-28 07:16:29
E4452,{148},A69,feature_call,2025-12-22 14:30:39.000000,2025-12-23 09:53:19
E4453,{148},A69,export,2025-08-15 01:52:39.000000,2025-08-15 10:50:37
E4454,{150},A70,api_call,2025-03-22 16:49:02.000000,2025-03-24 08:27:03
E4455,{150},A70,feature_call,2025-09-18 01:18:37.000000,2025-09-19 23:56:31
E4456,{150},A70,export,2025-09-24 03:33:20.000000,2025-09-25 05:51:12
E4457,{150},A70,login,2025-05-07 21:39:15.000000,2025-05-08 06:08:55
E4458,{150},A70,login,2025-04-16 17:31:05.000000,2025-04-18 16:19:52
E4459,{150},A70,feature_call,2025-10-24 19:22:08.000000,2025-10-25 10:11:31
E4460,{150},A70,export,2025-08-20 06:21:52.000000,2025-08-21 23:34:41
E4461,{150},A70,export,2025-09-08 13:50:31.000000,2025-09-08 14:54:14
E4462,{150},A70,feature_call,2025-11-08 10:37:03.000000,2025-11-09 11:12:25
E4463,{150},A70,export,2025-04-03 11:49:02.000000,2025-04-04 23:49:21
E4464,{150},A70,login,2025-04-08 04:27:10.000000,2025-04-09 20:34:41
E4465,{150},A70,api_call,2025-06-01 17:33:49.000000,2025-06-03 08:21:23
E4466,{150},A70,api_call,2026-01-08 01:49:03.000000,2026-01-09 12:25:56
E4467,{150},A70,api_call,2025-05-11 09:18:04.000000,2025-05-11 20:08:10
E4468,{150},A70,feature_call,2025-11-07 09:15:52.000000,2025-11-07 15:48:32
E4469,{150},A70,export,2025-09-10 00:47:36.000000,2025-09-12 00:22:32
E4470,{150},A70,feature_call,2025-06-03 05:54:57.000000,2025-06-03 07:05:20
E4471,{150},A70,login,2025-06-24 08:46:16.000000,2025-06-25 05:12:01
E4472,{150},A70,login,2026-01-17 07:36:58.000000,2026-01-18 14:07:59
E4473,{150},A70,api_call,2025-10-05 20:33:01.000000,2025-10-07 09:07:49
E4474,{150},A70,export,2025-05-09 02:53:09.000000,2025-05-09 06:25:37
E4475,{150},A70,export,2025-12-27 23:03:26.000000,2025-12-28 04:26:00
E4476,{150},A70,api_call,2025-11-10 12:34:13.000000,2025-11-11 18:20:30
E4477,{150},A70,feature_call,2025-09-30 20:55:55.000000,2025-10-01 02:36:56
E4478,{150},A70,api_call,2025-08-13 00:25:42.000000,2025-08-13 05:47:03
E4479,{150},A70,export,2025-04-25 06:05:57.000000,2025-04-26 01:29:53
E4480,{150},A70,export,2025-12-25 20:25:24.000000,2025-12-25 22:31:56
E4481,{150},A70,export,2026-01-03 22:20:23.000000,2026-01-05 08:50:41
E4482,{150},A70,export,2025-03-14 09:27:31.000000,2025-03-15 03:02:46
E4483,{150},A70,export,2025-04-30 02:38:59.000000,2025-05-01 22:33:15
E4484,{150},A70,feature_call,2025-11-10 03:53:11.000000,2025-11-10 06:49:54
E4485,{151},A71,export,2025-06-19 11:50:41.000000,2025-06-21 11:24:28
E4486,{151},A71,api_call,2025-05-16 17:47:53.000000,2025-05-17 15:07:43
E4487,{151},A71,feature_call,2025-05-07 19:09:52.000000,2025-05-08 08:53:20
E4488,{151},A71,feature_call,2025-05-12 10:21:39.000000,2025-05-12 18:52:50
E4489,{151},A71,feature_call,2025-05-10 04:36:30.000000,2025-05-10 23:03:50
E4490,{151},A71,login,2025-06-03 06:12:57.000000,2025-06-03 16:27:57
E4491,{151},A71,login,2025-06-01 01:12:07.000000,2025-06-02 01:14:29
E4492,{151},A71,api_call,2025-06-13 05:46:11.000000,2025-06-14 06:33:46
E4493,{151},A71,feature_call,2025-05-08 17:19:56.000000,2025-05-10 08:34:17
E4494,{151},A71,export,2025-06-24 16:17:00.000000,2025-06-26 13:50:39
E4495,{151},A71,api_call,2025-07-02 05:05:41.000000,2025-07-03 11:41:49
E4496,{151},A71,login,2025-05-22 03:41:01.000000,2025-05-22 11:38:00
E4497,{151},A71,login,2025-07-02 02:22:35.000000,2025-07-03 09:05:19
E4498,{151},A71,feature_call,2025-05-24 09:53:22.000000,2025-05-24 16:26:55
E4499,{151},A71,login,2025-05-25 23:29:30.000000,2025-05-27 03:35:48
E4500,{151},A71,login,2025-05-11 05:43:01.000000,2025-05-12 10:50:51
E4501,{152},A72,api_call,2025-03-22 00:20:13.000000,2025-03-23 21:25:48
E4502,{152},A72,feature_call,2025-04-10 11:39:24.000000,2025-04-10 13:43:16
E4503,{152},A72,api_call,2025-05-05 09:43:40.000000,2025-05-05 21:52:18
E4504,{152},A72,login,2025-05-11 20:58:14.000000,2025-05-13 13:02:27
E4505,{152},A72,feature_call,2025-04-29 06:09:04.000000,2025-04-29 11:34:29
E4506,{152},A72,login,2025-05-05 13:51:13.000000,2025-05-06 17:41:23
E4507,{152},A72,export,2025-04-30 08:53:49.000000,2025-04-30 12:24:20
E4508,{153},A72,login,2025-03-24 22:10:24.000000,2025-03-25 04:39:54
E4509,{153},A72,export,2025-04-05 22:46:33.000000,2025-04-06 03:51:07
E4510,{153},A72,export,2025-03-30 18:08:38.000000,2025-04-01 07:41:51
E4511,{154},A73,feature_call,2025-03-30 10:38:38.000000,2025-04-01 02:50:26
E4512,{154},A73,feature_call,2025-05-13 03:23:33.000000,2025-05-13 20:58:44
E4513,{154},A73,api_call,2025-05-07 11:53:56.000000,2025-05-08 15:46:30
E4514,{154},A73,api_call,2025-04-25 12:26:45.000000,2025-04-26 13:31:30
E4515,{154},A73,export,2025-05-07 07:48:38.000000,2025-05-08 13:43:20
E4516,{154},A73,api_call,2025-03-05 10:03:03.000000,2025-03-05 23:18:17
E4517,{154},A73,api_call,2025-04-30 02:52:31.000000,2025-04-30 09:01:06
E4518,{154},A73,login,2025-03-29 21:47:51.000000,2025-03-30 07:34:42
E4519,{154},A73,login,2025-04-20 06:05:31.000000,2025-04-20 08:07:33
E4520,{154},A73,api_call,2025-04-16 11:49:59.000000,2025-04-17 07:24:31
E4521,{154},A73,login,2025-04-03 11:35:27.000000,2025-04-04 00:56:09
E4522,{154},A73,export,2025-03-20 15:26:28.000000,2025-03-22 13:03:14
E4523,{154},A73,api_call,2025-04-12 13:20:04.000000,2025-04-13 01:11:06
E4524,{154},A73,api_call,2025-05-24 16:23:40.000000,2025-05-25 20:13:04
E4525,{154},A73,feature_call,2025-03-21 04:20:26.000000,2025-03-22 03:52:38
E4526,{154},A73,login,2025-03-12 10:03:34.000000,2025-03-14 06:20:22
E4527,{154},A73,login,2025-05-23 07:33:02.000000,2025-05-24 12:18:03
E4528,{154},A73,export,2025-05-26 12:31:47.000000,2025-05-27 17:52:20
E4529,{154},A73,export,2025-03-24 14:38:10.000000,2025-03-25 05:38:30
E4530,{155},A73,feature_call,2025-03-30 21:54:05.000000,2025-03-31 13:32:06
E4531,{155},A73,login,2025-03-29 04:20:45.000000,2025-03-30 10:35:21
E4532,{155},A73,feature_call,2025-05-02 23:54:59.000000,2025-05-04 18:08:48
E4533,{155},A73,feature_call,2025-03-26 19:30:55.000000,2025-03-26 19:36:29
E4534,{155},A73,feature_call,2025-05-28 07:41:31.000000,2025-05-30 01:38:12
E4535,{155},A73,export,2025-03-08 23:49:44.000000,2025-03-09 05:17:15
E4536,{155},A73,login,2025-03-21 02:45:24.000000,2025-03-21 05:49:58
E4537,{155},A73,export,2025-05-15 15:49:03.000000,2025-05-16 10:49:11
E4538,{155},A73,feature_call,2025-04-24 23:53:43.000000,2025-04-26 05:36:33
E4539,{155},A73,export,2025-04-19 23:40:29.000000,2025-04-21 17:23:57
E4540,{155},A73,login,2025-05-28 00:56:50.000000,2025-05-28 14:07:44
E4541,{155},A73,api_call,2025-05-26 08:09:36.000000,2025-05-27 01:56:00
E4542,{155},A73,feature_call,2025-03-29 02:05:13.000000,2025-03-29 11:58:07
E4543,{155},A73,login,2025-03-29 17:12:19.000000,2025-03-30 13:12:45
E4544,{155},A73,feature_call,2025-05-01 11:15:29.000000,2025-05-02 07:50:24
E4545,{155},A73,api_call,2025-04-07 08:33:45.000000,2025-04-07 14:18:27
E4546,{155},A73,feature_call,2025-04-18 03:20:53.000000,2025-04-19 03:00:36
E4547,{155},A73,login,2025-05-02 02:21:47.000000,2025-05-02 23:00:59
E4548,{155},A73,login,2025-03-01 19:31:07.000000,2025-03-02 05:05:44
E4549,{155},A73,export,2025-04-05 07:30:43.000000,2025-04-07 07:28:37
E4550,{155},A73,feature_call,2025-05-03 08:02:53.000000,2025-05-03 23:06:02
E4551,{155},A73,login,2025-04-25 10:30:17.000000,2025-04-25 18:36:06
E4552,{155},A73,api_call,2025-05-01 13:17:59.000000,2025-05-02 22:50:17
E4553,{155},A73,login,2025-05-07 06:52:49.000000,2025-05-09 04:40:36
E4554,{155},A73,feature_call,2025-04-02 13:06:05.000000,2025-04-04 08:59:23
E4555,{155},A73,feature_call,2025-05-26 23:49:13.000000,2025-05-27 03:30:32
E4556,{155},A73,login,2025-05-24 23:20:17.000000,2025-05-26 16:34:25
E4557,{155},A73,api_call,2025-05-28 05:22:36.000000,2025-05-29 02:07:28
E4558,{155},A73,export,2025-03-11 02:59:34.000000,2025-03-12 21:54:40
E4559,{155},A73,login,2025-05-19 16:02:30.000000,2025-05-20 02:56:52
E4560,{155},A73,api_call,2025-03-28 05:35:10.000000,2025-03-29 18:27:11
E4561,{158},A74,feature_call,2025-10-07 19:28:02.000000,2025-10-09 17:49:24
E4562,{158},A74,login,2025-09-29 02:58:37.000000,2025-09-29 16:41:05
E4563,{158},A74,login,2025-08-28 04:19:11.000000,2025-08-29 18:25:04
E4564,{158},A74,feature_call,2025-08-26 21:47:25.000000,2025-08-27 09:32:51
E4565,{158},A74,feature_call,2025-11-27 18:00:44.000000,2025-11-27 21:44:51
E4566,{158},A74,export,2025-08-15 11:47:31.000000,2025-08-15 12:06:45
E4567,{158},A74,feature_call,2025-08-16 17:24:37.000000,2025-08-17 04:53:48
E4568,{158},A74,login,2025-10-23 11:27:57.000000,2025-10-25 08:57:21
E4569,{158},A74,api_call,2025-12-10 06:24:31.000000,2025-12-10 21:21:26
E4570,{158},A74,export,2025-09-13 23:01:21.000000,2025-09-14 13:16:04
E4571,{158},A74,api_call,2025-10-31 17:39:46.000000,2025-11-02 00:43:15
E4572,{158},A74,feature_call,2025-08-31 05:27:19.000000,2025-09-01 12:10:56
E4573,{158},A74,api_call,2025-08-30 14:23:04.000000,2025-09-01 02:42:33
E4574,{158},A74,export,2025-07-29 16:35:08.000000,2025-07-30 10:16:00
E4575,{158},A74,login,2025-12-07 01:20:51.000000,2025-12-08 02:24:20
E4576,{158},A74,api_call,2025-09-17 18:15:13.000000,2025-09-19 15:46:02
E4577,{158},A74,api_call,2025-07-07 12:04:23.000000,2025-07-07 14:17:11
E4578,{158},A74,login,2025-11-23 09:59:07.000000,2025-11-24 11:57:03
E4579,{158},A74,login,2025-12-22 22:45:00.000000,2025-12-24 11:40:05
E4580,{158},A74,feature_call,2025-10-01 20:49:47.000000,2025-10-02 10:06:58
E4581,{158},A74,export,2025-08-09 20:40:28.000000,2025-08-10 08:09:44
E4582,{158},A74,export,2025-08-28 19:05:35.000000,2025-08-30 06:35:04
E4583,{158},A74,api_call,2025-09-08 06:25:41.000000,2025-09-08 21:58:05
E4584,{158},A74,feature_call,2025-12-21 04:07:22.000000,2025-12-21 12:49:18
E4585,{158},A74,login,2025-08-23 14:37:02.000000,2025-08-24 07:25:46
E4586,{158},A74,api_call,2025-08-11 23:09:20.000000,2025-08-13 15:29:05
E4587,{158},A74,api_call,2025-07-27 03:15:42.000000,2025-07-28 22:57:16
E4588,{158},A74,login,2025-12-30 17:01:33.000000,2025-12-30 19:24:03
E4589,{158},A74,feature_call,2025-12-10 08:20:23.000000,2025-12-10 20:11:44
E4590,{158},A74,login,2025-07-17 18:04:31.000000,2025-07-18 23:39:47
E4591,{158},A74,api_call,2025-08-20 19:09:37.000000,2025-08-22 11:41:51
E4592,{158},A74,api_call,2025-07-15 09:41:32.000000,2025-07-17 09:40:34
E4593,{158},A74,feature_call,2025-12-16 06:21:23.000000,2025-12-17 06:08:49
E4594,{158},A74,export,2025-09-22 05:05:27.000000,2025-09-22 19:37:32
E4595,{158},A74,feature_call,2025-12-29 17:59:12.000000,2025-12-30 21:11:57
E4596,{158},A74,export,2025-12-26 11:57:16.000000,2025-12-27 01:04:21
E4597,{158},A74,export,2026-01-10 17:33:40.000000,2026-01-11 21:07:55
E4598,{158},A74,api_call,2025-10-20 21:58:27.000000,2025-10-20 23:25:18
E4599,{158},A74,feature_call,2025-09-03 10:29:22.000000,2025-09-04 05:14:59
E4600,{158},A74,api_call,2025-07-15 09:06:55.000000,2025-07-15 10:00:32
E4601,{159},A74,login,2025-12-21 23:24:07.000000,2025-12-23 13:48:40
E4602,{159},A74,feature_call,2025-12-18 21:49:24.000000,2025-12-19 12:04:22
E4603,{159},A74,login,2025-10-05 22:52:06.000000,2025-10-06 14:20:43
E4604,{159},A74,feature_call,2025-07-17 20:08:22.000000,2025-07-18 23:42:43
E4605,{159},A74,feature_call,2025-12-09 22:44:05.000000,2025-12-09 23:44:46
E4606,{159},A74,export,2025-07-18 07:02:54.000000,2025-07-19 15:03:39
E4607,{159},A74,export,2025-11-25 19:26:23.000000,2025-11-27 11:42:41
E4608,{159},A74,export,2025-07-29 15:14:43.000000,2025-07-29 16:10:57
E4609,{159},A74,api_call,2025-09-02 03:27:13.000000,2025-09-03 02:52:34
E4610,{159},A74,login,2025-10-07 16:19:33.000000,2025-10-09 10:17:05
E4611,{159},A74,export,2025-10-22 10:50:45.000000,2025-10-22 22:42:24
E4612,{159},A74,login,2025-12-29 02:37:16.000000,2025-12-29 02:41:40
E4613,{159},A74,feature_call,2025-07-07 10:13:08.000000,2025-07-07 20:30:17
E4614,{159},A74,feature_call,2025-12-10 15:20:30.000000,2025-12-10 23:54:19
E4615,{159},A74,export,2025-11-15 10:57:25.000000,2025-11-16 01:55:32
E4616,{159},A74,login,2025-08-14 08:16:28.000000,2025-08-15 09:51:53
E4617,{159},A74,login,2026-01-05 00:17:44.000000,2026-01-06 04:18:40
E4618,{159},A74,login,2025-12-22 04:57:55.000000,2025-12-24 02:22:50
E4619,{159},A74,export,2025-12-21 19:59:39.000000,2025-12-22 13:38:21
E4620,{159},A74,export,2025-07-30 15:20:07.000000,2025-07-31 14:22:48
E4621,{159},A74,export,2025-08-18 16:54:12.000000,2025-08-18 18:49:55
E4622,{159},A74,login,2025-10-17 20:07:08.000000,2025-10-18 22:03:47
E4623,{159},A74,api_call,2025-10-20 16:28:32.000000,2025-10-22 01:34:55
E4624,{159},A74,api_call,2025-12-01 05:11:17.000000,2025-12-01 18:43:57
E4625,{160},A74,export,2025-11-21 03:41:13.000000,2025-11-21 09:07:01
E4626,{160},A74,export,2025-12-11 11:01:05.000000,2025-12-12 10:37:38
E4627,{160},A74,feature_call,2025-11-09 06:39:46.000000,2025-11-11 06:33:37
E4628,{160},A74,api_call,2025-12-09 16:04:55.000000,2025-12-10 00:00:35
E4629,{160},A74,export,2026-01-08 03:14:18.000000,2026-01-09 20:43:54
E4630,{160},A74,login,2025-10-29 19:30:58.000000,2025-10-30 13:00:41
E4631,{160},A74,feature_call,2025-10-04 12:20:47.000000,2025-10-06 01:24:06
E4632,{160},A74,export,2025-08-06 14:02:08.000000,2025-08-07 04:58:13
E4633,{160},A74,feature_call,2025-08-08 06:08:03.000000,2025-08-08 22:40:27
E4634,{160},A74,feature_call,2025-09-04 21:59:39.000000,2025-09-06 12:09:41
E4635,{160},A74,feature_call,2025-10-27 13:14:15.000000,2025-10-29 02:48:48
E4636,{160},A74,export,2025-10-01 05:04:14.000000,2025-10-01 15:27:34
E4637,{160},A74,api_call,2025-09-26 02:48:32.000000,2025-09-26 04:18:37
E4638,{160},A74,feature_call,2025-07-18 22:31:02.000000,2025-07-19 02:20:14
E4639,{160},A74,export,2025-12-12 13:37:00.000000,2025-12-13 00:15:52
E4640,{160},A74,api_call,2025-12-28 20:41:32.000000,2025-12-29 11:49:54
E4641,{160},A74,export,2025-08-15 03:39:46.000000,2025-08-16 22:55:52
E4642,{160},A74,export,2025-12-08 00:34:03.000000,2025-12-08 09:36:25
E4643,{160},A74,feature_call,2025-07-26 00:33:24.000000,2025-07-26 02:07:33
E4644,{160},A74,feature_call,2025-10-27 02:08:35.000000,2025-10-27 21:17:23
E4645,{160},A74,api_call,2025-10-21 04:07:09.000000,2025-10-22 02:52:53
E4646,{160},A74,login,2025-07-17 18:42:52.000000,2025-07-18 04:23:19
E4647,{160},A74,login,2025-07-06 14:19:04.000000,2025-07-06 14:58:57
E4648,{160},A74,export,2025-07-12 06:05:05.000000,2025-07-13 01:42:08
E4649,{160},A74,api_call,2025-07-05 10:47:23.000000,2025-07-05 19:11:37
E4650,{160},A74,export,2025-09-08 10:58:18.000000,2025-09-10 05:14:25
E4651,{160},A74,api_call,2025-07-16 22:55:31.000000,2025-07-17 04:25:36
E4652,{160},A74,export,2025-11-21 10:01:04.000000,2025-11-23 02:38:55
E4653,{160},A74,export,2025-12-06 21:19:33.000000,2025-12-08 00:36:00
E4654,{160},A74,export,2025-10-02 20:10:27.000000,2025-10-04 12:31:56
E4655,{160},A74,api_call,2025-12-23 01:01:40.000000,2025-12-23 03:21:59
E4656,{161},A74,api_call,2025-11-01 12:02:51.000000,2025-11-01 17:37:55
E4657,{161},A74,feature_call,2026-01-04 13:09:27.000000,2026-01-06 01:06:26
E4658,{161},A74,feature_call,2025-11-29 20:29:45.000000,2025-11-29 22:07:43
E4659,{161},A74,export,2025-10-03 22:40:46.000000,2025-10-04 19:09:43
E4660,{161},A74,feature_call,2025-12-11 06:44:18.000000,2025-12-12 05:03:23
E4661,{161},A74,login,2025-10-21 09:14:07.000000,2025-10-22 07:35:37
E4662,{161},A74,feature_call,2025-11-11 14:54:44.000000,2025-11-11 19:36:15
E4663,{161},A74,export,2025-08-25 19:16:41.000000,2025-08-27 16:36:25
E4664,{161},A74,api_call,2025-10-26 00:58:58.000000,2025-10-27 01:30:00
E4665,{161},A74,api_call,2025-11-06 14:09:29.000000,2025-11-06 20:21:49
E4666,{161},A74,api_call,2025-10-27 01:43:49.000000,2025-10-28 09:01:14
E4667,{161},A74,export,2025-10-27 00:40:54.000000,2025-10-28 22:16:48
E4668,{161},A74,login,2025-11-01 17:27:12.000000,2025-11-03 13:32:41
E4669,{161},A74,feature_call,2025-07-06 22:21:31.000000,2025-07-08 10:05:52
E4670,{161},A74,export,2025-07-20 22:21:30.000000,2025-07-21 09:51:16
E4671,{161},A74,api_call,2025-07-20 19:27:06.000000,2025-07-21 22:04:41
E4672,{161},A74,feature_call,2025-09-20 09:55:48.000000,2025-09-21 01:29:18
E4673,{161},A74,login,2026-01-08 14:57:52.000000,2026-01-10 07:31:44
E4674,{161},A74,feature_call,2026-01-03 18:22:41.000000,2026-01-04 00:52:20
E4675,{161},A74,api_call,2025-12-08 12:25:26.000000,2025-12-10 08:23:30
E4676,{161},A74,export,2025-07-14 16:28:15.000000,2025-07-16 01:47:34
E4677,{161},A74,login,2025-11-27 15:45:28.000000,2025-11-27 20:04:45
E4678,{161},A74,api_call,2025-12-03 19:43:18.000000,2025-12-04 17:59:05
E4679,{161},A74,export,2025-11-16 05:01:31.000000,2025-11-16 09:11:29
E4680,{161},A74,feature_call,2025-12-14 09:57:39.000000,2025-12-15 03:47:29
E4681,{161},A74,api_call,2025-11-14 08:53:13.000000,2025-11-16 02:57:34
E4682,{161},A74,feature_call,2025-10-21 21:27:08.000000,2025-10-22 09:42:47
E4683,{158},A74,login,2026-01-29 16:27:55.000000,2026-01-30 17:09:22
E4684,{158},A74,api_call,2026-01-20 11:44:33.000000,2026-01-20 19:40:49
E4685,{158},A74,api_call,2026-01-20 02:11:18.000000,2026-01-21 00:43:43
E4686,{158},A74,login,2026-02-01 13:21:32.000000,2026-02-01 22:18:26
E4687,{158},A74,feature_call,2026-02-02 23:30:34.000000,2026-02-04 10:51:16
E4688,{158},A74,feature_call,2026-01-15 07:25:02.000000,2026-01-17 03:09:55
E4689,{158},A74,feature_call,2026-01-15 03:41:59.000000,2026-01-16 21:30:21
E4690,{158},A74,api_call,2026-01-30 01:19:09.000000,2026-01-31 18:53:04
E4691,{158},A74,login,2026-01-31 10:30:55.000000,2026-02-01 13:21:43
E4692,{158},A74,export,2026-02-09 11:08:31.000000,2026-02-10 01:22:46
E4693,{158},A74,export,2026-02-08 06:10:27.000000,2026-02-09 09:07:41
E4694,{158},A74,feature_call,2026-02-02 21:36:05.000000,2026-02-04 02:50:40
E4695,{158},A74,api_call,2026-01-21 18:50:47.000000,2026-01-22 23:36:12
E4696,{158},A74,api_call,2026-01-22 17:11:21.000000,2026-01-23 01:35:16
E4697,{158},A74,api_call,2026-01-16 18:09:27.000000,2026-01-18 11:47:43
E4698,{158},A74,feature_call,2026-01-28 09:18:37.000000,2026-01-29 01:39:16
E4699,{158},A74,login,2026-01-26 22:37:14.000000,2026-01-27 09:38:59
E4700,{158},A74,feature_call,2026-01-22 11:16:08.000000,2026-01-24 07:29:28
E4701,{158},A74,export,2026-02-10 12:12:28.000000,2026-02-10 20:51:08
E4702,{158},A74,api_call,2026-02-13 07:18:37.000000,2026-02-14 00:20:59
E4703,{158},A74,feature_call,2026-02-08 18:32:06.000000,2026-02-10 18:25:46
E4704,{159},A74,export,2026-02-05 14:17:09.000000,2026-02-06 13:45:12
E4705,{159},A74,login,2026-02-06 11:44:53.000000,2026-02-08 07:26:57
E4706,{159},A74,export,2026-02-04 21:53:07.000000,2026-02-05 14:12:11
E4707,{159},A74,api_call,2026-01-29 04:21:11.000000,2026-01-29 06:51:48
E4708,{159},A74,feature_call,2026-01-24 01:02:37.000000,2026-01-24 21:10:52
E4709,{159},A74,login,2026-02-08 09:28:09.000000,2026-02-09 13:22:14
E4710,{159},A74,feature_call,2026-01-29 18:45:35.000000,2026-01-30 09:04:21
E4711,{159},A74,login,2026-01-27 12:18:40.000000,2026-01-28 18:34:32
E4712,{159},A74,export,2026-02-13 09:09:18.000000,2026-02-13 09:25:27
E4713,{159},A74,api_call,2026-01-23 04:33:34.000000,2026-01-23 08:09:29
E4714,{159},A74,login,2026-02-06 23:03:22.000000,2026-02-08 12:10:32
E4715,{159},A74,login,2026-02-01 19:47:06.000000,2026-02-03 06:03:09
E4716,{159},A74,export,2026-02-03 20:06:56.000000,2026-02-05 19:20:38
E4717,{159},A74,export,2026-01-17 13:34:43.000000,2026-01-18 19:58:25
E4718,{159},A74,export,2026-01-17 21:17:18.000000,2026-01-18 21:01:28
E4719,{159},A74,login,2026-02-02 03:30:41.000000,2026-02-03 15:17:45
E4720,{159},A74,api_call,2026-01-29 21:22:49.000000,2026-01-29 22:58:29
E4721,{160},A74,export,2026-02-05 17:53:05.000000,2026-02-07 08:40:18
E4722,{160},A74,feature_call,2026-02-10 04:57:34.000000,2026-02-11 05:54:42
E4723,{160},A74,feature_call,2026-02-04 18:51:50.000000,2026-02-05 22:44:45
E4724,{160},A74,export,2026-01-24 18:42:08.000000,2026-01-25 09:27:31
E4725,{160},A74,export,2026-02-03 22:01:38.000000,2026-02-05 02:41:40
E4726,{160},A74,feature_call,2026-02-10 13:39:50.000000,2026-02-12 09:24:26
E4727,{160},A74,feature_call,2026-02-01 03:52:52.000000,2026-02-02 03:18:40
E4728,{160},A74,export,2026-01-29 07:11:23.000000,2026-01-29 10:32:33
E4729,{160},A74,feature_call,2026-01-31 19:30:08.000000,2026-02-02 19:17:04
E4730,{160},A74,feature_call,2026-02-11 10:14:21.000000,2026-02-11 23:58:37
E4731,{161},A74,api_call,2026-02-05 09:33:06.000000,2026-02-07 07:15:51
E4732,{161},A74,api_call,2026-02-11 22:15:47.000000,2026-02-13 15:24:41
E4733,{161},A74,feature_call,2026-02-13 23:24:29.000000,2026-02-14 19:17:26
E4734,{161},A74,export,2026-02-06 19:11:24.000000,2026-02-07 04:01:28
E4735,{161},A74,feature_call,2026-01-21 22:04:45.000000,2026-01-22 10:44:55
E4736,{161},A74,feature_call,2026-02-09 19:05:38.000000,2026-02-11 13:34:43
E4737,{161},A74,login,2026-02-04 16:22:39.000000,2026-02-06 03:06:24
E4738,{161},A74,login,2026-02-08 22:36:45.000000,2026-02-10 10:58:06
E4739,{161},A74,login,2026-02-02 22:54:56.000000,2026-02-03 10:48:05
E4740,{161},A74,export,2026-01-28 13:02:18.000000,2026-01-29 08:47:56
E4741,{161},A74,login,2026-02-01 12:56:03.000000,2026-02-03 02:22:13
E4742,{161},A74,api_call,2026-01-28 00:06:21.000000,2026-01-29 22:50:43
E4743,{161},A74,export,2026-02-08 18:37:19.000000,2026-02-09 08:52:53
E4744,{161},A74,login,2026-02-10 17:28:33.000000,2026-02-12 00:50:31
E4745,{161},A74,feature_call,2026-02-13 07:30:40.000000,2026-02-13 15:19:36
E4746,{161},A74,login,2026-01-17 04:36:44.000000,2026-01-17 06:22:21
E4747,{161},A74,login,2026-02-05 03:37:13.000000,2026-02-06 04:27:21
E4748,{161},A74,export,2026-01-22 17:35:10.000000,2026-01-23 08:40:11
E4749,{161},A74,api_call,2026-02-11 04:05:27.000000,2026-02-12 21:37:56
E4750,{161},A74,export,2026-01-22 04:16:43.000000,2026-01-23 08:06:49
E4751,{161},A74,login,2026-02-12 00:15:07.000000,2026-02-12 03:55:23
E4752,{161},A74,api_call,2026-02-07 03:19:14.000000,2026-02-08 15:25:11
E4753,{161},A74,login,2026-02-02 00:29:01.000000,2026-02-03 00:32:20
E4754,{161},A74,login,2026-02-08 17:28:25.000000,2026-02-10 14:30:49
E4755,{161},A74,login,2026-02-11 18:56:50.000000,2026-02-12 22:22:33
E4756,{161},A74,feature_call,2026-01-30 14:04:48.000000,2026-01-31 13:01:09
E4757,{161},A74,api_call,2026-02-11 12:00:00.000000,2026-02-12 19:01:46
E4758,{158},A74,login,2026-02-14 00:00:00.106168,2026-02-14 03:07:15
E4759,{158},A74,feature_call,2026-02-14 00:00:00.815953,2026-02-15 00:49:31
E4760,{158},A74,api_call,2026-02-14 00:00:00.230168,2026-02-15 10:02:39
E4761,{158},A74,export,2026-02-14 00:00:00.894807,2026-02-14 08:07:42
E4762,{158},A74,feature_call,2026-02-14 00:00:00.343810,2026-02-14 17:09:23
E4763,{158},A74,export,2026-02-14 00:00:00.088226,2026-02-14 10:09:16
E4764,{158},A74,login,2026-02-14 00:00:00.087243,2026-02-14 18:46:03
E4765,{158},A74,feature_call,2026-02-14 00:00:00.851304,2026-02-15 04:36:35
E4766,{159},A74,login,2026-02-14 00:00:00.142392,2026-02-15 11:19:56
E4767,{159},A74,export,2026-02-14 00:00:00.957935,2026-02-15 07:28:02
E4768,{159},A74,api_call,2026-02-14 00:00:00.734364,2026-02-14 00:50:58
E4769,{159},A74,api_call,2026-02-14 00:00:00.689037,2026-02-14 05:55:45
E4770,{159},A74,feature_call,2026-02-14 00:00:00.071984,2026-02-14 00:22:36
E4771,{159},A74,api_call,2026-02-14 00:00:00.875026,2026-02-14 06:39:32
E4772,{159},A74,login,2026-02-14 00:00:00.022924,2026-02-15 01:17:01
E4773,{159},A74,api_call,2026-02-14 00:00:00.881335,2026-02-15 03:11:54
E4774,{159},A74,login,2026-02-14 00:00:00.141560,2026-02-14 15:56:12
E4775,{159},A74,export,2026-02-14 00:00:00.300692,2026-02-15 12:12:47
E4776,{159},A74,feature_call,2026-02-14 00:00:00.039970,2026-02-15 04:55:58
E4777,{159},A74,feature_call,2026-02-14 00:00:00.573639,2026-02-14 03:47:58
E4778,{159},A74,feature_call,2026-02-14 00:00:00.884165,2026-02-14 08:29:00
E4779,{159},A74,export,2026-02-14 00:00:00.972005,2026-02-14 11:39:14
E4780,{159},A74,feature_call,2026-02-14 00:00:00.692116,2026-02-15 05:58:45
E4781,{159},A74,api_call,2026-02-14 00:00:00.064567,2026-02-14 22:12:26
E4782,{159},A74,login,2026-02-14 00:00:00.248291,2026-02-14 10:28:15
E4783,{159},A74,api_call,2026-02-14 00:00:00.973351,2026-02-15 20:25:24
E4784,{159},A74,export,2026-02-14 00:00:00.209885,2026-02-14 19:13:26
E4785,{159},A74,feature_call,2026-02-14 00:00:00.256671,2026-02-15 04:56:56
E4786,{159},A74,feature_call,2026-02-14 00:00:00.849695,2026-02-14 14:09:08
E4787,{159},A74,feature_call,2026-02-14 00:00:00.772199,2026-02-15 17:37:25
E4788,{159},A74,feature_call,2026-02-14 00:00:00.100554,2026-02-15 05:41:32
E4789,{159},A74,export,2026-02-14 00:00:00.014118,2026-02-15 06:30:03
E4790,{159},A74,feature_call,2026-02-14 00:00:00.121997,2026-02-15 07:32:44
E4791,{159},A74,login,2026-02-14 00:00:00.337296,2026-02-15 06:03:04
E4792,{159},A74,feature_call,2026-02-14 00:00:00.818381,2026-02-15 17:01:51
E4793,{159},A74,feature_call,2026-02-14 00:00:00.955117,2026-02-15 15:07:51
E4794,{159},A74,feature_call,2026-02-14 00:00:00.172848,2026-02-14 16:59:04
E4795,{159},A74,export,2026-02-14 00:00:00.300024,2026-02-14 19:50:29
E4796,{159},A74,feature_call,2026-02-14 00:00:00.171212,2026-02-15 23:58:01
E4797,{159},A74,login,2026-02-14 00:00:00.783342,2026-02-14 17:03:41
E4798,{159},A74,api_call,2026-02-14 00:00:00.592725,2026-02-14 02:18:07
E4799,{159},A74,login,2026-02-14 00:00:00.841317,2026-02-14 09:58:29
E4800,{159},A74,login,2026-02-14 00:00:00.718104,2026-02-14 09:58:23
E4801,{159},A74,login,2026-02-14 00:00:00.163979,2026-02-15 07:56:44
E4802,{159},A74,login,2026-02-14 00:00:00.140690,2026-02-15 06:08:13
E4803,{159},A74,login,2026-02-14 00:00:00.448456,2026-02-14 13:21:00
E4804,{159},A74,feature_call,2026-02-14 00:00:00.683006,2026-02-14 08:50:00
E4805,{159},A74,export,2026-02-14 00:00:00.822448,2026-02-14 23:07:40
E4806,{159},A74,feature_call,2026-02-14 00:00:00.369524,2026-02-14 17:35:44
E4807,{159},A74,export,2026-02-14 00:00:00.958975,2026-02-15 11:41:57
E4808,{159},A74,api_call,2026-02-14 00:00:00.993074,2026-02-14 12:58:43
E4809,{159},A74,feature_call,2026-02-14 00:00:00.820738,2026-02-15 13:50:31
E4810,{159},A74,login,2026-02-14 00:00:00.580925,2026-02-14 07:05:56
E4811,{159},A74,feature_call,2026-02-14 00:00:00.352847,2026-02-14 13:12:39
E4812,{159},A74,login,2026-02-14 00:00:00.630819,2026-02-15 11:58:04
E4813,{159},A74,api_call,2026-02-14 00:00:00.570200,2026-02-15 06:49:21
E4814,{159},A74,login,2026-02-14 00:00:00.707002,2026-02-15 03:09:55
E4815,{159},A74,export,2026-02-14 00:00:00.396559,2026-02-14 04:15:54
E4816,{159},A74,export,2026-02-14 00:00:00.462717,2026-02-14 13:36:37
E4817,{159},A74,feature_call,2026-02-14 00:00:00.062852,2026-02-15 17:54:29
E4818,{159},A74,login,2026-02-14 00:00:00.920917,2026-02-14 09:25:23
E4819,{159},A74,export,2026-02-14 00:00:00.153770,2026-02-14 02:34:08
E4820,{159},A74,export,2026-02-14 00:00:00.544797,2026-02-15 18:07:22
E4821,{159},A74,export,2026-02-14 00:00:00.402434,2026-02-15 05:38:27
E4822,{159},A74,api_call,2026-02-14 00:00:00.419176,2026-02-15 02:19:41
E4823,{159},A74,feature_call,2026-02-14 00:00:00.084715,2026-02-15 04:26:03
E4824,{159},A74,api_call,2026-02-14 00:00:00.594179,2026-02-15 23:47:26
E4825,{159},A74,feature_call,2026-02-14 00:00:00.392274,2026-02-14 10:58:18
E4826,{159},A74,login,2026-02-14 00:00:00.883184,2026-02-15 17:50:29
E4827,{159},A74,feature_call,2026-02-14 00:00:00.516213,2026-02-14 03:53:03
E4828,{159},A74,login,2026-02-14 00:00:00.179478,2026-02-14 13:12:05
E4829,{159},A74,login,2026-02-14 00:00:00.101823,2026-02-15 01:06:57
E4830,{159},A74,export,2026-02-14 00:00:00.565305,2026-02-14 01:59:10
E4831,{159},A74,export,2026-02-14 00:00:00.511011,2026-02-14 05:07:59
E4832,{159},A74,api_call,2026-02-14 00:00:00.918451,2026-02-15 11:09:34
E4833,{159},A74,feature_call,2026-02-14 00:00:00.201022,2026-02-14 23:39:03
E4834,{159},A74,feature_call,2026-02-14 00:00:00.563056,2026-02-15 03:10:31
E4835,{159},A74,login,2026-02-14 00:00:00.147860,2026-02-15 18:59:24
E4836,{159},A74,export,2026-02-14 00:00:00.603547,2026-02-14 05:26:26
E4837,{159},A74,api_call,2026-02-14 00:00:00.142278,2026-02-14 16:16:00
E4838,{160},A74,export,2026-02-14 00:00:00.816372,2026-02-14 08:39:47
E4839,{160},A74,feature_call,2026-02-14 00:00:00.265957,2026-02-15 18:14:42
E4840,{160},A74,api_call,2026-02-14 00:00:00.498712,2026-02-15 13:46:49
E4841,{160},A74,feature_call,2026-02-14 00:00:00.047398,2026-02-15 02:48:58
E4842,{160},A74,export,2026-02-14 00:00:00.845542,2026-02-15 23:40:08
E4843,{160},A74,feature_call,2026-02-14 00:00:00.330428,2026-02-14 14:54:09
E4844,{160},A74,login,2026-02-14 00:00:00.904404,2026-02-14 21:20:11
E4845,{160},A74,export,2026-02-14 00:00:00.180227,2026-02-15 07:04:23
E4846,{160},A74,login,2026-02-14 00:00:00.716422,2026-02-15 11:51:49
E4847,{160},A74,api_call,2026-02-14 00:00:00.813321,2026-02-15 15:20:16
E4848,{160},A74,login,2026-02-14 00:00:00.570791,2026-02-14 05:42:51
E4849,{160},A74,api_call,2026-02-14 00:00:00.401018,2026-02-14 18:08:38
E4850,{160},A74,feature_call,2026-02-14 00:00:00.823399,2026-02-14 12:57:04
E4851,{160},A74,api_call,2026-02-14 00:00:00.784302,2026-02-14 06:56:50
E4852,{160},A74,login,2026-02-14 00:00:00.774157,2026-02-14 11:41:05
E4853,{160},A74,export,2026-02-14 00:00:00.810158,2026-02-14 14:12:45
E4854,{160},A74,login,2026-02-14 00:00:00.240228,2026-02-15 01:18:19
E4855,{160},A74,export,2026-02-14 00:00:00.656080,2026-02-15 08:13:17
E4856,{160},A74,login,2026-02-14 00:00:00.943490,2026-02-14 13:15:46
E4857,{160},A74,login,2026-02-14 00:00:00.687713,2026-02-14 21:39:01
E4858,{160},A74,api_call,2026-02-14 00:00:00.478552,2026-02-14 17:20:58
E4859,{160},A74,export,2026-02-14 00:00:00.648432,2026-02-14 20:41:58
E4860,{160},A74,feature_call,2026-02-14 00:00:00.760712,2026-02-15 15:32:04
E4861,{160},A74,export,2026-02-14 00:00:00.507182,2026-02-15 04:25:06
E4862,{160},A74,api_call,2026-02-14 00:00:00.724302,2026-02-15 13:34:33
E4863,{160},A74,export,2026-02-14 00:00:00.470459,2026-02-15 16:34:22
E4864,{160},A74,api_call,2026-02-14 00:00:00.768680,2026-02-14 15:04:19
E4865,{160},A74,login,2026-02-14 00:00:00.792056,2026-02-14 12:06:28
E4866,{160},A74,login,2026-02-14 00:00:00.172631,2026-02-15 16:20:31
E4867,{160},A74,api_call,2026-02-14 00:00:00.615100,2026-02-15 16:34:02
E4868,{160},A74,login,2026-02-14 00:00:00.639473,2026-02-15 23:52:01
E4869,{160},A74,feature_call,2026-02-14 00:00:00.766790,2026-02-15 11:12:09
E4870,{160},A74,export,2026-02-14 00:00:00.973558,2026-02-15 06:05:04
E4871,{160},A74,api_call,2026-02-14 00:00:00.928478,2026-02-15 21:46:27
E4872,{160},A74,feature_call,2026-02-14 00:00:00.849254,2026-02-14 00:53:24
E4873,{160},A74,feature_call,2026-02-14 00:00:00.286055,2026-02-14 09:23:13
E4874,{160},A74,feature_call,2026-02-14 00:00:00.012494,2026-02-14 06:34:24
E4875,{160},A74,export,2026-02-14 00:00:00.963562,2026-02-14 10:18:24
E4876,{161},A74,login,2026-02-14 00:00:00.465173,2026-02-14 19:02:09
E4877,{161},A74,feature_call,2026-02-14 00:00:00.361376,2026-02-14 14:16:28
E4878,{161},A74,feature_call,2026-02-14 00:00:00.181400,2026-02-15 10:00:05
E4879,{161},A74,api_call,2026-02-14 00:00:00.815858,2026-02-14 01:47:16
E4880,{161},A74,login,2026-02-14 00:00:00.638702,2026-02-14 01:31:15
E4881,{161},A74,login,2026-02-14 00:00:00.197405,2026-02-14 19:09:01
E4882,{161},A74,api_call,2026-02-14 00:00:00.829980,2026-02-14 00:35:18
E4883,{161},A74,api_call,2026-02-14 00:00:00.240628,2026-02-15 08:27:23
E4884,{161},A74,login,2026-02-14 00:00:00.690619,2026-02-14 12:15:40
E4885,{161},A74,export,2026-02-14 00:00:00.141703,2026-02-14 10:02:32
E4886,{161},A74,login,2026-02-14 00:00:00.754585,2026-02-14 11:43:50
E4887,{161},A74,api_call,2026-02-14 00:00:00.826535,2026-02-14 14:08:22
E4888,{161},A74,feature_call,2026-02-14 00:00:00.181408,2026-02-14 04:13:33
E4889,{161},A74,login,2026-02-14 00:00:00.028439,2026-02-15 03:42:57
E4890,{161},A74,export,2026-02-14 00:00:00.485008,2026-02-15 14:36:55
E4891,{161},A74,feature_call,2026-02-14 00:00:00.876649,2026-02-14 02:41:27
E4892,{161},A74,login,2026-02-14 00:00:00.877736,2026-02-15 10:01:24
E4893,{161},A74,login,2026-02-14 00:00:00.543280,2026-02-14 12:34:00
E4894,{161},A74,login,2026-02-14 00:00:00.406713,2026-02-14 22:07:12
E4895,{161},A74,feature_call,2026-02-14 00:00:00.317834,2026-02-15 23:58:56
E4896,{161},A74,login,2026-02-14 00:00:00.137235,2026-02-15 00:52:16
E4897,{161},A74,feature_call,2026-02-14 00:00:00.182755,2026-02-15 16:48:17
E4898,{161},A74,export,2026-02-14 00:00:00.225997,2026-02-14 21:06:44
E4899,{161},A74,feature_call,2026-02-14 00:00:00.741756,2026-02-14 20:39:43
E4900,{161},A74,login,2026-02-14 00:00:00.543701,2026-02-15 19:19:59
E4901,{161},A74,api_call,2026-02-14 00:00:00.015157,2026-02-14 12:29:12
E4902,{161},A74,api_call,2026-02-14 00:00:00.974545,2026-02-15 22:04:09
E4903,{161},A74,login,2026-02-14 00:00:00.758622,2026-02-15 17:01:03
E4904,{161},A74,login,2026-02-14 00:00:00.315745,2026-02-14 21:17:38
E4905,{161},A74,export,2026-02-14 00:00:00.035480,2026-02-15 01:31:56
E4906,{161},A74,export,2026-02-14 00:00:00.918448,2026-02-14 07:46:51
E4907,{161},A74,export,2026-02-14 00:00:00.783713,2026-02-15 16:27:28
E4908,{161},A74,api_call,2026-02-14 00:00:00.512100,2026-02-15 14:18:36
E4909,{161},A74,login,2026-02-14 00:00:00.763790,2026-02-14 03:46:54
E4910,{161},A74,login,2026-02-14 00:00:00.308769,2026-02-15 04:18:47
E4911,{161},A74,export,2026-02-14 00:00:00.402646,2026-02-14 16:02:13
E4912,{161},A74,export,2026-02-14 00:00:00.152412,2026-02-14 04:44:38
E4913,{161},A74,login,2026-02-14 00:00:00.783552,2026-02-15 21:25:08
E4914,{161},A74,export,2026-02-14 00:00:00.014679,2026-02-14 17:25:01
E4915,{161},A74,feature_call,2026-02-14 00:00:00.208898,2026-02-14 05:12:14
E4916,{161},A74,api_call,2026-02-14 00:00:00.000149,2026-02-15 18:30:27
E4917,{161},A74,feature_call,2026-02-14 00:00:00.874656,2026-02-14 05:48:51
E4918,{161},A74,api_call,2026-02-14 00:00:00.491173,2026-02-14 12:15:53
E4919,{161},A74,api_call,2026-02-14 00:00:00.912669,2026-02-14 21:00:39
E4920,{161},A74,login,2026-02-14 00:00:00.012298,2026-02-14 15:44:28
E4921,{161},A74,feature_call,2026-02-14 00:00:00.861591,2026-02-14 06:15:02
E4922,{161},A74,api_call,2026-02-14 00:00:00.563956,2026-02-15 10:10:23
E4923,{161},A74,feature_call,2026-02-14 00:00:00.895647,2026-02-14 05:46:18
E4924,{161},A74,feature_call,2026-02-14 00:00:00.170073,2026-02-15 20:45:25
E4925,{161},A74,login,2026-02-14 00:00:00.573355,2026-02-14 23:37:36
E4926,{161},A74,api_call,2026-02-14 00:00:00.114728,2026-02-15 23:46:18
E4927,{161},A74,login,2026-02-14 00:00:00.578904,2026-02-15 05:45:16
E4928,{161},A74,feature_call,2026-02-14 00:00:00.741646,2026-02-15 15:43:35
E4929,{161},A74,api_call,2026-02-14 00:00:00.293293,2026-02-14 12:18:04
E4930,{161},A74,export,2026-02-14 00:00:00.861244,2026-02-14 03:19:47
E4931,{161},A74,export,2026-02-14 00:00:00.185838,2026-02-14 02:29:56
E4932,{161},A74,api_call,2026-02-14 00:00:00.520680,2026-02-15 14:52:25
E4933,{161},A74,export,2026-02-14 00:00:00.127058,2026-02-15 12:31:01
E4934,{161},A74,login,2026-02-14 00:00:00.264841,2026-02-14 12:05:01
E4935,{161},A74,login,2026-02-14 00:00:00.522634,2026-02-14 14:18:27
E4936,{162},A75,feature_call,2025-05-02 04:06:11.000000,2025-05-02 22:28:57
E4937,{162},A75,export,2025-03-31 16:59:32.000000,2025-04-01 22:03:27
E4938,{162},A75,export,2025-06-04 09:49:16.000000,2025-06-05 16:28:07
E4939,{162},A75,login,2025-03-25 18:32:44.000000,2025-03-27 09:54:26
E4940,{162},A75,api_call,2025-03-11 19:17:42.000000,2025-03-13 12:35:01
E4941,{162},A75,export,2025-05-11 01:49:38.000000,2025-05-12 11:04:47
E4942,{162},A75,export,2025-04-28 21:40:13.000000,2025-04-30 17:45:19
E4943,{162},A75,export,2025-03-23 17:00:44.000000,2025-03-25 12:23:29
E4944,{162},A75,feature_call,2025-03-11 18:24:25.000000,2025-03-13 06:00:20
E4945,{162},A75,export,2025-03-20 01:57:24.000000,2025-03-20 05:20:46
E4946,{162},A75,api_call,2025-04-02 20:22:25.000000,2025-04-03 01:58:45
E4947,{162},A75,login,2025-04-19 08:27:43.000000,2025-04-20 17:43:38
E4948,{162},A75,feature_call,2025-03-14 20:37:02.000000,2025-03-15 14:26:36
E4949,{162},A75,feature_call,2025-05-07 05:20:42.000000,2025-05-07 20:49:25
E4950,{162},A75,login,2025-06-03 13:45:42.000000,2025-06-05 12:08:16
E4951,{162},A75,api_call,2025-04-08 01:40:52.000000,2025-04-09 10:28:40
E4952,{162},A75,api_call,2025-03-23 14:07:33.000000,2025-03-24 17:41:09
E4953,{162},A75,feature_call,2025-05-06 12:00:53.000000,2025-05-07 19:09:15
E4954,{162},A75,feature_call,2025-05-09 06:43:52.000000,2025-05-11 05:13:10
E4955,{162},A75,feature_call,2025-05-28 04:53:14.000000,2025-05-29 13:26:02
E4956,{162},A75,api_call,2025-06-02 00:00:24.000000,2025-06-03 05:20:55
E4957,{162},A75,login,2025-03-25 22:11:35.000000,2025-03-26 07:19:25
E4958,{162},A75,export,2025-03-11 00:32:09.000000,2025-03-12 02:43:05
E4959,{162},A75,feature_call,2025-05-29 17:25:55.000000,2025-05-30 00:54:49
E4960,{162},A75,feature_call,2025-03-12 19:29:34.000000,2025-03-13 21:32:35
E4961,{162},A75,feature_call,2025-04-23 04:56:05.000000,2025-04-24 23:53:04
E4962,{162},A75,export,2025-03-29 20:11:55.000000,2025-03-30 08:18:52
E4963,{162},A75,export,2025-04-15 10:08:19.000000,2025-04-17 04:34:09
E4964,{162},A75,login,2025-05-30 23:51:37.000000,2025-05-31 20:07:46
E4965,{162},A75,api_call,2025-06-22 07:17:00.000000,2025-06-22 20:43:59
E4966,{162},A75,feature_call,2025-06-22 01:54:49.000000,2025-06-22 02:23:24
E4967,{162},A75,api_call,2025-07-07 15:52:28.000000,2025-07-09 11:57:38
E4968,{162},A75,feature_call,2025-07-10 10:26:48.000000,2025-07-11 11:08:14
E4969,{162},A75,export,2025-09-10 11:49:24.000000,2025-09-10 15:52:58
E4970,{162},A75,api_call,2025-11-13 02:34:15.000000,2025-11-14 08:52:23
E4971,{162},A75,login,2025-12-17 08:37:53.000000,2025-12-18 01:00:52
E4972,{162},A75,feature_call,2025-12-18 04:39:24.000000,2025-12-20 04:20:52
E4973,{162},A75,api_call,2025-11-12 15:39:26.000000,2025-11-13 15:03:46
E4974,{162},A75,login,2025-08-20 23:03:22.000000,2025-08-21 06:20:48
E4975,{162},A75,export,2025-08-21 00:25:44.000000,2025-08-21 09:26:01
E4976,{162},A75,feature_call,2025-11-18 12:18:29.000000,2025-11-19 12:05:27
E4977,{163},A76,login,2025-08-03 20:14:46.000000,2025-08-05 20:10:08
E4978,{163},A76,login,2025-11-01 00:23:46.000000,2025-11-01 06:17:15
E4979,{163},A76,login,2025-12-31 09:50:20.000000,2025-12-31 21:55:33
E4980,{163},A76,login,2025-04-17 01:40:22.000000,2025-04-17 23:48:08
E4981,{163},A76,api_call,2026-01-11 02:10:58.000000,2026-01-12 06:27:35
E4982,{163},A76,api_call,2025-10-01 17:56:53.000000,2025-10-01 23:19:32
E4983,{163},A76,feature_call,2025-09-12 15:38:01.000000,2025-09-13 23:15:25
E4984,{163},A76,export,2025-09-20 19:06:30.000000,2025-09-21 08:35:47
E4985,{163},A76,export,2025-09-25 08:01:46.000000,2025-09-26 18:24:52
E4986,{163},A76,feature_call,2025-10-04 08:22:51.000000,2025-10-06 02:07:19
E4987,{163},A76,feature_call,2025-09-07 04:57:42.000000,2025-09-07 20:59:17
E4988,{163},A76,export,2025-09-20 04:12:56.000000,2025-09-21 03:37:15
E4989,{163},A76,export,2025-09-06 00:26:27.000000,2025-09-06 16:06:09
E4990,{163},A76,feature_call,2025-10-03 12:01:26.000000,2025-10-03 19:05:36
E4991,{163},A76,login,2025-10-12 00:43:37.000000,2025-10-12 22:00:43
E4992,{163},A76,login,2025-09-10 19:57:51.000000,2025-09-11 07:51:17
E4993,{163},A76,export,2025-09-07 09:31:33.000000,2025-09-07 21:13:42
E4994,{163},A76,feature_call,2025-09-26 19:44:14.000000,2025-09-26 21:52:46
E4995,{163},A76,login,2025-10-04 20:59:59.000000,2025-10-06 17:31:51
E4996,{163},A76,login,2025-10-23 12:05:25.000000,2025-10-24 22:44:27
E4997,{164},A77,feature_call,2025-05-14 20:13:41.000000,2025-05-16 17:11:04
E4998,{164},A77,login,2025-02-25 23:48:02.000000,2025-02-27 12:09:04
E4999,{164},A77,feature_call,2025-08-02 12:43:05.000000,2025-08-03 19:54:48
E5000,{164},A77,api_call,2025-06-07 23:36:45.000000,2025-06-08 09:17:59
E5001,{164},A77,export,2025-09-01 00:00:49.000000,2025-09-02 11:31:57
E5002,{164},A77,export,2025-05-15 17:41:32.000000,2025-05-15 19:31:26
E5003,{164},A77,feature_call,2025-11-10 11:14:25.000000,2025-11-11 00:57:31
E5004,{164},A77,login,2025-09-12 08:28:08.000000,2025-09-13 20:03:47
E5005,{164},A77,export,2025-05-14 17:16:40.000000,2025-05-15 22:27:37
E5006,{164},A77,api_call,2025-02-14 21:25:46.000000,2025-02-16 05:43:34
E5007,{164},A77,login,2025-05-27 22:14:36.000000,2025-05-29 01:00:06
E5008,{164},A77,login,2025-07-02 02:54:51.000000,2025-07-03 15:18:04
E5009,{164},A77,export,2025-03-04 11:26:50.000000,2025-03-05 05:29:57
E5010,{164},A77,login,2025-03-31 22:42:03.000000,2025-04-01 13:36:21
E5011,{164},A77,login,2025-12-14 18:15:41.000000,2025-12-15 10:19:04
E5012,{164},A77,export,2025-04-02 22:20:34.000000,2025-04-03 12:04:50
E5013,{164},A77,feature_call,2025-03-03 13:21:43.000000,2025-03-05 02:54:42
E5014,{164},A77,api_call,2025-04-18 18:22:24.000000,2025-04-20 00:52:57
E5015,{164},A77,export,2025-06-03 23:32:42.000000,2025-06-04 05:53:08
E5016,{164},A77,login,2025-02-11 04:49:38.000000,2025-02-11 23:32:51
E5017,{164},A77,login,2025-11-08 09:49:32.000000,2025-11-10 06:19:57
E5018,{164},A77,feature_call,2025-11-02 12:08:21.000000,2025-11-02 17:07:30
E5019,{164},A77,feature_call,2025-12-26 09:51:34.000000,2025-12-26 13:04:07
E5020,{164},A77,api_call,2025-07-05 13:29:01.000000,2025-07-07 12:51:01
E5021,{164},A77,login,2025-03-15 15:06:40.000000,2025-03-16 11:13:44
E5022,{164},A77,feature_call,2025-08-29 21:42:44.000000,2025-08-31 14:44:57
E5023,{164},A77,export,2025-08-04 17:11:55.000000,2025-08-05 06:21:18
E5024,{164},A77,api_call,2025-07-05 02:02:46.000000,2025-07-05 16:13:40
E5025,{164},A77,login,2025-08-17 22:39:37.000000,2025-08-19 07:17:45
E5026,{165},A77,export,2025-07-28 10:52:01.000000,2025-07-28 21:29:07
E5027,{165},A77,feature_call,2025-07-13 15:08:06.000000,2025-07-15 00:39:29
E5028,{165},A77,login,2025-07-31 00:50:13.000000,2025-07-31 04:17:09
E5029,{165},A77,export,2025-08-05 10:04:19.000000,2025-08-07 08:44:04
E5030,{165},A77,api_call,2025-08-29 06:57:48.000000,2025-08-29 18:26:00
E5031,{165},A77,login,2025-07-18 17:43:42.000000,2025-07-19 11:02:55
E5032,{166},A78,login,2025-11-09 16:20:19.000000,2025-11-10 17:43:29
E5033,{166},A78,feature_call,2025-10-09 20:36:07.000000,2025-10-11 05:42:13
E5034,{166},A78,feature_call,2025-10-03 02:44:36.000000,2025-10-03 16:14:35
E5035,{166},A78,export,2025-07-03 17:59:18.000000,2025-07-04 00:21:02
E5036,{166},A78,api_call,2025-11-22 22:40:41.000000,2025-11-23 07:42:37
E5037,{166},A78,api_call,2025-07-21 00:53:14.000000,2025-07-22 23:01:56
E5038,{167},A78,api_call,2025-11-07 09:48:08.000000,2025-11-09 06:19:29
E5039,{167},A78,feature_call,2025-09-21 08:28:53.000000,2025-09-21 21:27:29
E5040,{167},A78,feature_call,2025-09-02 05:00:42.000000,2025-09-03 17:45:37
E5041,{169},A79,feature_call,2025-08-14 18:22:49.000000,2025-08-14 19:24:27
E5042,{169},A79,api_call,2025-04-05 12:55:01.000000,2025-04-07 01:16:40
E5043,{169},A79,export,2025-02-27 08:32:54.000000,2025-02-28 19:45:20
E5044,{169},A79,feature_call,2025-08-08 07:39:46.000000,2025-08-09 18:47:53
E5045,{169},A79,api_call,2025-10-14 23:08:31.000000,2025-10-15 15:21:29
E5046,{169},A79,login,2025-10-07 06:06:33.000000,2025-10-07 13:32:13
E5047,{169},A79,login,2025-10-18 00:38:05.000000,2025-10-18 10:33:39
E5048,{169},A79,login,2025-11-05 23:33:41.000000,2025-11-06 18:23:54
E5049,{169},A79,feature_call,2025-08-31 19:25:16.000000,2025-09-02 02:26:17
E5050,{170},A79,export,2025-12-28 15:08:47.000000,2025-12-30 10:35:55
E5051,{170},A79,login,2025-05-14 18:37:44.000000,2025-05-16 07:09:46
E5052,{170},A79,api_call,2025-03-09 18:27:18.000000,2025-03-10 13:29:36
E5053,{170},A79,export,2025-11-01 17:20:12.000000,2025-11-03 10:48:54
E5054,{170},A79,login,2025-07-04 14:57:07.000000,2025-07-05 10:09:42
E5055,{170},A79,login,2025-05-02 21:10:32.000000,2025-05-04 05:56:23
E5056,{170},A79,api_call,2025-06-22 02:20:54.000000,2025-06-23 01:08:09
E5057,{170},A79,feature_call,2025-03-10 21:22:14.000000,2025-03-12 05:19:02
E5058,{170},A79,export,2025-10-23 21:43:27.000000,2025-10-25 14:17:23
E5059,{170},A79,feature_call,2025-12-21 12:01:19.000000,2025-12-22 08:33:05
E5060,{170},A79,login,2025-03-22 07:53:21.000000,2025-03-23 14:08:47
E5061,{170},A79,login,2025-07-17 08:21:00.000000,2025-07-17 10:38:49
E5062,{170},A79,api_call,2025-05-15 22:07:34.000000,2025-05-16 19:40:36
E5063,{170},A79,login,2025-12-15 18:58:58.000000,2025-12-17 11:29:21
E5064,{170},A79,export,2025-11-25 12:50:46.000000,2025-11-26 21:49:39
E5065,{170},A79,login,2025-12-19 05:41:30.000000,2025-12-20 20:47:56
E5066,{170},A79,login,2025-04-24 11:45:50.000000,2025-04-24 14:02:24
E5067,{170},A79,feature_call,2025-04-08 12:19:00.000000,2025-04-09 16:47:12
E5068,{170},A79,api_call,2025-12-01 08:10:40.000000,2025-12-02 00:37:20
E5069,{170},A79,login,2025-05-26 16:14:07.000000,2025-05-27 05:04:16
E5070,{170},A79,export,2025-05-27 12:36:17.000000,2025-05-27 21:42:57
E5071,{170},A79,api_call,2025-03-15 04:02:21.000000,2025-03-16 23:47:22
E5072,{170},A79,export,2025-07-07 00:31:45.000000,2025-07-08 00:33:34
E5073,{170},A79,api_call,2025-12-28 13:24:16.000000,2025-12-29 06:31:38
E5074,{170},A79,api_call,2025-05-09 21:23:34.000000,2025-05-10 13:43:51
E5075,{170},A79,api_call,2025-06-22 06:10:30.000000,2025-06-22 21:56:57
E5076,{170},A79,feature_call,2026-01-06 00:38:50.000000,2026-01-06 00:48:31
E5077,{170},A79,login,2025-08-21 06:54:35.000000,2025-08-21 21:06:45
E5078,{170},A79,export,2025-10-28 07:52:08.000000,2025-10-30 06:47:39
E5079,{170},A79,login,2025-09-17 00:39:26.000000,2025-09-18 20:05:31
E5080,{170},A79,login,2025-06-24 21:18:00.000000,2025-06-26 13:18:24
E5081,{170},A79,feature_call,2025-12-17 03:36:47.000000,2025-12-18 11:03:33
E5082,{170},A79,login,2025-08-21 08:28:55.000000,2025-08-21 17:31:48
E5083,{170},A79,api_call,2025-05-13 17:22:22.000000,2025-05-14 18:43:14
E5084,{170},A79,feature_call,2025-05-23 08:37:29.000000,2025-05-24 19:44:21
E5085,{171},A79,login,2025-10-11 18:59:04.000000,2025-10-13 00:35:21
E5086,{171},A79,feature_call,2025-06-20 02:30:55.000000,2025-06-20 15:17:55
E5087,{171},A79,login,2025-03-02 22:54:45.000000,2025-03-03 07:44:16
E5088,{171},A79,api_call,2025-10-24 19:07:50.000000,2025-10-24 22:40:50
E5089,{171},A79,export,2025-05-17 01:51:33.000000,2025-05-18 10:49:07
E5090,{171},A79,feature_call,2025-05-11 14:56:17.000000,2025-05-13 00:30:31
E5091,{171},A79,api_call,2025-09-17 18:30:13.000000,2025-09-19 06:56:06
E5092,{171},A79,feature_call,2026-01-14 04:10:06.000000,2026-01-14 17:35:20
E5093,{171},A79,api_call,2025-09-25 14:09:14.000000,2025-09-27 10:55:36
E5094,{171},A79,api_call,2025-09-26 06:30:22.000000,2025-09-26 22:32:42
E5095,{171},A79,login,2025-04-24 05:39:19.000000,2025-04-24 17:32:24
E5096,{172},A79,api_call,2025-04-05 16:07:22.000000,2025-04-07 07:17:17
E5097,{172},A79,login,2025-04-12 16:06:08.000000,2025-04-14 06:06:10
E5098,{172},A79,api_call,2025-02-24 16:40:05.000000,2025-02-25 01:46:25
E5099,{172},A79,login,2025-10-25 11:26:32.000000,2025-10-26 15:24:05
E5100,{172},A79,login,2025-04-15 19:52:45.000000,2025-04-17 13:36:05
E5101,{172},A79,api_call,2025-04-01 14:11:06.000000,2025-04-02 01:40:14
E5102,{172},A79,login,2025-07-03 17:09:56.000000,2025-07-05 13:07:28
E5103,{172},A79,feature_call,2025-07-09 04:26:09.000000,2025-07-10 11:16:31
E5104,{172},A79,api_call,2025-06-27 02:31:46.000000,2025-06-27 10:21:39
E5105,{172},A79,feature_call,2025-04-11 05:38:27.000000,2025-04-13 02:02:06
E5106,{172},A79,feature_call,2025-03-17 01:38:37.000000,2025-03-18 03:49:44
E5107,{172},A79,feature_call,2025-11-18 18:19:46.000000,2025-11-19 03:52:34
E5108,{172},A79,login,2025-07-30 23:48:20.000000,2025-07-31 21:50:45
E5109,{172},A79,feature_call,2025-11-20 02:00:01.000000,2025-11-20 09:50:01
E5110,{172},A79,feature_call,2025-05-16 15:35:53.000000,2025-05-18 08:46:01
E5111,{172},A79,export,2025-06-06 13:12:24.000000,2025-06-07 06:57:11
E5112,{172},A79,login,2026-01-17 00:46:17.000000,2026-01-17 02:20:59
E5113,{172},A79,login,2025-02-13 07:50:13.000000,2025-02-13 15:45:21
E5114,{172},A79,login,2025-12-26 10:20:40.000000,2025-12-26 16:34:17
E5115,{172},A79,feature_call,2025-04-09 14:22:44.000000,2025-04-10 00:57:32
E5116,{172},A79,login,2025-11-25 23:47:20.000000,2025-11-27 19:09:57
E5117,{172},A79,export,2025-09-11 21:48:37.000000,2025-09-12 12:32:01
E5118,{172},A79,export,2025-07-14 05:08:16.000000,2025-07-15 19:17:39
E5119,{172},A79,feature_call,2025-07-09 14:42:45.000000,2025-07-09 20:36:45
E5120,{172},A79,api_call,2025-04-23 21:19:31.000000,2025-04-25 06:31:45
E5121,{172},A79,export,2025-04-15 22:19:56.000000,2025-04-17 13:03:04
E5122,{172},A79,feature_call,2025-06-02 02:59:25.000000,2025-06-03 18:24:56
E5123,{172},A79,feature_call,2025-05-06 19:43:22.000000,2025-05-07 01:10:08
E5124,{172},A79,export,2025-12-19 18:42:55.000000,2025-12-21 14:43:27
E5125,{172},A79,export,2025-05-16 01:23:14.000000,2025-05-17 03:50:39
E5126,{172},A79,export,2025-11-18 23:31:47.000000,2025-11-19 11:29:07
E5127,{172},A79,export,2025-12-26 08:04:52.000000,2025-12-26 09:39:55
E5128,{169},A79,export,2025-08-24 12:58:08.000000,2025-08-25 15:56:02
E5129,{169},A79,api_call,2025-09-17 08:38:25.000000,2025-09-17 23:13:46
E5130,{169},A79,api_call,2025-09-04 02:42:08.000000,2025-09-04 14:11:11
E5131,{169},A79,login,2025-09-04 19:26:23.000000,2025-09-05 22:52:57
E5132,{169},A79,feature_call,2025-09-09 05:16:08.000000,2025-09-10 11:17:00
E5133,{169},A79,api_call,2025-08-28 21:55:00.000000,2025-08-29 14:15:03
E5134,{169},A79,login,2025-09-10 00:47:56.000000,2025-09-11 18:41:49
E5135,{169},A79,export,2025-08-25 02:50:58.000000,2025-08-25 08:29:32
E5136,{169},A79,export,2025-09-05 15:40:17.000000,2025-09-06 06:07:20
E5137,{169},A79,api_call,2025-09-04 07:42:47.000000,2025-09-05 01:27:39
E5138,{169},A79,feature_call,2025-09-08 09:47:38.000000,2025-09-08 20:38:21
E5139,{169},A79,export,2025-08-31 02:33:44.000000,2025-08-31 16:33:07
E5140,{169},A79,export,2025-09-10 06:52:53.000000,2025-09-11 15:22:44
E5141,{169},A79,api_call,2025-09-13 10:44:14.000000,2025-09-15 07:56:07
E5142,{169},A79,feature_call,2025-09-18 18:04:55.000000,2025-09-19 13:35:36
E5143,{169},A79,login,2025-08-26 23:27:24.000000,2025-08-28 22:36:27
E5144,{169},A79,login,2025-09-13 15:00:05.000000,2025-09-14 16:17:44
E5145,{169},A79,api_call,2025-08-24 10:23:19.000000,2025-08-25 21:50:29
E5146,{169},A79,export,2025-08-31 20:21:53.000000,2025-09-01 12:57:15
E5147,{169},A79,api_call,2025-08-31 21:14:56.000000,2025-09-02 08:54:02
E5148,{169},A79,export,2025-08-26 20:34:08.000000,2025-08-28 11:48:42
E5149,{169},A79,login,2025-09-17 09:33:44.000000,2025-09-18 10:56:57
E5150,{169},A79,login,2025-09-09 12:04:57.000000,2025-09-09 12:32:11
E5151,{169},A79,feature_call,2025-08-31 23:06:56.000000,2025-09-01 09:26:47
E5152,{169},A79,login,2025-08-24 10:28:40.000000,2025-08-24 14:25:47
E5153,{169},A79,api_call,2025-08-30 19:07:08.000000,2025-08-31 07:28:27
E5154,{169},A79,api_call,2025-09-12 00:07:41.000000,2025-09-12 07:27:08
E5155,{169},A79,feature_call,2025-09-17 05:33:42.000000,2025-09-18 01:45:15
E5156,{169},A79,api_call,2025-09-12 01:16:10.000000,2025-09-12 19:39:30
E5157,{169},A79,export,2025-09-19 07:53:11.000000,2025-09-19 11:23:21
E5158,{169},A79,feature_call,2025-09-16 20:59:53.000000,2025-09-18 15:05:36
E5159,{169},A79,login,2025-09-06 00:46:07.000000,2025-09-06 01:17:21
E5160,{169},A79,export,2025-08-27 05:28:40.000000,2025-08-28 16:20:21
E5161,{169},A79,login,2025-09-11 19:29:08.000000,2025-09-13 12:46:02
E5162,{170},A79,login,2025-09-06 08:24:19.000000,2025-09-07 19:50:55
E5163,{170},A79,api_call,2025-09-10 10:31:12.000000,2025-09-10 23:44:02
E5164,{170},A79,export,2025-09-18 22:32:43.000000,2025-09-20 00:43:19
E5165,{170},A79,login,2025-08-23 05:35:12.000000,2025-08-24 20:53:24
E5166,{170},A79,export,2025-09-18 05:06:17.000000,2025-09-18 10:17:00
E5167,{170},A79,feature_call,2025-09-10 20:58:26.000000,2025-09-10 23:57:01
E5168,{170},A79,export,2025-09-11 20:16:36.000000,2025-09-12 10:58:04
E5169,{170},A79,api_call,2025-08-28 04:27:42.000000,2025-08-29 05:04:50
E5170,{170},A79,api_call,2025-09-01 17:42:07.000000,2025-09-03 04:24:25
E5171,{170},A79,login,2025-09-19 05:52:04.000000,2025-09-19 20:01:49
E5172,{170},A79,export,2025-09-17 03:34:31.000000,2025-09-17 05:36:59
E5173,{170},A79,export,2025-08-27 15:42:01.000000,2025-08-28 15:14:35
E5174,{170},A79,api_call,2025-09-02 04:25:35.000000,2025-09-02 14:39:16
E5175,{170},A79,export,2025-09-05 12:36:52.000000,2025-09-06 01:18:40
E5176,{170},A79,login,2025-09-01 22:56:01.000000,2025-09-02 06:40:21
E5177,{170},A79,login,2025-08-23 00:45:28.000000,2025-08-24 21:25:30
E5178,{170},A79,api_call,2025-09-18 23:41:13.000000,2025-09-19 19:57:41
E5179,{170},A79,api_call,2025-09-09 07:22:14.000000,2025-09-09 11:02:49
E5180,{170},A79,export,2025-09-06 10:46:18.000000,2025-09-07 15:49:18
E5181,{170},A79,feature_call,2025-09-14 17:42:36.000000,2025-09-15 05:58:53
E5182,{170},A79,login,2025-09-04 10:29:41.000000,2025-09-06 05:05:09
E5183,{171},A79,login,2025-09-06 07:33:46.000000,2025-09-07 09:53:12
E5184,{171},A79,api_call,2025-09-10 11:02:23.000000,2025-09-11 12:32:08
E5185,{171},A79,api_call,2025-08-22 23:28:43.000000,2025-08-24 14:58:24
E5186,{171},A79,feature_call,2025-08-23 21:04:34.000000,2025-08-24 04:49:01
E5187,{171},A79,api_call,2025-09-11 00:26:49.000000,2025-09-11 08:14:52
E5188,{171},A79,api_call,2025-08-29 16:34:49.000000,2025-08-31 15:00:04
E5189,{171},A79,login,2025-09-16 04:04:02.000000,2025-09-17 21:19:09
E5190,{171},A79,api_call,2025-09-02 07:21:52.000000,2025-09-03 00:28:50
E5191,{171},A79,export,2025-08-29 18:26:28.000000,2025-08-30 09:30:32
E5192,{171},A79,api_call,2025-09-19 06:24:06.000000,2025-09-21 03:44:40
E5193,{171},A79,login,2025-08-25 06:27:04.000000,2025-08-25 18:50:18
E5194,{171},A79,api_call,2025-08-28 22:58:26.000000,2025-08-30 03:54:42
E5195,{171},A79,api_call,2025-09-04 05:39:35.000000,2025-09-05 22:25:54
E5196,{171},A79,export,2025-09-17 15:03:37.000000,2025-09-19 13:01:29
E5197,{171},A79,feature_call,2025-09-11 05:26:34.000000,2025-09-12 05:02:40
E5198,{171},A79,export,2025-08-25 14:32:38.000000,2025-08-27 07:29:20
E5199,{171},A79,feature_call,2025-09-12 12:56:34.000000,2025-09-13 19:56:28
E5200,{171},A79,login,2025-09-02 01:02:14.000000,2025-09-02 08:20:13
E5201,{171},A79,api_call,2025-08-29 02:30:00.000000,2025-08-30 17:30:31
E5202,{171},A79,login,2025-09-12 02:11:20.000000,2025-09-13 15:54:23
E5203,{171},A79,login,2025-09-18 12:59:22.000000,2025-09-20 08:18:59
E5204,{171},A79,feature_call,2025-09-06 17:14:54.000000,2025-09-08 07:17:35
E5205,{171},A79,feature_call,2025-09-01 05:15:38.000000,2025-09-02 06:05:26
E5206,{171},A79,feature_call,2025-09-08 08:12:14.000000,2025-09-10 06:38:41
E5207,{171},A79,export,2025-09-16 21:47:43.000000,2025-09-18 09:17:55
E5208,{171},A79,api_call,2025-09-17 06:53:40.000000,2025-09-18 05:43:34
E5209,{171},A79,feature_call,2025-09-14 02:55:29.000000,2025-09-15 14:48:47
E5210,{171},A79,login,2025-09-18 01:42:06.000000,2025-09-19 08:23:38
E5211,{171},A79,export,2025-08-24 03:29:25.000000,2025-08-25 08:00:25
E5212,{171},A79,feature_call,2025-09-17 14:03:29.000000,2025-09-18 19:33:30
E5213,{172},A79,api_call,2025-08-26 00:48:28.000000,2025-08-27 03:19:16
E5214,{172},A79,api_call,2025-09-17 15:32:23.000000,2025-09-19 07:20:39
E5215,{172},A79,export,2025-08-27 08:57:20.000000,2025-08-29 05:35:18
E5216,{172},A79,feature_call,2025-09-17 21:20:00.000000,2025-09-18 22:26:03
E5217,{172},A79,feature_call,2025-09-06 16:42:11.000000,2025-09-08 11:49:43
E5218,{172},A79,api_call,2025-08-23 20:49:33.000000,2025-08-24 04:37:10
E5219,{172},A79,export,2025-09-16 13:28:47.000000,2025-09-18 11:54:24
E5220,{172},A79,api_call,2025-09-18 08:49:30.000000,2025-09-18 22:21:42
E5221,{172},A79,feature_call,2025-09-07 21:02:48.000000,2025-09-08 04:46:02
E5222,{172},A79,feature_call,2025-08-26 20:46:19.000000,2025-08-26 21:37:09
E5223,{172},A79,api_call,2025-09-05 09:33:53.000000,2025-09-05 23:08:38
E5224,{172},A79,api_call,2025-09-12 07:09:24.000000,2025-09-12 11:14:52
E5225,{172},A79,api_call,2025-09-05 11:48:59.000000,2025-09-06 02:50:58
E5226,{172},A79,export,2025-09-07 11:52:47.000000,2025-09-07 21:33:28
E5227,{172},A79,login,2025-08-26 18:48:03.000000,2025-08-27 00:20:49
E5228,{172},A79,feature_call,2025-09-19 04:44:19.000000,2025-09-19 18:19:23
E5229,{172},A79,export,2025-08-27 10:19:53.000000,2025-08-27 21:19:30
E5230,{172},A79,login,2025-08-22 16:38:09.000000,2025-08-24 15:10:21
E5231,{172},A79,login,2025-09-10 04:56:56.000000,2025-09-10 20:19:50
E5232,{172},A79,export,2025-09-08 04:20:10.000000,2025-09-08 06:05:43
E5233,{172},A79,login,2025-09-15 13:56:15.000000,2025-09-17 06:50:36
E5234,{172},A79,feature_call,2025-09-02 13:44:52.000000,2025-09-03 20:12:56
E5235,{172},A79,feature_call,2025-09-17 21:04:15.000000,2025-09-18 05:05:59
E5236,{172},A79,export,2025-09-17 13:45:09.000000,2025-09-19 10:11:39
E5237,{172},A79,feature_call,2025-09-18 03:04:46.000000,2025-09-19 22:13:58
E5238,{172},A79,export,2025-09-06 11:23:58.000000,2025-09-07 10:54:36
E5239,{172},A79,login,2025-08-28 12:18:51.000000,2025-08-29 08:21:59
E5240,{172},A79,api_call,2025-09-10 13:01:37.000000,2025-09-11 18:28:06
E5241,{172},A79,login,2025-08-31 12:38:32.000000,2025-09-01 18:28:47
E5242,{172},A79,login,2025-08-30 05:35:08.000000,2025-08-31 16:00:39
E5243,{172},A79,api_call,2025-08-27 16:14:27.000000,2025-08-28 03:14:13
E5244,{173},A80,api_call,2025-10-25 07:28:13.000000,2025-10-25 20:33:06
E5245,{173},A80,feature_call,2025-10-22 07:36:07.000000,2025-10-23 17:23:38
E5246,{173},A80,export,2025-09-19 23:34:26.000000,2025-09-20 15:10:46
E5247,{173},A80,export,2025-07-12 08:12:35.000000,2025-07-14 02:21:17
E5248,{173},A80,feature_call,2025-09-15 12:07:18.000000,2025-09-16 14:27:35
E5249,{173},A80,export,2025-07-23 06:01:39.000000,2025-07-23 10:06:45
E5250,{173},A80,feature_call,2025-07-20 00:07:33.000000,2025-07-21 18:22:51
E5251,{175},A80,login,2025-09-16 20:45:35.000000,2025-09-17 02:24:08
E5252,{175},A80,api_call,2025-08-01 06:49:03.000000,2025-08-03 05:29:17
E5253,{176},A80,feature_call,2025-12-02 14:32:45.000000,2025-12-02 23:54:35
E5254,{176},A80,api_call,2025-09-19 02:52:46.000000,2025-09-20 00:45:23
E5255,{176},A80,api_call,2025-07-29 04:41:42.000000,2025-07-30 14:50:07
E5256,{179},A81,export,2025-06-20 07:20:06.000000,2025-06-21 11:55:34
E5257,{179},A81,export,2025-08-08 02:11:21.000000,2025-08-08 03:30:22
E5258,{180},A81,feature_call,2025-03-10 07:40:56.000000,2025-03-10 16:22:02
E5259,{180},A81,feature_call,2025-03-11 08:48:52.000000,2025-03-12 05:22:55
E5260,{180},A81,login,2026-01-02 14:23:17.000000,2026-01-04 06:30:38
E5261,{180},A81,api_call,2025-11-23 13:48:24.000000,2025-11-24 05:40:13
E5262,{180},A81,feature_call,2025-09-08 16:22:01.000000,2025-09-10 15:00:41
E5263,{180},A81,feature_call,2025-07-18 19:01:28.000000,2025-07-20 13:56:46
E5264,{180},A81,export,2025-08-26 04:18:41.000000,2025-08-26 12:19:53
E5265,{177},A81,feature_call,2025-09-13 09:57:30.000000,2025-09-14 04:31:07
E5266,{177},A81,api_call,2025-08-18 09:00:04.000000,2025-08-19 18:05:27
E5267,{177},A81,feature_call,2026-01-14 10:37:34.000000,2026-01-14 23:13:04
E5268,{177},A81,feature_call,2025-06-23 23:28:21.000000,2025-06-25 19:26:03
E5269,{177},A81,export,2025-08-21 22:38:53.000000,2025-08-23 02:53:50
E5270,{177},A81,feature_call,2025-07-11 18:08:51.000000,2025-07-12 18:53:58
E5271,{177},A81,api_call,2025-10-16 20:12:17.000000,2025-10-18 11:17:08
E5272,{177},A81,login,2025-07-01 01:35:40.000000,2025-07-02 09:40:37
E5273,{177},A81,export,2025-06-14 00:57:02.000000,2025-06-15 01:23:03
E5274,{177},A81,login,2025-10-19 15:12:18.000000,2025-10-19 21:28:19
E5275,{177},A81,api_call,2025-09-24 08:43:37.000000,2025-09-26 02:55:12
E5276,{177},A81,feature_call,2025-07-23 00:03:15.000000,2025-07-24 09:05:52
E5277,{177},A81,login,2025-05-19 04:56:05.000000,2025-05-21 03:17:34
E5278,{177},A81,api_call,2025-08-28 12:28:25.000000,2025-08-30 07:01:17
E5279,{177},A81,feature_call,2025-12-15 15:33:58.000000,2025-12-17 05:01:00
E5280,{177},A81,feature_call,2025-07-10 11:38:34.000000,2025-07-11 14:42:20
E5281,{177},A81,export,2025-06-02 03:36:33.000000,2025-06-02 18:41:21
E5282,{177},A81,api_call,2025-07-04 00:19:19.000000,2025-07-05 09:32:24
E5283,{177},A81,api_call,2025-12-17 03:10:51.000000,2025-12-18 06:31:43
E5284,{177},A81,login,2025-05-14 22:34:21.000000,2025-05-16 00:20:24
E5285,{177},A81,login,2025-07-03 17:18:51.000000,2025-07-05 01:52:38
E5286,{177},A81,export,2025-08-11 06:26:12.000000,2025-08-12 16:44:23
E5287,{177},A81,export,2025-08-26 21:27:43.000000,2025-08-28 15:24:52
E5288,{177},A81,export,2025-05-30 02:49:50.000000,2025-05-31 12:16:38
E5289,{177},A81,login,2025-12-19 15:08:50.000000,2025-12-20 10:17:08
E5290,{177},A81,login,2025-12-25 22:25:50.000000,2025-12-27 09:26:24
E5291,{177},A81,login,2025-08-31 22:35:51.000000,2025-09-01 09:53:51
E5292,{177},A81,feature_call,2026-01-01 05:55:09.000000,2026-01-01 07:18:39
E5293,{177},A81,export,2025-07-24 02:36:13.000000,2025-07-24 11:24:47
E5294,{177},A81,feature_call,2025-12-26 11:56:57.000000,2025-12-27 06:09:28
E5295,{177},A81,feature_call,2025-08-14 03:15:42.000000,2025-08-14 08:53:54
E5296,{177},A81,api_call,2025-12-01 21:08:18.000000,2025-12-02 22:12:12
E5297,{177},A81,export,2025-08-12 03:21:37.000000,2025-08-12 19:13:27
E5298,{177},A81,login,2025-11-20 13:28:20.000000,2025-11-20 21:11:34
E5299,{177},A81,export,2025-12-28 00:29:53.000000,2025-12-29 16:40:34
E5300,{177},A81,api_call,2025-11-16 17:42:36.000000,2025-11-18 07:15:31
E5301,{177},A81,feature_call,2025-10-16 23:02:11.000000,2025-10-16 23:38:01
E5302,{177},A81,export,2025-12-18 04:57:52.000000,2025-12-19 14:30:02
E5303,{177},A81,export,2025-11-14 06:09:12.000000,2025-11-15 02:29:59
E5304,{177},A81,login,2025-10-23 14:02:36.000000,2025-10-23 22:25:11
E5305,{177},A81,login,2025-10-10 08:21:20.000000,2025-10-11 01:54:11
E5306,{177},A81,api_call,2025-08-26 03:58:34.000000,2025-08-27 23:22:00
E5307,{177},A81,feature_call,2025-10-01 01:35:31.000000,2025-10-02 04:13:38
E5308,{177},A81,export,2025-08-12 16:24:49.000000,2025-08-12 23:26:47
E5309,{177},A81,export,2025-08-04 08:08:14.000000,2025-08-05 04:11:16
E5310,{177},A81,feature_call,2025-09-05 04:19:01.000000,2025-09-06 14:31:06
E5311,{177},A81,export,2025-07-02 00:27:18.000000,2025-07-02 16:49:47
E5312,{177},A81,login,2025-12-15 21:32:56.000000,2025-12-16 14:52:53
E5313,{177},A81,export,2025-11-04 13:49:19.000000,2025-11-05 16:23:43
E5314,{177},A81,feature_call,2025-09-10 00:48:45.000000,2025-09-11 21:41:29
E5315,{177},A81,api_call,2025-12-07 13:34:24.000000,2025-12-07 21:20:38
E5316,{177},A81,api_call,2025-05-22 21:43:14.000000,2025-05-24 05:30:53
E5317,{177},A81,feature_call,2025-08-17 19:42:06.000000,2025-08-19 00:55:42
E5318,{177},A81,export,2025-09-26 05:45:06.000000,2025-09-28 02:58:02
E5319,{177},A81,export,2025-08-05 05:55:42.000000,2025-08-05 18:18:34
E5320,{177},A81,feature_call,2025-06-08 12:12:03.000000,2025-06-10 06:04:20
E5321,{177},A81,feature_call,2026-01-03 07:49:06.000000,2026-01-03 21:30:13
E5322,{177},A81,login,2025-10-11 20:05:51.000000,2025-10-13 16:15:20
E5323,{177},A81,api_call,2025-07-18 12:10:19.000000,2025-07-19 07:16:44
E5324,{177},A81,api_call,2025-06-07 00:49:12.000000,2025-06-07 10:20:22
E5325,{177},A81,feature_call,2025-12-15 21:49:55.000000,2025-12-16 17:55:30
E5326,{177},A81,login,2025-12-06 03:54:07.000000,2025-12-07 03:22:24
E5327,{177},A81,feature_call,2025-09-06 13:55:16.000000,2025-09-06 23:48:59
E5328,{177},A81,login,2025-06-13 04:22:19.000000,2025-06-13 11:12:16
E5329,{177},A81,feature_call,2025-12-25 07:50:56.000000,2025-12-26 18:04:34
E5330,{177},A81,login,2025-08-19 19:55:40.000000,2025-08-21 11:22:46
E5331,{177},A81,feature_call,2025-05-25 16:22:07.000000,2025-05-26 21:30:52
E5332,{177},A81,login,2025-11-08 17:00:46.000000,2025-11-09 20:35:54
E5333,{177},A81,feature_call,2025-08-25 18:26:42.000000,2025-08-27 14:29:20
E5334,{177},A81,export,2026-01-17 00:36:09.000000,2026-01-18 07:15:53
E5335,{177},A81,login,2026-01-18 02:31:13.000000,2026-01-19 21:56:53
E5336,{177},A81,login,2025-12-13 03:25:43.000000,2025-12-13 14:04:43
E5337,{177},A81,export,2025-11-01 03:45:54.000000,2025-11-02 15:47:06
E5338,{177},A81,api_call,2025-11-21 18:05:35.000000,2025-11-22 09:50:02
E5339,{177},A81,export,2025-05-25 12:16:07.000000,2025-05-26 18:41:51
E5340,{177},A81,feature_call,2025-09-17 02:20:19.000000,2025-09-17 18:09:14
E5341,{177},A81,feature_call,2025-09-18 17:54:20.000000,2025-09-19 20:58:36
E5342,{177},A81,api_call,2025-08-12 22:03:05.000000,2025-08-14 00:58:59
E5343,{177},A81,export,2025-06-19 01:47:28.000000,2025-06-19 12:13:15
E5344,{178},A81,api_call,2025-09-15 03:25:16.000000,2025-09-16 13:42:19
E5345,{178},A81,export,2025-06-23 19:43:23.000000,2025-06-24 14:20:08
E5346,{178},A81,feature_call,2025-06-16 02:35:44.000000,2025-06-17 04:28:06
E5347,{178},A81,api_call,2025-12-31 14:30:14.000000,2026-01-01 16:08:09
E5348,{178},A81,export,2025-11-03 16:55:47.000000,2025-11-03 22:13:27
E5349,{178},A81,feature_call,2025-06-01 19:59:53.000000,2025-06-03 15:03:38
E5350,{178},A81,login,2025-09-05 12:25:09.000000,2025-09-07 07:44:50
E5351,{178},A81,api_call,2025-08-12 16:18:37.000000,2025-08-14 14:30:06
E5352,{178},A81,feature_call,2025-10-19 05:16:09.000000,2025-10-20 13:37:23
E5353,{178},A81,login,2025-07-20 23:25:22.000000,2025-07-21 14:51:40
E5354,{178},A81,api_call,2025-07-08 11:54:15.000000,2025-07-09 19:42:40
E5355,{178},A81,export,2025-12-08 00:54:36.000000,2025-12-08 18:53:20
E5356,{178},A81,feature_call,2025-11-27 10:48:24.000000,2025-11-27 13:25:01
E5357,{178},A81,login,2025-08-13 13:39:12.000000,2025-08-14 02:08:14
E5358,{178},A81,feature_call,2025-07-21 08:57:08.000000,2025-07-22 04:44:57
E5359,{178},A81,feature_call,2026-01-12 08:46:57.000000,2026-01-12 10:58:18
E5360,{178},A81,login,2025-11-27 17:56:27.000000,2025-11-29 13:33:48
E5361,{178},A81,feature_call,2025-12-10 22:32:54.000000,2025-12-11 11:44:34
E5362,{178},A81,login,2025-12-20 10:08:10.000000,2025-12-21 06:49:50
E5363,{178},A81,feature_call,2025-12-19 11:51:52.000000,2025-12-20 09:40:55
E5364,{178},A81,export,2025-10-13 15:20:40.000000,2025-10-14 10:12:29
E5365,{178},A81,api_call,2025-07-22 17:16:44.000000,2025-07-24 15:31:18
E5366,{178},A81,api_call,2025-10-22 02:52:17.000000,2025-10-22 11:44:01
E5367,{178},A81,feature_call,2025-09-10 14:27:51.000000,2025-09-11 04:33:38
E5368,{178},A81,feature_call,2026-01-04 01:04:47.000000,2026-01-05 22:27:24
E5369,{178},A81,login,2025-09-14 20:06:13.000000,2025-09-16 15:05:55
E5370,{178},A81,login,2025-10-10 16:23:04.000000,2025-10-11 14:00:51
E5371,{178},A81,login,2025-11-15 06:50:25.000000,2025-11-15 22:03:19
E5372,{178},A81,api_call,2025-06-10 22:53:26.000000,2025-06-11 07:44:14
E5373,{178},A81,api_call,2025-08-28 11:35:34.000000,2025-08-29 10:01:06
E5374,{178},A81,api_call,2025-10-10 01:22:19.000000,2025-10-12 00:54:22
E5375,{178},A81,api_call,2025-05-24 16:05:37.000000,2025-05-26 00:52:27
E5376,{179},A81,login,2025-09-16 04:00:40.000000,2025-09-18 00:07:55
E5377,{179},A81,login,2025-08-22 06:35:55.000000,2025-08-22 16:36:22
E5378,{179},A81,export,2025-06-28 15:29:05.000000,2025-06-28 21:45:54
E5379,{179},A81,api_call,2025-05-19 09:05:44.000000,2025-05-19 20:49:33
E5380,{179},A81,feature_call,2025-07-18 09:42:47.000000,2025-07-19 07:28:36
E5381,{179},A81,api_call,2025-05-24 12:11:13.000000,2025-05-24 15:27:08
E5382,{179},A81,api_call,2025-09-30 13:37:18.000000,2025-10-01 15:43:42
E5383,{179},A81,login,2025-09-02 01:09:52.000000,2025-09-03 21:20:23
E5384,{179},A81,export,2025-11-21 00:50:27.000000,2025-11-21 08:15:00
E5385,{179},A81,export,2025-05-31 17:54:20.000000,2025-06-01 02:50:46
E5386,{179},A81,export,2025-05-22 05:18:22.000000,2025-05-22 23:42:16
E5387,{179},A81,export,2026-01-06 21:43:59.000000,2026-01-08 09:13:35
E5388,{179},A81,login,2025-10-24 12:14:36.000000,2025-10-24 20:48:01
E5389,{179},A81,feature_call,2025-08-15 18:44:15.000000,2025-08-16 09:30:38
E5390,{179},A81,api_call,2025-08-24 16:39:28.000000,2025-08-25 08:08:35
E5391,{179},A81,login,2025-10-30 04:21:12.000000,2025-10-31 14:47:40
E5392,{179},A81,export,2025-06-30 13:43:39.000000,2025-07-01 13:41:50
E5393,{179},A81,login,2025-05-20 02:27:29.000000,2025-05-20 20:39:42
E5394,{179},A81,feature_call,2025-11-23 10:35:38.000000,2025-11-24 23:08:13
E5395,{179},A81,api_call,2025-10-09 21:12:35.000000,2025-10-11 01:53:37
E5396,{179},A81,feature_call,2025-06-17 07:28:15.000000,2025-06-18 10:48:48
E5397,{179},A81,api_call,2025-11-15 13:05:28.000000,2025-11-15 13:31:54
E5398,{179},A81,feature_call,2025-07-07 02:34:43.000000,2025-07-08 03:52:30
E5399,{179},A81,api_call,2025-10-02 08:55:39.000000,2025-10-03 16:36:30
E5400,{179},A81,login,2025-11-06 08:27:37.000000,2025-11-07 15:35:42
E5401,{179},A81,export,2025-10-04 11:42:38.000000,2025-10-05 12:22:46
E5402,{179},A81,feature_call,2025-12-29 07:08:53.000000,2025-12-29 08:03:20
E5403,{179},A81,feature_call,2025-12-05 20:02:12.000000,2025-12-06 08:24:08
E5404,{179},A81,feature_call,2025-12-02 06:17:04.000000,2025-12-03 10:23:45
E5405,{179},A81,export,2025-07-27 11:45:00.000000,2025-07-27 14:43:55
E5406,{179},A81,feature_call,2025-11-10 07:37:28.000000,2025-11-10 14:13:15
E5407,{179},A81,export,2025-08-11 13:28:26.000000,2025-08-11 15:40:56
E5408,{179},A81,export,2025-08-05 04:57:20.000000,2025-08-05 23:46:15
E5409,{179},A81,export,2025-11-01 09:06:12.000000,2025-11-01 20:44:44
E5410,{179},A81,feature_call,2025-12-04 15:28:21.000000,2025-12-04 22:00:50
E5411,{179},A81,login,2025-06-07 01:08:37.000000,2025-06-07 05:36:56
E5412,{179},A81,export,2025-06-04 16:25:04.000000,2025-06-05 07:03:20
E5413,{179},A81,export,2025-12-11 09:17:49.000000,2025-12-11 21:00:19
E5414,{179},A81,export,2025-10-26 20:57:11.000000,2025-10-28 08:31:38
E5415,{179},A81,api_call,2025-11-21 21:37:57.000000,2025-11-22 19:29:27
E5416,{179},A81,login,2025-07-18 17:12:45.000000,2025-07-19 09:41:09
E5417,{179},A81,api_call,2025-09-22 16:34:14.000000,2025-09-22 21:36:44
E5418,{179},A81,export,2025-08-05 21:21:31.000000,2025-08-07 12:42:15
E5419,{179},A81,api_call,2025-10-16 21:31:34.000000,2025-10-16 23:41:35
E5420,{180},A81,feature_call,2025-12-02 20:42:52.000000,2025-12-03 08:26:15
E5421,{180},A81,feature_call,2025-09-30 23:34:45.000000,2025-10-01 13:16:21
E5422,{180},A81,api_call,2025-11-23 08:50:09.000000,2025-11-25 02:51:31
E5423,{180},A81,feature_call,2025-07-24 17:06:14.000000,2025-07-25 13:38:06
E5424,{180},A81,export,2025-06-15 22:21:24.000000,2025-06-15 22:57:58
E5425,{180},A81,login,2025-12-23 19:48:56.000000,2025-12-25 10:22:59
E5426,{180},A81,api_call,2025-06-04 21:43:55.000000,2025-06-06 09:04:21
E5427,{180},A81,api_call,2025-09-26 12:10:17.000000,2025-09-27 01:18:29
E5428,{180},A81,api_call,2025-09-09 00:30:22.000000,2025-09-10 16:59:15
E5429,{181},A82,api_call,2025-08-01 01:11:39.000000,2025-08-01 18:33:56
E5430,{181},A82,export,2025-11-17 05:24:57.000000,2025-11-19 04:04:19
E5431,{181},A82,export,2025-12-15 17:10:49.000000,2025-12-16 23:10:01
E5432,{181},A82,login,2025-08-30 14:15:20.000000,2025-08-31 03:14:29
E5433,{181},A82,login,2025-08-20 23:14:31.000000,2025-08-22 11:28:02
E5434,{181},A82,export,2025-12-12 10:09:24.000000,2025-12-13 20:38:55
E5435,{181},A82,export,2025-11-06 17:26:31.000000,2025-11-06 18:41:40
E5436,{181},A82,feature_call,2025-11-29 04:30:56.000000,2025-11-30 10:47:13
E5437,{182},A82,feature_call,2025-09-18 03:09:26.000000,2025-09-20 00:17:48
E5438,{182},A82,feature_call,2025-11-27 06:49:00.000000,2025-11-28 03:50:37
E5439,{182},A82,feature_call,2025-09-02 10:58:12.000000,2025-09-02 13:46:59
E5440,{182},A82,export,2025-09-19 22:11:32.000000,2025-09-20 13:18:00
E5441,{182},A82,login,2025-08-04 08:16:58.000000,2025-08-04 16:06:59
E5442,{182},A82,export,2025-09-14 21:59:14.000000,2025-09-15 12:37:52
E5443,{181},A82,feature_call,2026-03-06 20:18:46.000000,2026-03-08 09:54:48
E5444,{181},A82,login,2026-01-30 12:54:28.000000,2026-01-31 19:35:28
E5445,{181},A82,login,2026-05-01 09:27:40.000000,2026-05-01 18:56:50
E5446,{181},A82,login,2025-11-27 09:37:32.000000,2025-11-27 15:17:07
E5447,{181},A82,api_call,2025-11-21 18:39:21.000000,2025-11-22 18:45:13
E5448,{181},A82,export,2026-03-23 14:29:42.000000,2026-03-23 15:12:06
E5449,{181},A82,login,2025-11-16 01:37:05.000000,2025-11-16 10:00:56
E5450,{181},A82,login,2026-01-15 19:26:10.000000,2026-01-16 06:34:24
E5451,{181},A82,api_call,2025-12-25 15:57:27.000000,2025-12-26 04:52:36
E5452,{181},A82,login,2026-01-22 10:23:15.000000,2026-01-22 11:53:34
E5453,{181},A82,api_call,2026-03-06 21:40:47.000000,2026-03-08 20:25:02
E5454,{181},A82,api_call,2025-12-22 22:27:23.000000,2025-12-24 04:41:51
E5455,{181},A82,feature_call,2025-11-14 16:27:07.000000,2025-11-14 20:15:21
E5456,{181},A82,api_call,2025-11-27 00:05:27.000000,2025-11-27 21:31:14
E5457,{181},A82,login,2026-02-14 16:25:35.000000,2026-02-15 09:06:34
E5458,{181},A82,export,2025-11-14 14:37:08.000000,2025-11-15 21:20:51
E5459,{181},A82,api_call,2026-03-18 10:43:20.000000,2026-03-20 07:41:55
E5460,{181},A82,login,2026-03-25 00:20:57.000000,2026-03-25 08:40:35
E5461,{181},A82,api_call,2025-12-02 21:49:25.000000,2025-12-03 23:50:15
E5462,{181},A82,export,2026-02-18 14:37:36.000000,2026-02-19 13:46:40
E5463,{181},A82,login,2026-02-27 15:19:59.000000,2026-02-27 17:55:51
E5464,{181},A82,export,2026-01-09 07:27:39.000000,2026-01-09 11:05:18
E5465,{181},A82,export,2025-11-20 22:20:13.000000,2025-11-22 02:52:33
E5466,{181},A82,export,2026-01-26 15:46:14.000000,2026-01-28 07:01:05
E5467,{181},A82,api_call,2025-12-09 15:05:28.000000,2025-12-10 20:24:35
E5468,{182},A82,api_call,2026-01-01 10:44:59.000000,2026-01-01 18:07:44
E5469,{182},A82,api_call,2026-04-20 13:10:31.000000,2026-04-21 23:43:34
E5470,{182},A82,export,2026-02-27 18:41:42.000000,2026-03-01 03:24:38
E5471,{182},A82,export,2026-02-04 05:31:37.000000,2026-02-05 16:32:53
E5472,{182},A82,api_call,2026-03-09 23:08:04.000000,2026-03-10 10:24:48
E5473,{182},A82,feature_call,2025-12-21 01:25:14.000000,2025-12-23 00:35:21
E5474,{182},A82,export,2026-03-30 14:51:28.000000,2026-03-31 23:53:14
E5475,{182},A82,api_call,2025-11-07 06:47:44.000000,2025-11-08 03:06:40
E5476,{182},A82,export,2026-02-08 12:40:37.000000,2026-02-09 14:45:38
E5477,{182},A82,feature_call,2026-03-21 08:39:18.000000,2026-03-23 01:55:36
E5478,{182},A82,login,2026-04-25 07:27:31.000000,2026-04-26 10:33:50
E5479,{182},A82,feature_call,2025-12-04 23:32:21.000000,2025-12-05 01:06:14
E5480,{182},A82,login,2026-01-26 00:59:38.000000,2026-01-27 18:41:54
E5481,{182},A82,feature_call,2026-04-03 22:13:26.000000,2026-04-04 03:14:58
E5482,{182},A82,api_call,2026-01-04 07:35:51.000000,2026-01-04 20:21:33
E5483,{182},A82,api_call,2026-02-26 13:33:12.000000,2026-02-28 02:27:11
E5484,{182},A82,api_call,2026-04-08 19:01:17.000000,2026-04-10 12:59:13
E5485,{182},A82,login,2025-11-26 19:51:56.000000,2025-11-27 19:19:27
E5486,{182},A82,login,2026-02-08 08:33:06.000000,2026-02-09 13:55:39
E5487,{182},A82,api_call,2025-12-29 05:45:03.000000,2025-12-29 12:58:08
E5488,{182},A82,login,2025-12-08 12:27:00.000000,2025-12-09 11:51:31
E5489,{182},A82,api_call,2026-02-07 09:10:39.000000,2026-02-07 10:13:16
E5490,{182},A82,api_call,2026-03-12 01:07:13.000000,2026-03-12 06:44:49
E5491,{182},A82,feature_call,2025-12-26 09:53:59.000000,2025-12-28 08:49:27
E5492,{182},A82,login,2025-12-26 03:39:23.000000,2025-12-26 08:49:07
E5493,{182},A82,api_call,2026-04-20 01:58:40.000000,2026-04-21 00:51:35
E5494,{182},A82,feature_call,2025-12-04 14:47:05.000000,2025-12-05 23:41:28
E5495,{182},A82,login,2026-04-05 14:05:21.000000,2026-04-07 01:11:42
E5496,{182},A82,login,2026-01-01 00:55:04.000000,2026-01-02 22:32:43
E5497,{182},A82,feature_call,2026-04-13 06:59:16.000000,2026-04-15 03:02:51
E5498,{182},A82,feature_call,2026-01-09 03:34:03.000000,2026-01-09 07:46:26
E5499,{182},A82,feature_call,2025-12-24 04:51:51.000000,2025-12-25 13:35:52
E5500,{182},A82,export,2026-03-14 01:03:17.000000,2026-03-14 18:59:36
E5501,{182},A82,feature_call,2026-01-16 12:08:08.000000,2026-01-18 04:33:55
E5502,{182},A82,feature_call,2026-03-30 18:56:48.000000,2026-03-31 12:36:56
E5503,{182},A82,login,2026-01-06 18:12:08.000000,2026-01-08 04:03:15
E5504,{183},A83,feature_call,2025-11-21 20:31:36.000000,2025-11-21 21:15:06
E5505,{183},A83,login,2025-10-09 08:46:55.000000,2025-10-10 23:23:11
E5506,{183},A83,export,2025-07-28 13:26:34.000000,2025-07-28 15:25:56
E5507,{183},A83,feature_call,2025-06-13 14:01:40.000000,2025-06-15 01:16:27
E5508,{183},A83,export,2025-07-24 01:30:22.000000,2025-07-25 16:51:27
E5509,{183},A83,login,2025-07-17 14:40:03.000000,2025-07-18 19:27:19
E5510,{183},A83,login,2025-06-08 10:56:30.000000,2025-06-08 18:07:25
E5511,{183},A83,login,2025-10-13 09:15:21.000000,2025-10-15 00:49:24
E5512,{183},A83,api_call,2025-10-28 02:49:05.000000,2025-10-28 04:36:20
E5513,{183},A83,login,2025-10-05 10:49:59.000000,2025-10-05 21:15:00
E5514,{183},A83,export,2025-11-17 11:32:54.000000,2025-11-18 19:44:33
E5515,{183},A83,login,2025-07-05 06:15:07.000000,2025-07-05 21:23:38
E5516,{183},A83,feature_call,2025-12-16 20:06:43.000000,2025-12-17 16:14:35
E5517,{183},A83,export,2025-06-26 05:08:09.000000,2025-06-26 08:30:23
E5518,{183},A83,feature_call,2025-07-11 22:17:41.000000,2025-07-13 16:06:56
E5519,{183},A83,feature_call,2025-06-04 15:52:18.000000,2025-06-05 18:02:58
E5520,{183},A83,api_call,2025-07-08 10:08:43.000000,2025-07-10 03:01:52
E5521,{183},A83,export,2026-01-05 04:31:47.000000,2026-01-06 23:52:39
E5522,{183},A83,login,2025-09-02 15:47:07.000000,2025-09-03 18:47:44
E5523,{183},A83,api_call,2025-06-23 07:22:48.000000,2025-06-24 01:03:46
E5524,{183},A83,export,2025-12-05 23:29:33.000000,2025-12-07 03:30:02
E5525,{183},A83,export,2025-06-18 18:03:35.000000,2025-06-20 15:34:33
E5526,{183},A83,export,2025-11-17 18:35:25.000000,2025-11-18 16:22:45
E5527,{183},A83,api_call,2025-10-24 19:43:19.000000,2025-10-25 11:28:04
E5528,{183},A83,login,2025-11-06 10:50:46.000000,2025-11-07 23:18:08
E5529,{183},A83,login,2025-06-14 00:23:25.000000,2025-06-15 10:39:56
E5530,{183},A83,login,2025-07-11 04:08:56.000000,2025-07-12 12:38:34
E5531,{183},A83,export,2025-10-30 05:00:05.000000,2025-10-30 05:51:12
E5532,{183},A83,export,2025-05-11 02:45:10.000000,2025-05-12 02:42:38
E5533,{183},A83,feature_call,2025-06-12 07:14:24.000000,2025-06-12 19:40:32
E5534,{184},A83,export,2025-11-20 00:05:33.000000,2025-11-20 00:38:35
E5535,{184},A83,login,2025-05-13 09:55:23.000000,2025-05-14 21:52:40
E5536,{184},A83,api_call,2025-11-09 00:38:26.000000,2025-11-09 03:02:37
E5537,{184},A83,export,2025-09-27 05:14:41.000000,2025-09-28 02:04:56
E5538,{184},A83,export,2025-11-23 01:53:29.000000,2025-11-23 19:08:22
E5539,{184},A83,login,2025-10-11 06:10:26.000000,2025-10-12 23:39:41
E5540,{184},A83,feature_call,2025-08-15 19:31:42.000000,2025-08-16 22:08:39
E5541,{184},A83,export,2025-07-25 02:08:08.000000,2025-07-25 06:10:55
E5542,{185},A83,api_call,2025-11-04 07:24:40.000000,2025-11-05 01:09:05
E5543,{185},A83,export,2025-09-26 15:29:04.000000,2025-09-27 16:18:53
E5544,{185},A83,login,2025-08-12 05:47:12.000000,2025-08-14 01:16:17
E5545,{185},A83,login,2025-10-01 21:47:29.000000,2025-10-03 08:19:37
E5546,{185},A83,export,2025-06-04 06:53:27.000000,2025-06-04 12:30:02
E5547,{185},A83,login,2025-10-30 12:08:38.000000,2025-10-30 22:42:19
E5548,{185},A83,export,2025-11-11 19:23:36.000000,2025-11-11 22:00:38
E5549,{185},A83,login,2025-07-20 23:19:38.000000,2025-07-21 03:42:56
E5550,{185},A83,feature_call,2025-08-15 07:04:49.000000,2025-08-15 14:42:00
E5551,{185},A83,export,2025-07-22 04:04:44.000000,2025-07-22 12:16:45
E5552,{185},A83,login,2025-06-30 13:20:55.000000,2025-07-01 02:53:36
E5553,{183},A83,export,2025-08-13 15:58:59.000000,2025-08-15 06:20:12
E5554,{183},A83,api_call,2025-08-16 20:12:41.000000,2025-08-17 05:15:11
E5555,{183},A83,export,2025-07-29 03:56:59.000000,2025-07-29 19:47:30
E5556,{183},A83,login,2025-08-05 15:40:30.000000,2025-08-06 03:04:23
E5557,{183},A83,login,2025-07-30 20:32:45.000000,2025-07-31 14:59:40
E5558,{183},A83,export,2025-08-12 16:49:45.000000,2025-08-13 11:14:42
E5559,{183},A83,api_call,2025-07-30 20:42:52.000000,2025-08-01 01:42:13
E5560,{183},A83,export,2025-08-06 23:03:19.000000,2025-08-07 01:46:25
E5561,{183},A83,login,2025-08-19 05:18:21.000000,2025-08-21 02:38:25
E5562,{184},A83,feature_call,2025-08-08 10:09:20.000000,2025-08-09 22:42:21
E5563,{184},A83,api_call,2025-08-07 07:53:39.000000,2025-08-08 17:27:11
E5564,{184},A83,feature_call,2025-08-16 13:22:44.000000,2025-08-18 11:18:24
E5565,{185},A83,export,2025-08-12 12:28:53.000000,2025-08-13 15:44:35
E5566,{185},A83,export,2025-08-13 11:11:21.000000,2025-08-13 18:49:05
E5567,{185},A83,api_call,2025-07-26 19:19:43.000000,2025-07-27 11:16:09
E5568,{185},A83,feature_call,2025-08-14 13:24:40.000000,2025-08-15 06:40:07
E5569,{185},A83,login,2025-08-11 18:25:35.000000,2025-08-13 03:12:07
E5570,{183},A83,export,2025-10-16 20:55:14.000000,2025-10-18 05:04:26
E5571,{183},A83,export,2025-11-14 08:18:57.000000,2025-11-15 05:09:52
E5572,{183},A83,feature_call,2025-10-12 05:09:21.000000,2025-10-13 08:17:07
E5573,{183},A83,login,2025-12-28 05:19:28.000000,2025-12-28 05:44:00
E5574,{183},A83,login,2025-10-08 23:23:50.000000,2025-10-09 05:35:51
E5575,{183},A83,login,2025-12-09 20:05:17.000000,2025-12-11 11:51:19
E5576,{183},A83,login,2026-01-01 08:26:26.000000,2026-01-03 07:47:11
E5577,{183},A83,api_call,2025-12-12 13:39:56.000000,2025-12-12 15:25:46
E5578,{183},A83,api_call,2025-11-25 20:42:25.000000,2025-11-25 22:57:10
E5579,{183},A83,api_call,2025-12-16 09:07:27.000000,2025-12-16 10:50:52
E5580,{183},A83,api_call,2025-10-02 08:37:51.000000,2025-10-03 22:36:20
E5581,{183},A83,feature_call,2025-12-08 02:51:35.000000,2025-12-08 12:26:35
E5582,{183},A83,export,2025-12-29 18:54:30.000000,2025-12-31 00:12:36
E5583,{183},A83,login,2025-12-27 09:55:43.000000,2025-12-28 10:43:31
E5584,{183},A83,export,2026-01-04 11:49:35.000000,2026-01-06 08:33:42
E5585,{183},A83,login,2025-10-16 08:13:06.000000,2025-10-16 10:06:28
E5586,{183},A83,feature_call,2025-12-10 15:52:44.000000,2025-12-11 13:49:14
E5587,{183},A83,feature_call,2025-10-18 10:54:13.000000,2025-10-19 22:01:41
E5588,{183},A83,api_call,2025-10-22 16:33:48.000000,2025-10-23 07:07:18
E5589,{183},A83,feature_call,2025-10-15 10:39:45.000000,2025-10-16 18:10:51
E5590,{183},A83,login,2025-12-30 16:33:37.000000,2025-12-30 20:42:18
E5591,{183},A83,api_call,2025-11-06 13:05:01.000000,2025-11-07 08:25:47
E5592,{183},A83,export,2025-10-22 13:32:09.000000,2025-10-22 23:15:21
E5593,{183},A83,api_call,2025-12-29 06:50:45.000000,2025-12-29 16:01:43
E5594,{183},A83,login,2025-11-24 02:15:47.000000,2025-11-24 07:55:14
E5595,{183},A83,api_call,2025-09-26 18:48:26.000000,2025-09-26 20:45:24
E5596,{183},A83,export,2025-10-28 22:07:23.000000,2025-10-29 11:44:59
E5597,{183},A83,api_call,2025-10-30 11:58:00.000000,2025-10-31 03:06:09
E5598,{183},A83,feature_call,2025-12-30 05:36:50.000000,2025-12-31 09:37:09
E5599,{183},A83,feature_call,2026-01-06 10:59:19.000000,2026-01-08 04:32:57
E5600,{183},A83,login,2025-11-27 12:07:02.000000,2025-11-29 05:30:51
E5601,{183},A83,api_call,2025-11-02 23:00:29.000000,2025-11-03 21:23:00
E5602,{183},A83,export,2025-12-05 06:58:26.000000,2025-12-05 12:34:10
E5603,{183},A83,feature_call,2025-12-04 05:01:50.000000,2025-12-04 17:04:45
E5604,{183},A83,api_call,2025-10-25 11:50:24.000000,2025-10-26 16:34:39
E5605,{183},A83,feature_call,2025-11-05 17:42:46.000000,2025-11-05 22:11:22
E5606,{183},A83,export,2025-09-30 01:40:40.000000,2025-10-01 18:06:44
E5607,{184},A83,feature_call,2025-10-29 03:58:35.000000,2025-10-30 05:27:51
E5608,{184},A83,feature_call,2025-11-24 12:48:00.000000,2025-11-25 05:27:11
E5609,{184},A83,feature_call,2025-09-26 05:31:32.000000,2025-09-27 12:16:19
E5610,{184},A83,api_call,2025-10-13 14:36:25.000000,2025-10-13 16:02:04
E5611,{184},A83,login,2025-10-17 13:57:07.000000,2025-10-19 08:01:27
E5612,{184},A83,api_call,2025-09-25 10:02:05.000000,2025-09-27 09:43:47
E5613,{184},A83,api_call,2025-12-09 17:31:55.000000,2025-12-11 07:41:42
E5614,{184},A83,api_call,2025-12-29 14:07:29.000000,2025-12-30 17:50:06
E5615,{184},A83,feature_call,2025-11-09 03:58:38.000000,2025-11-10 20:53:18
E5616,{184},A83,export,2025-12-15 11:41:20.000000,2025-12-16 08:10:48
E5617,{184},A83,feature_call,2025-12-07 06:52:50.000000,2025-12-08 01:10:45
E5618,{184},A83,feature_call,2025-12-06 10:34:30.000000,2025-12-07 07:42:36
E5619,{184},A83,feature_call,2025-11-24 23:58:06.000000,2025-11-25 19:42:09
E5620,{184},A83,login,2025-12-26 19:15:19.000000,2025-12-27 07:21:20
E5621,{184},A83,feature_call,2025-10-25 09:10:16.000000,2025-10-25 15:01:54
E5622,{184},A83,feature_call,2025-10-08 06:45:58.000000,2025-10-09 22:43:35
E5623,{184},A83,login,2025-12-15 01:05:54.000000,2025-12-15 14:30:16
E5624,{184},A83,login,2025-12-14 01:56:38.000000,2025-12-14 04:56:05
E5625,{184},A83,export,2025-12-25 07:27:10.000000,2025-12-26 16:15:22
E5626,{184},A83,export,2025-12-16 14:21:47.000000,2025-12-18 08:15:32
E5627,{184},A83,login,2025-10-14 06:50:41.000000,2025-10-14 11:31:07
E5628,{184},A83,export,2025-12-07 18:35:27.000000,2025-12-09 18:22:14
E5629,{184},A83,login,2025-09-26 22:07:10.000000,2025-09-27 03:58:55
E5630,{184},A83,login,2025-12-17 00:26:37.000000,2025-12-19 00:01:00
E5631,{184},A83,login,2025-09-23 11:52:32.000000,2025-09-24 09:13:48
E5632,{184},A83,login,2025-12-16 05:45:11.000000,2025-12-16 12:13:50
E5633,{184},A83,login,2025-12-07 15:32:21.000000,2025-12-07 23:12:53
E5634,{184},A83,export,2025-12-23 03:50:28.000000,2025-12-24 23:56:05
E5635,{184},A83,export,2025-11-11 02:33:26.000000,2025-11-11 07:35:56
E5636,{184},A83,export,2025-10-04 16:58:53.000000,2025-10-06 12:57:56
E5637,{184},A83,feature_call,2025-09-25 03:59:02.000000,2025-09-26 01:23:17
E5638,{184},A83,login,2025-11-15 19:49:18.000000,2025-11-17 16:30:17
E5639,{184},A83,api_call,2025-11-22 22:49:36.000000,2025-11-24 08:27:34
E5640,{184},A83,login,2025-10-15 07:53:42.000000,2025-10-15 20:28:28
E5641,{184},A83,export,2025-11-06 22:20:05.000000,2025-11-08 21:50:50
E5642,{184},A83,feature_call,2025-10-03 18:48:53.000000,2025-10-05 10:12:53
E5643,{184},A83,export,2025-12-23 21:32:27.000000,2025-12-24 18:43:27
E5644,{186},A84,login,2025-09-08 18:27:05.000000,2025-09-10 16:44:15
E5645,{186},A84,export,2025-03-12 15:17:00.000000,2025-03-14 06:32:04
E5646,{186},A84,login,2025-07-18 02:48:02.000000,2025-07-18 17:14:10
E5647,{186},A84,export,2025-11-14 03:57:07.000000,2025-11-15 05:38:05
E5648,{186},A84,api_call,2025-09-05 12:27:16.000000,2025-09-06 21:41:18
E5649,{186},A84,feature_call,2025-11-27 00:25:56.000000,2025-11-28 00:32:18
E5650,{186},A84,api_call,2025-12-02 13:02:36.000000,2025-12-03 20:59:53
E5651,{186},A84,login,2025-06-02 08:44:30.000000,2025-06-02 10:23:55
E5652,{186},A84,feature_call,2025-07-14 05:30:47.000000,2025-07-16 02:48:14
E5653,{186},A84,feature_call,2025-05-16 15:16:33.000000,2025-05-17 07:19:44
E5654,{186},A84,export,2025-05-08 18:01:24.000000,2025-05-10 03:36:29
E5655,{186},A84,export,2025-06-17 12:52:21.000000,2025-06-17 18:31:22
E5656,{187},A84,login,2025-03-21 13:32:21.000000,2025-03-22 17:24:08
E5657,{187},A84,feature_call,2026-01-01 13:21:29.000000,2026-01-02 08:26:36
E5658,{187},A84,export,2025-04-14 17:38:45.000000,2025-04-15 08:51:18
E5659,{186},A84,feature_call,2025-11-20 07:56:11.000000,2025-11-21 18:22:08
E5660,{186},A84,api_call,2025-12-22 05:46:19.000000,2025-12-23 21:09:35
E5661,{186},A84,export,2025-09-25 14:12:54.000000,2025-09-25 19:47:32
E5662,{186},A84,feature_call,2025-06-07 22:10:44.000000,2025-06-08 21:01:00
E5663,{186},A84,login,2025-10-08 23:15:52.000000,2025-10-09 19:01:53
E5664,{186},A84,export,2026-01-09 19:34:57.000000,2026-01-10 17:39:18
E5665,{186},A84,feature_call,2025-11-17 19:25:42.000000,2025-11-18 19:08:13
E5666,{186},A84,login,2025-06-22 15:09:01.000000,2025-06-24 02:06:15
E5667,{186},A84,feature_call,2025-11-02 10:25:31.000000,2025-11-04 04:44:16
E5668,{186},A84,login,2025-09-06 21:01:04.000000,2025-09-07 10:23:06
E5669,{186},A84,api_call,2025-10-07 16:43:15.000000,2025-10-09 07:43:15
E5670,{186},A84,login,2025-07-28 21:02:11.000000,2025-07-29 22:38:57
E5671,{186},A84,feature_call,2025-09-08 19:00:12.000000,2025-09-10 12:33:09
E5672,{186},A84,feature_call,2025-08-14 21:35:54.000000,2025-08-15 08:18:39
E5673,{186},A84,feature_call,2025-08-07 22:53:33.000000,2025-08-08 18:57:06
E5674,{186},A84,login,2025-12-15 16:45:53.000000,2025-12-16 17:33:46
E5675,{186},A84,api_call,2025-11-06 20:46:17.000000,2025-11-08 08:55:52
E5676,{186},A84,feature_call,2025-09-29 18:48:32.000000,2025-09-29 20:49:39
E5677,{186},A84,api_call,2025-12-12 16:48:20.000000,2025-12-14 11:32:45
E5678,{186},A84,login,2025-10-13 11:13:17.000000,2025-10-15 08:33:38
E5679,{186},A84,feature_call,2025-12-26 10:26:32.000000,2025-12-26 21:44:43
E5680,{186},A84,login,2025-11-18 08:55:17.000000,2025-11-19 20:27:10
E5681,{186},A84,api_call,2025-08-08 19:36:06.000000,2025-08-10 13:17:50
E5682,{186},A84,export,2025-09-30 08:20:31.000000,2025-09-30 16:37:31
E5683,{186},A84,login,2025-10-22 21:43:59.000000,2025-10-24 17:58:32
E5684,{186},A84,export,2025-06-17 14:58:54.000000,2025-06-18 01:07:41
E5685,{186},A84,export,2025-06-18 06:21:34.000000,2025-06-18 21:29:31
E5686,{186},A84,login,2025-12-22 19:22:06.000000,2025-12-24 17:30:26
E5687,{186},A84,feature_call,2026-01-08 18:08:12.000000,2026-01-09 19:41:18
E5688,{186},A84,export,2025-10-19 21:07:09.000000,2025-10-20 11:50:13
E5689,{186},A84,feature_call,2025-07-16 08:16:31.000000,2025-07-18 08:14:25
E5690,{186},A84,login,2025-08-31 03:13:58.000000,2025-09-01 01:23:23
E5691,{186},A84,export,2025-10-04 07:19:10.000000,2025-10-04 07:31:21
E5692,{186},A84,feature_call,2025-11-22 10:10:22.000000,2025-11-23 00:54:32
E5693,{186},A84,export,2025-09-29 18:49:19.000000,2025-10-01 11:51:13
E5694,{186},A84,export,2025-07-16 21:08:16.000000,2025-07-17 19:35:09
E5695,{186},A84,api_call,2025-07-31 04:13:16.000000,2025-07-31 06:28:43
E5696,{186},A84,login,2025-10-16 10:48:42.000000,2025-10-17 16:59:23
E5697,{186},A84,login,2025-09-05 03:43:15.000000,2025-09-06 21:24:38
E5698,{186},A84,export,2025-12-16 06:55:59.000000,2025-12-16 08:32:29
E5699,{186},A84,api_call,2025-07-13 23:48:42.000000,2025-07-15 03:18:04
E5700,{186},A84,login,2025-08-30 02:24:48.000000,2025-08-31 19:01:15
E5701,{186},A84,export,2025-10-14 21:02:36.000000,2025-10-15 18:50:22
E5702,{186},A84,feature_call,2025-10-16 01:03:41.000000,2025-10-17 08:49:35
E5703,{187},A84,export,2025-08-10 23:42:57.000000,2025-08-12 15:55:15
E5704,{187},A84,feature_call,2025-07-11 16:38:42.000000,2025-07-13 08:36:43
E5705,{187},A84,export,2025-11-02 04:02:09.000000,2025-11-03 10:16:11
E5706,{187},A84,api_call,2025-07-26 02:38:38.000000,2025-07-26 07:24:56
E5707,{187},A84,api_call,2025-09-30 15:25:42.000000,2025-10-01 09:12:58
E5708,{187},A84,login,2025-06-15 07:27:28.000000,2025-06-17 02:19:31
E5709,{187},A84,feature_call,2025-08-30 16:19:14.000000,2025-08-31 17:19:03
E5710,{187},A84,export,2026-01-13 21:29:19.000000,2026-01-14 09:00:50
E5711,{187},A84,api_call,2026-01-11 23:16:34.000000,2026-01-12 16:54:27
E5712,{187},A84,api_call,2025-12-21 22:17:48.000000,2025-12-23 15:50:55
E5713,{187},A84,api_call,2025-09-29 01:39:33.000000,2025-09-29 13:59:15
E5714,{187},A84,api_call,2025-09-13 11:41:08.000000,2025-09-15 05:50:03
E5715,{187},A84,feature_call,2025-09-06 12:39:12.000000,2025-09-07 09:27:34
E5716,{187},A84,feature_call,2025-06-22 00:44:59.000000,2025-06-23 15:40:52
E5717,{187},A84,login,2025-06-06 09:24:59.000000,2025-06-07 19:25:16
E5718,{187},A84,feature_call,2025-12-16 13:18:57.000000,2025-12-18 00:53:58
E5719,{187},A84,login,2025-12-03 13:53:04.000000,2025-12-05 13:33:08
E5720,{187},A84,feature_call,2025-09-28 00:53:52.000000,2025-09-28 17:39:13
E5721,{187},A84,login,2025-09-04 10:56:06.000000,2025-09-05 02:15:15
E5722,{187},A84,feature_call,2025-06-22 18:18:01.000000,2025-06-24 03:44:25
E5723,{187},A84,api_call,2025-10-16 01:30:34.000000,2025-10-16 10:41:51
E5724,{187},A84,api_call,2025-08-12 10:06:02.000000,2025-08-13 17:40:20
E5725,{187},A84,feature_call,2025-07-14 18:48:31.000000,2025-07-15 11:02:58
E5726,{187},A84,export,2025-12-23 16:27:13.000000,2025-12-25 08:14:03
E5727,{187},A84,export,2025-08-02 00:35:45.000000,2025-08-02 03:23:22
E5728,{187},A84,export,2026-01-03 13:11:37.000000,2026-01-04 22:23:10
E5729,{187},A84,login,2025-07-12 11:21:15.000000,2025-07-13 01:06:05
E5730,{187},A84,api_call,2025-12-14 08:38:01.000000,2025-12-14 13:43:05
E5731,{187},A84,feature_call,2025-11-27 21:20:22.000000,2025-11-27 21:29:08
E5732,{187},A84,feature_call,2025-06-10 03:58:43.000000,2025-06-10 09:12:07
E5733,{187},A84,feature_call,2025-12-22 08:31:51.000000,2025-12-23 15:11:57
E5734,{187},A84,export,2025-08-13 12:33:11.000000,2025-08-14 16:50:43
E5735,{187},A84,feature_call,2026-01-10 05:00:55.000000,2026-01-12 04:15:42
E5736,{187},A84,api_call,2025-11-21 22:29:00.000000,2025-11-22 20:53:22
E5737,{187},A84,feature_call,2025-10-29 07:06:39.000000,2025-10-30 05:16:41
E5738,{187},A84,login,2025-06-25 13:28:30.000000,2025-06-26 21:18:43
E5739,{187},A84,login,2025-09-17 22:23:39.000000,2025-09-18 03:59:37
E5740,{187},A84,login,2025-10-10 20:11:04.000000,2025-10-11 19:16:16
E5741,{187},A84,feature_call,2025-11-01 08:16:10.000000,2025-11-02 09:33:39
E5742,{187},A84,login,2025-12-05 08:34:05.000000,2025-12-06 07:01:54
E5743,{187},A84,login,2025-12-05 02:06:42.000000,2025-12-05 19:36:28
E5744,{187},A84,api_call,2025-10-09 09:34:16.000000,2025-10-09 13:22:02
E5745,{187},A84,export,2025-09-08 10:19:35.000000,2025-09-09 11:35:54
E5746,{187},A84,feature_call,2025-09-06 21:22:17.000000,2025-09-07 18:25:48
E5747,{187},A84,feature_call,2025-11-29 16:19:21.000000,2025-12-01 15:17:44
E5748,{187},A84,feature_call,2025-10-15 12:07:12.000000,2025-10-17 06:40:24
E5749,{187},A84,feature_call,2025-09-27 17:46:38.000000,2025-09-28 23:20:48
E5750,{187},A84,export,2026-01-11 10:30:08.000000,2026-01-12 22:28:06
E5751,{187},A84,api_call,2025-12-18 15:39:06.000000,2025-12-18 22:37:29
E5752,{187},A84,login,2025-08-03 00:42:10.000000,2025-08-03 04:50:46
E5753,{187},A84,feature_call,2025-12-03 15:04:50.000000,2025-12-05 01:42:40
E5754,{187},A84,api_call,2025-08-23 21:39:48.000000,2025-08-24 09:06:15
E5755,{187},A84,api_call,2025-06-24 15:13:46.000000,2025-06-26 11:41:44
E5756,{187},A84,login,2026-01-10 15:43:30.000000,2026-01-11 08:27:50
E5757,{187},A84,login,2025-07-02 18:19:00.000000,2025-07-03 02:10:46
E5758,{187},A84,api_call,2025-08-31 19:58:01.000000,2025-09-01 07:30:36
E5759,{187},A84,api_call,2025-09-28 12:59:24.000000,2025-09-29 03:27:39
E5760,{187},A84,feature_call,2025-12-20 21:02:11.000000,2025-12-22 09:19:21
E5761,{186},A84,export,2025-10-26 07:23:51.000000,2025-10-26 11:24:46
E5762,{186},A84,feature_call,2026-01-18 03:18:48.000000,2026-01-19 07:07:18
E5763,{186},A84,api_call,2025-12-25 19:10:53.000000,2025-12-25 20:52:53
E5764,{186},A84,export,2026-01-12 23:32:13.000000,2026-01-13 11:05:28
E5765,{186},A84,export,2025-09-11 15:31:08.000000,2025-09-12 06:47:41
E5766,{186},A84,feature_call,2025-09-25 04:33:01.000000,2025-09-26 16:05:44
E5767,{186},A84,api_call,2025-12-14 08:41:54.000000,2025-12-15 02:51:11
E5768,{186},A84,feature_call,2025-12-14 11:50:05.000000,2025-12-16 07:02:44
E5769,{186},A84,export,2025-11-18 13:07:50.000000,2025-11-19 01:24:51
E5770,{186},A84,login,2025-12-10 19:19:32.000000,2025-12-10 21:44:45
E5771,{186},A84,login,2025-10-06 14:52:19.000000,2025-10-07 14:17:54
E5772,{186},A84,login,2026-01-06 20:42:38.000000,2026-01-08 10:34:03
E5773,{186},A84,feature_call,2026-01-17 16:32:13.000000,2026-01-18 02:46:32
E5774,{186},A84,api_call,2025-12-04 00:58:09.000000,2025-12-05 21:14:18
E5775,{186},A84,login,2025-09-17 00:26:22.000000,2025-09-18 06:43:09
E5776,{186},A84,login,2026-01-11 19:00:45.000000,2026-01-12 11:18:59
E5777,{186},A84,api_call,2025-12-12 06:37:19.000000,2025-12-13 03:19:33
E5778,{186},A84,feature_call,2025-10-12 07:50:13.000000,2025-10-12 15:32:06
E5779,{186},A84,feature_call,2026-01-02 03:43:22.000000,2026-01-02 15:30:34
E5780,{186},A84,api_call,2025-10-28 18:43:31.000000,2025-10-29 19:15:34
E5781,{186},A84,export,2025-09-15 13:12:33.000000,2025-09-16 00:01:35
E5782,{186},A84,api_call,2025-12-23 22:25:48.000000,2025-12-25 02:30:30
E5783,{186},A84,export,2026-01-03 08:14:10.000000,2026-01-03 08:39:32
E5784,{186},A84,feature_call,2025-11-12 11:41:34.000000,2025-11-13 07:05:30
E5785,{186},A84,login,2025-09-30 17:36:22.000000,2025-10-01 19:30:12
E5786,{186},A84,export,2026-01-12 02:33:47.000000,2026-01-12 09:35:40
E5787,{186},A84,login,2025-12-13 13:16:07.000000,2025-12-15 10:46:55
E5788,{186},A84,feature_call,2025-10-30 06:17:29.000000,2025-10-30 22:13:04
E5789,{186},A84,feature_call,2025-09-11 08:48:49.000000,2025-09-13 05:06:13
E5790,{186},A84,login,2025-10-09 02:53:59.000000,2025-10-10 23:16:02
E5791,{186},A84,api_call,2025-11-10 01:44:42.000000,2025-11-11 12:35:53
E5792,{186},A84,export,2025-10-27 18:29:09.000000,2025-10-28 22:48:59
E5793,{186},A84,feature_call,2025-11-23 22:02:25.000000,2025-11-24 23:16:34
E5794,{186},A84,feature_call,2025-12-20 10:34:36.000000,2025-12-20 21:41:22
E5795,{186},A84,feature_call,2026-01-16 21:28:36.000000,2026-01-18 13:26:27
E5796,{186},A84,api_call,2025-11-04 00:17:43.000000,2025-11-04 14:47:29
E5797,{186},A84,login,2025-09-26 10:16:34.000000,2025-09-28 06:08:28
E5798,{186},A84,feature_call,2026-01-23 23:24:53.000000,2026-01-25 10:17:56
E5799,{186},A84,login,2025-11-13 06:46:06.000000,2025-11-15 00:03:38
E5800,{186},A84,login,2025-11-18 17:09:26.000000,2025-11-20 07:51:40
E5801,{186},A84,export,2025-11-14 00:59:53.000000,2025-11-14 02:01:21
E5802,{186},A84,export,2025-12-05 16:24:33.000000,2025-12-05 19:45:15
E5803,{186},A84,api_call,2025-11-28 04:55:35.000000,2025-11-28 17:03:43
E5804,{186},A84,export,2025-10-11 00:46:57.000000,2025-10-12 13:23:39
E5805,{186},A84,export,2025-12-29 07:11:46.000000,2025-12-29 23:22:23
E5806,{186},A84,login,2025-11-29 22:11:39.000000,2025-12-01 20:52:09
E5807,{186},A84,api_call,2025-09-24 09:34:22.000000,2025-09-24 13:12:52
E5808,{186},A84,login,2025-12-06 15:28:40.000000,2025-12-08 06:43:09
E5809,{186},A84,export,2025-09-12 03:12:29.000000,2025-09-12 19:26:39
E5810,{186},A84,login,2025-11-17 19:54:16.000000,2025-11-19 17:43:22
E5811,{186},A84,export,2026-01-08 00:15:11.000000,2026-01-09 04:26:54
E5812,{186},A84,feature_call,2025-09-09 19:38:56.000000,2025-09-11 07:08:26
E5813,{186},A84,export,2025-10-06 07:21:36.000000,2025-10-07 20:20:12
E5814,{186},A84,feature_call,2025-10-02 13:15:00.000000,2025-10-03 19:40:22
E5815,{186},A84,feature_call,2025-10-10 08:30:18.000000,2025-10-11 11:56:31
E5816,{186},A84,api_call,2025-11-12 01:50:51.000000,2025-11-12 20:47:03
E5817,{186},A84,export,2025-10-09 12:56:36.000000,2025-10-10 09:52:22
E5818,{186},A84,export,2025-12-08 15:46:31.000000,2025-12-09 20:54:32
E5819,{187},A84,api_call,2025-09-16 13:21:31.000000,2025-09-18 02:18:31
E5820,{187},A84,export,2025-10-02 22:41:22.000000,2025-10-04 21:35:47
E5821,{187},A84,api_call,2025-10-15 19:19:24.000000,2025-10-17 09:32:02
E5822,{187},A84,feature_call,2025-12-18 20:35:46.000000,2025-12-20 01:00:06
E5823,{187},A84,api_call,2025-09-12 05:11:24.000000,2025-09-12 20:44:00
E5824,{187},A84,export,2026-01-11 23:59:24.000000,2026-01-13 03:35:21
E5825,{187},A84,feature_call,2025-11-12 11:49:13.000000,2025-11-14 01:47:03
E5826,{187},A84,api_call,2025-12-13 20:42:54.000000,2025-12-13 21:08:47
E5827,{187},A84,api_call,2025-10-15 10:58:49.000000,2025-10-16 07:32:32
E5828,{187},A84,api_call,2025-11-15 00:56:04.000000,2025-11-16 03:17:06
E5829,{187},A84,export,2025-11-26 03:53:05.000000,2025-11-27 02:30:42
E5830,{187},A84,login,2025-09-23 05:09:00.000000,2025-09-23 06:05:55
E5831,{187},A84,login,2026-01-16 07:44:00.000000,2026-01-17 09:33:16
E5832,{187},A84,feature_call,2025-10-30 02:08:38.000000,2025-10-31 05:52:10
E5833,{187},A84,export,2025-12-16 23:53:40.000000,2025-12-17 11:07:36
E5834,{187},A84,export,2025-11-15 12:19:29.000000,2025-11-16 02:17:11
E5835,{187},A84,feature_call,2026-01-09 19:05:06.000000,2026-01-09 23:02:49
E5836,{187},A84,feature_call,2025-11-08 21:33:02.000000,2025-11-09 16:09:14
E5837,{187},A84,feature_call,2025-12-25 23:06:55.000000,2025-12-26 10:28:21
E5838,{187},A84,feature_call,2026-01-15 08:14:03.000000,2026-01-17 07:40:58
E5839,{187},A84,feature_call,2025-11-29 04:03:46.000000,2025-11-30 04:46:36
E5840,{187},A84,login,2025-12-07 22:08:31.000000,2025-12-09 19:25:45
E5841,{187},A84,feature_call,2025-10-07 16:52:54.000000,2025-10-08 07:57:55
E5842,{187},A84,login,2025-10-14 17:39:01.000000,2025-10-16 17:34:33
E5843,{187},A84,feature_call,2025-10-19 02:21:09.000000,2025-10-20 01:52:47
E5844,{187},A84,export,2025-11-04 18:25:51.000000,2025-11-05 20:11:39
E5845,{187},A84,export,2025-12-25 03:06:25.000000,2025-12-26 08:05:12
E5846,{187},A84,export,2025-09-10 20:50:03.000000,2025-09-11 06:35:54
E5847,{187},A84,feature_call,2025-10-26 22:24:03.000000,2025-10-26 23:51:32
E5848,{187},A84,api_call,2025-09-28 14:59:35.000000,2025-09-28 20:46:08
E5849,{187},A84,api_call,2026-01-13 02:49:50.000000,2026-01-14 18:21:18
E5850,{187},A84,login,2025-11-19 18:32:34.000000,2025-11-20 04:52:48
E5851,{187},A84,login,2025-11-22 10:17:45.000000,2025-11-23 05:51:40
E5852,{187},A84,api_call,2026-01-01 04:24:59.000000,2026-01-02 05:04:09
E5853,{187},A84,api_call,2026-01-15 09:34:55.000000,2026-01-16 23:41:00
E5854,{187},A84,export,2026-01-16 16:48:16.000000,2026-01-17 00:04:34
E5855,{187},A84,feature_call,2025-09-24 08:23:23.000000,2025-09-25 14:14:34
E5856,{187},A84,login,2025-10-31 04:07:37.000000,2025-10-31 04:59:15
E5857,{187},A84,export,2025-11-07 22:37:27.000000,2025-11-08 04:09:33
E5858,{187},A84,feature_call,2025-09-28 10:11:04.000000,2025-09-29 10:16:39
E5859,{187},A84,api_call,2025-11-29 15:01:49.000000,2025-11-30 03:09:06
E5860,{187},A84,export,2025-09-11 22:54:35.000000,2025-09-12 23:51:45
E5861,{187},A84,login,2025-09-12 13:13:15.000000,2025-09-14 07:51:04
E5862,{187},A84,api_call,2025-12-09 15:36:42.000000,2025-12-10 20:31:23
E5863,{187},A84,export,2025-10-18 19:04:16.000000,2025-10-20 14:45:11
E5864,{187},A84,feature_call,2026-01-21 20:37:12.000000,2026-01-23 11:36:46
E5865,{187},A84,login,2025-10-04 14:13:46.000000,2025-10-05 03:01:31
E5866,{187},A84,login,2026-01-05 15:36:08.000000,2026-01-07 15:04:05
E5867,{187},A84,login,2025-11-16 03:23:25.000000,2025-11-16 21:15:45
E5868,{187},A84,feature_call,2025-10-02 12:01:49.000000,2025-10-04 04:19:13
E5869,{187},A84,export,2025-09-15 22:16:52.000000,2025-09-17 01:48:05
E5870,{187},A84,export,2025-10-05 20:54:15.000000,2025-10-06 05:11:21
E5871,{187},A84,feature_call,2025-09-19 15:24:40.000000,2025-09-20 20:40:21
E5872,{187},A84,feature_call,2025-10-08 23:39:43.000000,2025-10-09 00:28:22
E5873,{187},A84,export,2025-10-25 06:26:03.000000,2025-10-26 12:51:53
E5874,{187},A84,feature_call,2025-09-09 02:36:03.000000,2025-09-09 10:43:50
E5875,{187},A84,export,2025-12-27 09:49:48.000000,2025-12-28 23:07:30
E5876,{187},A84,export,2025-11-11 01:30:12.000000,2025-11-11 13:49:23
E5877,{187},A84,api_call,2025-11-08 16:58:31.000000,2025-11-09 10:51:01
E5878,{187},A84,login,2025-10-03 16:33:00.000000,2025-10-04 04:30:28
E5879,{187},A84,export,2025-10-01 13:23:08.000000,2025-10-02 05:22:20
E5880,{187},A84,export,2025-11-19 06:00:40.000000,2025-11-19 07:31:35
E5881,{187},A84,login,2026-01-20 17:52:03.000000,2026-01-22 05:09:42
E5882,{187},A84,login,2025-12-11 03:44:52.000000,2025-12-12 13:45:08
E5883,{187},A84,api_call,2025-12-06 13:37:59.000000,2025-12-07 07:59:44
E5884,{187},A84,export,2026-01-11 16:06:08.000000,2026-01-13 08:22:48
E5885,{187},A84,login,2025-09-11 23:46:02.000000,2025-09-13 06:51:03
E5886,{187},A84,login,2025-09-14 20:47:43.000000,2025-09-15 21:34:53
E5887,{187},A84,feature_call,2025-11-24 20:23:42.000000,2025-11-25 07:02:02
E5888,{187},A84,login,2025-12-03 07:08:20.000000,2025-12-03 12:54:37
E5889,{187},A84,login,2025-12-09 21:23:58.000000,2025-12-09 22:34:45
E5890,{187},A84,export,2025-10-27 04:38:11.000000,2025-10-27 07:10:50
E5891,{187},A84,feature_call,2026-01-14 08:52:27.000000,2026-01-15 10:22:43
E5892,{187},A84,feature_call,2025-10-23 01:20:41.000000,2025-10-24 16:18:30
E5893,{187},A84,export,2025-12-30 01:03:29.000000,2025-12-31 19:34:38
E5894,{187},A84,api_call,2025-11-25 09:52:46.000000,2025-11-25 17:09:58
E5895,{187},A84,export,2026-01-10 23:51:02.000000,2026-01-11 21:22:36
E5896,{187},A84,export,2025-11-10 15:35:29.000000,2025-11-11 22:27:00
E5897,{189},A86,export,2025-09-26 13:01:46.000000,2025-09-27 06:39:37
E5898,{189},A86,feature_call,2025-11-12 21:34:22.000000,2025-11-14 11:48:18
E5899,{189},A86,api_call,2026-01-12 16:49:42.000000,2026-01-14 07:17:42
E5900,{189},A86,api_call,2025-06-27 09:05:54.000000,2025-06-28 02:10:07
E5901,{189},A86,feature_call,2025-05-18 13:50:54.000000,2025-05-19 05:40:11
E5902,{190},A86,export,2025-09-02 21:38:59.000000,2025-09-03 16:40:06
E5903,{190},A86,login,2025-11-14 11:34:53.000000,2025-11-14 22:49:30
E5904,{190},A86,feature_call,2025-06-19 03:37:20.000000,2025-06-19 19:37:04
E5905,{190},A86,api_call,2025-05-22 01:47:28.000000,2025-05-23 16:05:21
E5906,{190},A86,feature_call,2025-09-27 20:47:28.000000,2025-09-28 19:13:16
E5907,{190},A86,login,2025-12-02 17:06:26.000000,2025-12-03 06:10:48
E5908,{190},A86,export,2026-01-14 01:43:10.000000,2026-01-14 06:38:49
E5909,{190},A86,export,2025-06-25 13:24:38.000000,2025-06-26 09:27:41
E5910,{190},A86,api_call,2025-11-17 15:35:40.000000,2025-11-17 15:39:30
E5911,{190},A86,login,2025-05-17 17:52:17.000000,2025-05-18 02:30:33
E5912,{190},A86,export,2025-06-25 14:49:44.000000,2025-06-26 14:59:52
E5913,{190},A86,export,2025-06-02 07:59:45.000000,2025-06-03 01:05:25
E5914,{190},A86,export,2025-10-09 01:14:03.000000,2025-10-10 13:29:03
E5915,{190},A86,login,2025-07-14 17:00:31.000000,2025-07-16 09:03:33
E5916,{190},A86,login,2025-05-18 00:05:44.000000,2025-05-19 06:46:13
E5917,{191},A86,feature_call,2025-09-24 06:39:13.000000,2025-09-24 23:23:52
E5918,{191},A86,login,2025-07-04 06:15:51.000000,2025-07-05 07:09:48
E5919,{191},A86,feature_call,2025-08-15 05:13:34.000000,2025-08-17 00:22:00
E5920,{191},A86,feature_call,2025-07-25 08:11:17.000000,2025-07-25 18:44:44
E5921,{191},A86,api_call,2025-04-30 18:18:08.000000,2025-05-02 03:42:12
E5922,{191},A86,api_call,2025-09-14 11:25:19.000000,2025-09-15 19:29:42
E5923,{192},A86,feature_call,2025-11-04 01:28:08.000000,2025-11-04 12:38:17
E5924,{192},A86,feature_call,2025-12-19 19:03:53.000000,2025-12-20 08:49:52
E5925,{192},A86,login,2026-01-07 22:26:51.000000,2026-01-08 14:16:45
E5926,{192},A86,export,2025-04-23 03:47:34.000000,2025-04-24 10:46:43
E5927,{192},A86,feature_call,2025-07-23 03:21:05.000000,2025-07-24 08:31:44
E5928,{192},A86,login,2025-12-06 21:27:22.000000,2025-12-08 16:49:41
E5929,{192},A86,feature_call,2025-07-24 08:31:55.000000,2025-07-25 17:28:45
E5930,{192},A86,feature_call,2025-05-05 00:54:50.000000,2025-05-06 06:21:18
E5931,{192},A86,export,2025-10-01 05:02:04.000000,2025-10-02 13:37:02
E5932,{192},A86,login,2026-01-12 15:20:09.000000,2026-01-13 18:26:32
E5933,{192},A86,api_call,2025-06-05 03:32:57.000000,2025-06-07 03:09:30
E5934,{192},A86,api_call,2025-08-06 05:54:01.000000,2025-08-07 13:52:17
E5935,{189},A86,login,2025-09-10 22:44:25.000000,2025-09-11 09:52:30
E5936,{189},A86,feature_call,2025-10-05 14:29:32.000000,2025-10-05 21:12:57
E5937,{189},A86,login,2025-09-17 03:26:43.000000,2025-09-18 00:40:48
E5938,{189},A86,feature_call,2025-09-07 23:56:22.000000,2025-09-09 20:09:13
E5939,{189},A86,export,2025-11-24 05:21:42.000000,2025-11-25 11:17:47
E5940,{189},A86,export,2025-11-01 12:38:02.000000,2025-11-03 11:51:58
E5941,{189},A86,login,2025-09-08 17:36:22.000000,2025-09-09 01:04:39
E5942,{189},A86,export,2025-12-27 04:09:39.000000,2025-12-29 02:46:49
E5943,{189},A86,export,2025-10-05 15:51:21.000000,2025-10-06 00:10:51
E5944,{189},A86,login,2025-08-02 10:24:41.000000,2025-08-03 22:49:42
E5945,{189},A86,export,2025-08-04 09:48:21.000000,2025-08-04 13:55:54
E5946,{189},A86,export,2025-09-17 10:10:58.000000,2025-09-18 12:15:11
E5947,{189},A86,feature_call,2025-10-07 21:27:16.000000,2025-10-08 11:18:23
E5948,{189},A86,api_call,2025-11-27 15:46:06.000000,2025-11-29 09:20:09
E5949,{189},A86,api_call,2025-12-12 01:51:12.000000,2025-12-13 00:08:41
E5950,{189},A86,feature_call,2025-10-20 01:55:31.000000,2025-10-21 18:16:51
E5951,{190},A86,login,2025-12-17 10:50:33.000000,2025-12-18 04:58:04
E5952,{190},A86,export,2025-08-18 12:51:55.000000,2025-08-19 16:51:35
E5953,{190},A86,feature_call,2025-10-07 20:05:08.000000,2025-10-09 01:10:22
E5954,{190},A86,feature_call,2025-11-27 22:43:13.000000,2025-11-28 21:24:08
E5955,{190},A86,export,2025-08-31 17:08:23.000000,2025-09-02 16:06:03
E5956,{190},A86,export,2025-11-03 22:30:12.000000,2025-11-04 07:51:06
E5957,{190},A86,export,2025-10-30 09:08:19.000000,2025-11-01 05:07:15
E5958,{190},A86,feature_call,2025-11-02 23:56:28.000000,2025-11-04 21:00:25
E5959,{190},A86,feature_call,2025-08-08 13:00:20.000000,2025-08-09 23:30:32
E5960,{190},A86,feature_call,2025-09-01 19:04:43.000000,2025-09-01 22:56:34
E5961,{190},A86,login,2026-01-01 03:32:31.000000,2026-01-01 04:41:49
E5962,{190},A86,export,2025-09-08 20:11:17.000000,2025-09-10 16:23:13
E5963,{190},A86,api_call,2025-12-25 04:01:29.000000,2025-12-26 06:59:33
E5964,{190},A86,login,2025-11-22 10:28:11.000000,2025-11-23 16:52:12
E5965,{190},A86,api_call,2025-12-21 20:21:40.000000,2025-12-22 10:44:44
E5966,{190},A86,api_call,2025-11-17 04:15:20.000000,2025-11-18 23:27:49
E5967,{190},A86,feature_call,2025-11-24 01:58:15.000000,2025-11-24 15:49:21
E5968,{190},A86,api_call,2025-08-28 14:13:36.000000,2025-08-28 19:44:00
E5969,{190},A86,api_call,2025-09-17 16:01:54.000000,2025-09-18 03:18:53
E5970,{190},A86,api_call,2025-12-18 01:27:20.000000,2025-12-19 12:30:14
E5971,{190},A86,export,2025-08-20 14:19:47.000000,2025-08-20 17:53:46
E5972,{190},A86,feature_call,2025-09-13 23:14:12.000000,2025-09-14 05:30:35
E5973,{190},A86,feature_call,2025-10-10 11:37:54.000000,2025-10-11 09:05:48
E5974,{190},A86,api_call,2025-12-22 17:46:12.000000,2025-12-23 00:35:17
E5975,{190},A86,export,2025-07-29 11:12:58.000000,2025-07-29 18:23:28
E5976,{190},A86,export,2025-10-13 05:56:53.000000,2025-10-13 16:43:20
E5977,{190},A86,export,2025-11-19 09:28:09.000000,2025-11-21 08:18:27
E5978,{190},A86,feature_call,2025-09-03 14:29:53.000000,2025-09-04 23:39:17
E5979,{190},A86,login,2025-08-26 13:56:37.000000,2025-08-27 08:22:26
E5980,{190},A86,login,2025-12-14 18:49:28.000000,2025-12-14 19:52:51
E5981,{190},A86,feature_call,2025-09-13 22:30:14.000000,2025-09-14 13:50:09
E5982,{190},A86,feature_call,2025-09-13 00:18:40.000000,2025-09-13 15:39:42
E5983,{190},A86,export,2025-11-13 02:48:23.000000,2025-11-14 12:19:28
E5984,{190},A86,feature_call,2025-08-18 04:11:02.000000,2025-08-18 11:47:18
E5985,{190},A86,feature_call,2025-10-14 01:39:37.000000,2025-10-15 05:14:57
E5986,{190},A86,login,2025-09-03 09:25:32.000000,2025-09-05 06:01:40
E5987,{191},A86,api_call,2025-10-15 00:00:10.000000,2025-10-15 19:36:27
E5988,{192},A86,api_call,2025-08-09 09:25:16.000000,2025-08-10 14:44:50
E5989,{192},A86,feature_call,2025-12-13 22:04:02.000000,2025-12-14 04:39:26
E5990,{192},A86,login,2025-12-30 23:51:42.000000,2025-12-31 07:56:03
E5991,{192},A86,api_call,2025-10-29 17:19:53.000000,2025-10-31 00:00:10
E5992,{192},A86,api_call,2025-12-25 17:59:15.000000,2025-12-25 20:14:32
E5993,{192},A86,export,2025-07-29 18:47:08.000000,2025-07-30 14:37:11
E5994,{192},A86,feature_call,2025-09-04 09:42:01.000000,2025-09-05 07:14:10
E5995,{192},A86,api_call,2025-12-13 11:56:35.000000,2025-12-14 13:32:58
E5996,{192},A86,feature_call,2025-08-31 19:52:54.000000,2025-09-01 23:12:26
E5997,{192},A86,export,2025-10-09 14:09:56.000000,2025-10-10 02:59:36
E5998,{192},A86,export,2025-10-13 16:46:48.000000,2025-10-14 06:07:20
E5999,{192},A86,login,2025-09-23 03:12:35.000000,2025-09-24 11:17:11
E6000,{192},A86,login,2025-10-11 03:02:59.000000,2025-10-12 04:15:03
E6001,{192},A86,feature_call,2025-12-02 12:56:38.000000,2025-12-02 13:18:45
E6002,{193},A87,login,2025-05-06 23:53:05.000000,2025-05-07 08:34:24
E6003,{193},A87,api_call,2025-05-15 02:42:36.000000,2025-05-15 17:26:24
E6004,{193},A87,api_call,2025-05-27 08:14:12.000000,2025-05-29 07:20:49
E6005,{193},A87,api_call,2025-05-19 02:16:28.000000,2025-05-19 20:30:53
E6006,{193},A87,login,2025-06-05 08:45:35.000000,2025-06-06 15:20:39
E6007,{195},A87,export,2025-05-14 14:34:10.000000,2025-05-16 09:04:26
E6008,{195},A87,feature_call,2025-05-25 09:47:02.000000,2025-05-26 06:59:41
E6009,{195},A87,api_call,2025-05-21 21:44:25.000000,2025-05-23 04:53:01
E6010,{195},A87,feature_call,2025-05-09 05:45:38.000000,2025-05-10 17:26:59
E6011,{195},A87,login,2025-04-18 22:04:04.000000,2025-04-19 05:48:53
E6012,{195},A87,feature_call,2025-04-18 10:27:42.000000,2025-04-19 10:19:36
E6013,{195},A87,export,2025-06-07 01:25:37.000000,2025-06-08 19:54:22
E6014,{195},A87,feature_call,2025-04-24 07:41:12.000000,2025-04-24 14:51:20
E6015,{195},A87,feature_call,2025-04-27 07:59:16.000000,2025-04-27 20:50:45
E6016,{195},A87,api_call,2025-05-29 01:18:00.000000,2025-05-30 13:00:45
E6017,{195},A87,api_call,2025-05-23 11:54:43.000000,2025-05-25 10:11:32
E6018,{195},A87,feature_call,2025-06-08 16:20:13.000000,2025-06-09 10:51:48
E6019,{195},A87,feature_call,2025-06-12 15:12:48.000000,2025-06-13 03:31:10
E6020,{195},A87,feature_call,2025-05-27 12:15:13.000000,2025-05-27 23:41:24
E6021,{195},A87,export,2025-05-15 01:08:16.000000,2025-05-16 11:09:56
E6022,{195},A87,feature_call,2025-05-03 17:30:06.000000,2025-05-05 08:57:05
E6023,{195},A87,feature_call,2025-05-26 16:36:28.000000,2025-05-28 09:32:25
E6024,{195},A87,export,2025-05-21 04:22:50.000000,2025-05-21 06:37:27
E6025,{195},A87,api_call,2025-04-18 22:36:53.000000,2025-04-19 06:10:26
E6026,{195},A87,feature_call,2025-05-21 14:40:42.000000,2025-05-22 17:41:59
E6027,{195},A87,feature_call,2025-05-09 12:46:05.000000,2025-05-09 18:40:30
E6028,{195},A87,feature_call,2025-05-10 18:31:09.000000,2025-05-12 18:09:05
E6029,{195},A87,export,2025-05-13 16:48:09.000000,2025-05-14 15:54:22
E6030,{195},A87,login,2025-04-25 06:37:54.000000,2025-04-26 23:33:39
E6031,{195},A87,api_call,2025-05-30 20:23:26.000000,2025-05-31 11:33:35
E6032,{195},A87,feature_call,2025-06-05 14:21:43.000000,2025-06-06 23:22:11
E6033,{195},A87,export,2025-04-20 23:42:31.000000,2025-04-22 05:00:40
E6034,{195},A87,api_call,2025-05-14 19:23:45.000000,2025-05-16 15:38:12
E6035,{195},A87,export,2025-05-15 10:53:19.000000,2025-05-16 22:25:21
E6036,{195},A87,login,2025-05-03 14:25:47.000000,2025-05-04 12:59:43
E6037,{195},A87,api_call,2025-06-03 17:23:34.000000,2025-06-05 07:04:04
E6038,{195},A87,export,2025-06-03 10:44:30.000000,2025-06-03 16:03:21
E6039,{195},A87,feature_call,2025-04-27 19:07:23.000000,2025-04-28 15:39:02
E6040,{195},A87,feature_call,2025-06-06 13:52:58.000000,2025-06-06 19:52:47
E6041,{195},A87,export,2025-05-24 06:58:55.000000,2025-05-25 13:18:25
E6042,{195},A87,login,2025-06-05 04:09:15.000000,2025-06-06 04:12:22
E6043,{195},A87,feature_call,2025-04-27 11:39:22.000000,2025-04-28 07:09:54
E6044,{195},A87,feature_call,2025-05-24 02:24:33.000000,2025-05-24 04:20:16
E6045,{195},A87,export,2025-04-20 06:39:14.000000,2025-04-21 03:37:27
E6046,{195},A87,export,2025-06-14 20:45:18.000000,2025-06-15 03:39:35
E6047,{196},A87,login,2025-06-11 21:29:34.000000,2025-06-12 19:09:22
E6048,{196},A87,export,2025-05-04 09:13:44.000000,2025-05-05 09:58:17
E6049,{196},A87,login,2025-05-26 18:28:03.000000,2025-05-27 01:12:54
E6050,{197},A88,feature_call,2025-11-16 01:21:24.000000,2025-11-16 13:27:24
E6051,{197},A88,export,2025-09-26 17:30:06.000000,2025-09-27 12:25:28
E6052,{197},A88,feature_call,2025-06-10 16:46:48.000000,2025-06-12 16:15:20
E6053,{197},A88,feature_call,2025-03-24 23:43:59.000000,2025-03-26 18:16:10
E6054,{197},A88,login,2025-06-11 23:47:29.000000,2025-06-13 08:30:04
E6055,{197},A88,api_call,2025-05-01 06:08:23.000000,2025-05-01 13:18:31
E6056,{197},A88,export,2025-04-26 03:29:31.000000,2025-04-26 07:38:29
E6057,{197},A88,login,2025-11-10 06:30:42.000000,2025-11-11 04:29:56
E6058,{197},A88,export,2025-05-05 09:37:41.000000,2025-05-06 01:22:06
E6059,{197},A88,feature_call,2025-04-25 20:28:24.000000,2025-04-27 07:22:14
E6060,{198},A88,api_call,2025-06-05 16:13:53.000000,2025-06-05 19:16:21
E6061,{198},A88,export,2025-05-03 12:05:11.000000,2025-05-03 22:09:43
E6062,{198},A88,api_call,2025-06-23 05:58:57.000000,2025-06-23 12:18:15
E6063,{198},A88,login,2025-06-19 03:25:23.000000,2025-06-20 12:18:05
E6064,{198},A88,api_call,2025-05-22 18:36:42.000000,2025-05-24 10:43:36
E6065,{198},A88,login,2025-05-27 11:28:27.000000,2025-05-28 23:39:25
E6066,{198},A88,login,2025-05-05 13:56:17.000000,2025-05-07 12:06:23
E6067,{198},A88,export,2025-06-03 10:24:23.000000,2025-06-04 02:15:09
E6068,{198},A88,export,2025-05-29 16:39:10.000000,2025-05-31 06:28:42
E6069,{198},A88,api_call,2025-05-03 21:15:22.000000,2025-05-04 01:52:37
E6070,{198},A88,api_call,2025-06-18 15:14:15.000000,2025-06-18 18:04:37
E6071,{198},A88,login,2025-05-29 22:56:13.000000,2025-05-30 13:59:56
E6072,{198},A88,login,2025-05-12 16:23:34.000000,2025-05-13 13:39:17
E6073,{198},A88,api_call,2025-06-19 22:24:19.000000,2025-06-20 15:30:18
E6074,{198},A88,api_call,2025-05-03 14:35:32.000000,2025-05-05 11:31:41
E6075,{198},A88,export,2025-05-16 23:02:07.000000,2025-05-18 22:44:52
E6076,{199},A89,feature_call,2025-10-14 01:41:54.000000,2025-10-14 14:06:16
E6077,{199},A89,login,2025-08-16 07:58:56.000000,2025-08-16 15:05:58
E6078,{199},A89,export,2025-09-14 17:56:14.000000,2025-09-15 09:05:43
E6079,{199},A89,login,2025-06-07 16:16:32.000000,2025-06-09 06:21:57
E6080,{199},A89,login,2025-10-25 20:53:28.000000,2025-10-27 17:08:23
E6081,{199},A89,feature_call,2025-03-23 00:29:28.000000,2025-03-24 21:20:56
E6082,{199},A89,feature_call,2025-06-07 00:47:04.000000,2025-06-08 14:36:13
E6083,{199},A89,api_call,2025-12-26 08:08:15.000000,2025-12-27 22:24:15
E6084,{199},A89,export,2025-11-20 08:32:06.000000,2025-11-21 16:15:35
E6085,{199},A89,login,2025-04-08 06:53:04.000000,2025-04-09 08:20:18
E6086,{199},A89,login,2025-07-11 00:41:23.000000,2025-07-12 03:20:59
E6087,{199},A89,feature_call,2025-05-07 16:17:03.000000,2025-05-09 09:46:23
E6088,{199},A89,feature_call,2025-09-24 08:25:53.000000,2025-09-25 02:48:31
E6089,{199},A89,api_call,2026-01-13 15:05:27.000000,2026-01-14 04:28:35
E6090,{199},A89,export,2025-03-22 18:57:44.000000,2025-03-24 08:15:16
E6091,{199},A89,feature_call,2025-11-18 01:54:00.000000,2025-11-19 09:19:02
E6092,{199},A89,login,2025-10-28 09:43:50.000000,2025-10-29 11:12:36
E6093,{199},A89,login,2025-12-04 18:03:22.000000,2025-12-05 20:20:59
E6094,{199},A89,export,2025-06-21 06:16:53.000000,2025-06-23 00:26:31
E6095,{199},A89,export,2025-03-31 14:12:11.000000,2025-03-31 23:33:46
E6096,{199},A89,api_call,2025-05-26 05:01:01.000000,2025-05-27 14:55:16
E6097,{199},A89,login,2025-07-28 00:45:36.000000,2025-07-28 06:42:57
E6098,{199},A89,export,2025-08-27 21:43:09.000000,2025-08-29 05:21:23
E6099,{199},A89,api_call,2025-11-13 09:15:25.000000,2025-11-14 07:30:20
E6100,{199},A89,feature_call,2026-01-16 16:00:01.000000,2026-01-17 07:41:40
E6101,{199},A89,export,2025-06-18 07:03:12.000000,2025-06-19 12:03:45
E6102,{200},A89,export,2026-01-10 03:18:21.000000,2026-01-11 05:48:59
E6103,{200},A89,export,2025-10-24 05:26:55.000000,2025-10-24 10:55:47
E6104,{200},A89,api_call,2025-11-04 11:00:14.000000,2025-11-05 15:23:21
E6105,{200},A89,feature_call,2025-04-19 05:35:16.000000,2025-04-20 08:25:34
E6106,{200},A89,export,2025-08-01 05:41:31.000000,2025-08-01 21:39:23
E6107,{200},A89,export,2025-05-25 05:23:13.000000,2025-05-26 21:25:57
E6108,{200},A89,login,2025-06-18 23:17:22.000000,2025-06-19 07:18:10
E6109,{200},A89,api_call,2025-06-05 12:33:51.000000,2025-06-07 05:03:20
E6110,{200},A89,export,2025-10-15 03:28:09.000000,2025-10-16 11:52:21
E6111,{200},A89,feature_call,2025-05-22 22:56:38.000000,2025-05-23 00:35:31
E6112,{200},A89,export,2025-12-02 16:05:16.000000,2025-12-04 10:39:27
E6113,{200},A89,feature_call,2025-07-30 04:09:14.000000,2025-07-31 03:25:12
E6114,{200},A89,api_call,2025-06-18 04:11:41.000000,2025-06-20 01:38:36
E6115,{200},A89,export,2025-03-17 16:52:04.000000,2025-03-19 15:12:40
E6116,{200},A89,feature_call,2025-07-19 11:32:50.000000,2025-07-21 06:34:42
E6117,{200},A89,login,2025-08-11 11:25:56.000000,2025-08-12 03:13:33
E6118,{200},A89,api_call,2025-10-04 04:52:56.000000,2025-10-06 02:23:52
E6119,{200},A89,export,2025-12-24 19:45:41.000000,2025-12-25 04:44:45
E6120,{200},A89,export,2025-09-23 12:22:17.000000,2025-09-24 12:27:39
E6121,{200},A89,feature_call,2025-10-12 12:44:48.000000,2025-10-14 06:29:19
E6122,{200},A89,login,2025-03-21 05:16:07.000000,2025-03-22 13:05:46
E6123,{200},A89,api_call,2025-12-26 08:16:09.000000,2025-12-26 11:37:28
E6124,{200},A89,export,2026-01-05 03:30:08.000000,2026-01-07 01:30:05
E6125,{200},A89,feature_call,2025-09-10 21:58:12.000000,2025-09-11 10:20:41
E6126,{200},A89,login,2025-09-19 23:16:01.000000,2025-09-21 11:17:48
E6127,{200},A89,login,2025-03-17 04:04:20.000000,2025-03-18 14:18:54
E6128,{200},A89,login,2025-06-27 18:14:00.000000,2025-06-29 12:46:14
E6129,{199},A89,feature_call,2026-01-02 13:29:04.000000,2026-01-04 05:19:35
E6130,{199},A89,export,2025-12-12 15:26:06.000000,2025-12-14 07:35:03
E6131,{199},A89,api_call,2025-12-25 16:58:20.000000,2025-12-26 11:53:43
E6132,{199},A89,feature_call,2025-10-22 10:53:46.000000,2025-10-23 04:40:21
E6133,{199},A89,feature_call,2025-10-09 18:44:17.000000,2025-10-11 03:00:19
E6134,{199},A89,api_call,2025-12-01 02:19:13.000000,2025-12-01 22:56:46
E6135,{199},A89,export,2026-01-05 19:45:08.000000,2026-01-06 21:39:28
E6136,{199},A89,login,2026-01-12 06:51:46.000000,2026-01-13 18:16:07
E6137,{199},A89,login,2025-12-28 19:08:01.000000,2025-12-29 20:55:14
E6138,{199},A89,api_call,2025-11-17 20:33:21.000000,2025-11-19 13:48:00
E6139,{199},A89,api_call,2025-11-30 08:51:07.000000,2025-12-01 03:52:59
E6140,{200},A89,api_call,2025-10-12 07:33:22.000000,2025-10-12 12:06:48
E6141,{200},A89,api_call,2025-12-02 18:53:38.000000,2025-12-03 11:07:47
E6142,{200},A89,feature_call,2025-12-24 22:44:54.000000,2025-12-25 17:21:58
E6143,{200},A89,feature_call,2026-01-06 19:23:01.000000,2026-01-08 07:01:20
E6144,{200},A89,export,2026-01-11 20:34:57.000000,2026-01-12 09:25:03
E6145,{200},A89,feature_call,2025-12-14 13:05:13.000000,2025-12-15 20:01:50
E6146,{200},A89,export,2025-09-28 22:57:23.000000,2025-09-30 13:49:58
E6147,{200},A89,login,2025-12-26 10:35:24.000000,2025-12-27 22:56:04
E6148,{200},A89,feature_call,2025-12-14 08:38:57.000000,2025-12-15 21:38:05
E6149,{200},A89,export,2025-10-07 22:55:44.000000,2025-10-09 16:43:49
E6150,{200},A89,feature_call,2026-01-14 07:07:32.000000,2026-01-14 12:56:09
E6151,{200},A89,feature_call,2025-11-16 13:20:52.000000,2025-11-17 00:58:27
E6152,{201},A89,login,2025-09-26 05:10:34.000000,2025-09-27 19:55:02
E6153,{201},A89,feature_call,2025-11-06 09:02:15.000000,2025-11-07 07:40:14
E6154,{201},A89,export,2025-11-15 00:47:01.000000,2025-11-15 08:48:59
E6155,{201},A89,export,2025-11-21 16:14:26.000000,2025-11-21 18:07:04
E6156,{201},A89,export,2025-12-18 17:26:02.000000,2025-12-19 19:08:48
E6157,{201},A89,feature_call,2025-11-06 15:32:49.000000,2025-11-07 04:11:02
E6158,{201},A89,feature_call,2026-01-01 14:42:24.000000,2026-01-02 18:26:35
E6159,{201},A89,feature_call,2026-01-07 17:27:20.000000,2026-01-07 19:00:25
E6160,{201},A89,login,2025-12-13 20:13:56.000000,2025-12-14 16:54:04
E6161,{201},A89,login,2025-12-09 22:21:10.000000,2025-12-11 00:07:05
E6162,{201},A89,api_call,2026-01-09 02:54:33.000000,2026-01-10 09:18:24
E6163,{201},A89,login,2025-11-20 11:50:46.000000,2025-11-21 10:51:13
E6164,{201},A89,login,2025-10-25 22:30:44.000000,2025-10-27 04:39:11
E6165,{201},A89,feature_call,2025-10-29 00:41:33.000000,2025-10-30 22:47:17
E6166,{201},A89,export,2025-11-08 06:19:55.000000,2025-11-08 19:10:41
E6167,{201},A89,feature_call,2025-11-21 03:29:51.000000,2025-11-22 03:15:02
E6168,{201},A89,export,2025-10-06 15:01:35.000000,2025-10-07 06:51:46
E6169,{201},A89,feature_call,2025-12-25 00:21:06.000000,2025-12-25 01:57:20
E6170,{201},A89,feature_call,2025-11-09 16:39:26.000000,2025-11-10 12:10:10
E6171,{201},A89,api_call,2026-01-04 20:49:00.000000,2026-01-06 09:00:31
E6172,{201},A89,login,2025-10-23 03:03:46.000000,2025-10-24 23:10:20
E6173,{201},A89,login,2025-11-13 16:16:19.000000,2025-11-14 00:06:14
E6174,{201},A89,login,2026-01-12 21:34:50.000000,2026-01-13 19:35:08
E6175,{201},A89,feature_call,2025-12-06 08:19:57.000000,2025-12-06 18:13:12
E6176,{201},A89,api_call,2025-10-01 00:20:19.000000,2025-10-01 15:05:05
E6177,{201},A89,api_call,2025-11-08 02:33:37.000000,2025-11-08 09:45:28
E6178,{201},A89,login,2025-10-06 18:25:02.000000,2025-10-08 18:18:00
E6179,{201},A89,api_call,2025-10-12 13:17:10.000000,2025-10-13 00:13:56
E6180,{201},A89,feature_call,2025-10-24 00:56:31.000000,2025-10-24 09:11:42
E6181,{201},A89,export,2025-12-09 22:44:42.000000,2025-12-11 04:30:45
E6182,{201},A89,api_call,2025-10-28 21:59:56.000000,2025-10-30 06:57:42
E6183,{201},A89,export,2025-12-11 13:34:21.000000,2025-12-13 00:24:05
E6184,{201},A89,login,2025-11-08 06:05:53.000000,2025-11-09 00:47:28
E6185,{201},A89,login,2026-01-19 11:11:36.000000,2026-01-20 17:19:34
E6186,{201},A89,api_call,2025-09-26 12:58:37.000000,2025-09-28 03:24:51
E6187,{201},A89,export,2025-10-26 05:24:09.000000,2025-10-27 21:23:11
E6188,{201},A89,login,2026-01-20 12:35:47.000000,2026-01-22 12:18:52
E6189,{201},A89,api_call,2025-12-26 00:58:41.000000,2025-12-26 09:15:32
E6190,{201},A89,export,2026-01-05 13:44:12.000000,2026-01-05 14:28:46
E6191,{201},A89,feature_call,2025-11-30 16:18:37.000000,2025-12-01 23:00:37
E6192,{201},A89,feature_call,2025-10-21 11:27:08.000000,2025-10-22 11:48:51
E6193,{201},A89,api_call,2026-01-17 07:04:38.000000,2026-01-17 22:56:20
E6194,{201},A89,export,2026-01-09 03:01:47.000000,2026-01-10 01:41:52
E6195,{201},A89,export,2026-01-23 21:44:11.000000,2026-01-25 21:14:39
E6196,{201},A89,login,2025-10-17 02:06:19.000000,2025-10-18 08:33:03
E6197,{201},A89,export,2025-11-13 00:07:39.000000,2025-11-14 01:53:59
E6198,{201},A89,export,2025-10-08 12:24:55.000000,2025-10-08 18:59:40
E6199,{201},A89,feature_call,2026-01-02 02:24:34.000000,2026-01-02 15:24:27
E6200,{201},A89,login,2025-10-05 11:52:36.000000,2025-10-05 18:31:05
E6201,{201},A89,feature_call,2025-10-20 07:36:31.000000,2025-10-20 18:03:45
E6202,{201},A89,login,2025-12-18 21:25:39.000000,2025-12-18 22:47:33
E6203,{201},A89,api_call,2025-11-03 17:02:12.000000,2025-11-05 08:40:30
E6204,{201},A89,export,2025-10-17 19:43:06.000000,2025-10-19 08:37:58
E6205,{201},A89,feature_call,2025-10-05 04:21:40.000000,2025-10-06 09:58:54
E6206,{201},A89,api_call,2025-12-20 23:58:05.000000,2025-12-21 11:54:15
E6207,{201},A89,feature_call,2025-11-28 13:49:53.000000,2025-11-28 17:21:28
E6208,{201},A89,feature_call,2025-10-01 14:05:07.000000,2025-10-02 17:50:04
E6209,{201},A89,api_call,2026-01-21 22:01:35.000000,2026-01-23 03:19:58
E6210,{201},A89,api_call,2025-12-11 02:10:26.000000,2025-12-12 12:19:27
E6211,{201},A89,feature_call,2026-01-05 05:32:49.000000,2026-01-05 21:36:58
E6212,{201},A89,feature_call,2025-12-19 20:12:54.000000,2025-12-21 04:07:07
E6213,{201},A89,feature_call,2025-12-13 05:16:05.000000,2025-12-13 16:24:20
E6214,{201},A89,feature_call,2025-10-24 07:27:37.000000,2025-10-25 22:02:41
E6215,{201},A89,api_call,2025-12-07 03:59:06.000000,2025-12-08 07:14:57
E6216,{199},A89,api_call,2026-03-25 00:00:00.021509,2026-03-26 08:59:59
E6217,{199},A89,feature_call,2026-03-25 00:00:00.722353,2026-03-26 04:37:41
E6218,{199},A89,api_call,2026-03-25 00:00:00.376504,2026-03-25 17:14:52
E6219,{199},A89,login,2026-03-25 00:00:00.125331,2026-03-25 06:04:13
E6220,{199},A89,feature_call,2026-03-25 00:00:00.528799,2026-03-25 12:17:10
E6221,{199},A89,api_call,2026-03-25 00:00:00.138064,2026-03-26 17:14:23
E6222,{199},A89,api_call,2026-03-25 00:00:00.426305,2026-03-26 14:30:41
E6223,{199},A89,api_call,2026-03-25 00:00:00.098937,2026-03-26 17:50:18
E6224,{199},A89,login,2026-03-25 00:00:00.913956,2026-03-25 09:07:46
E6225,{199},A89,api_call,2026-03-25 00:00:00.980559,2026-03-25 10:56:01
E6226,{199},A89,feature_call,2026-03-25 00:00:00.236492,2026-03-26 08:39:18
E6227,{199},A89,api_call,2026-03-25 00:00:00.765545,2026-03-25 17:14:09
E6228,{199},A89,feature_call,2026-03-25 00:00:00.399499,2026-03-25 04:16:34
E6229,{199},A89,feature_call,2026-03-25 00:00:00.479562,2026-03-26 22:14:58
E6230,{199},A89,feature_call,2026-03-25 00:00:00.106724,2026-03-26 17:33:30
E6231,{199},A89,login,2026-03-25 00:00:00.200315,2026-03-25 10:27:51
E6232,{199},A89,login,2026-03-25 00:00:00.035702,2026-03-25 18:59:58
E6233,{199},A89,feature_call,2026-03-25 00:00:00.023636,2026-03-25 01:24:07
E6234,{200},A89,api_call,2026-03-25 00:00:00.827599,2026-03-26 07:05:08
E6235,{200},A89,feature_call,2026-03-25 00:00:00.492335,2026-03-26 06:49:07
E6236,{200},A89,export,2026-03-25 00:00:00.522310,2026-03-26 01:24:40
E6237,{200},A89,login,2026-03-25 00:00:00.350043,2026-03-26 17:29:43
E6238,{200},A89,export,2026-03-25 00:00:00.666646,2026-03-25 18:35:05
E6239,{200},A89,login,2026-03-25 00:00:00.751347,2026-03-25 13:25:33
E6240,{200},A89,export,2026-03-25 00:00:00.292720,2026-03-26 05:24:13
E6241,{200},A89,export,2026-03-25 00:00:00.603223,2026-03-25 10:47:23
E6242,{200},A89,api_call,2026-03-25 00:00:00.776073,2026-03-26 22:17:40
E6243,{200},A89,api_call,2026-03-25 00:00:00.087454,2026-03-26 10:50:26
E6244,{200},A89,api_call,2026-03-25 00:00:00.416912,2026-03-25 06:04:20
E6245,{200},A89,login,2026-03-25 00:00:00.569825,2026-03-25 08:38:19
E6246,{201},A89,login,2026-03-25 00:00:00.111079,2026-03-26 07:51:42
E6247,{201},A89,login,2026-03-25 00:00:00.663027,2026-03-26 02:15:07
E6248,{201},A89,login,2026-03-25 00:00:00.547846,2026-03-26 06:06:09
E6249,{201},A89,login,2026-03-25 00:00:00.477805,2026-03-25 00:13:27
E6250,{201},A89,export,2026-03-25 00:00:00.022287,2026-03-25 08:07:05
E6251,{201},A89,api_call,2026-03-25 00:00:00.042300,2026-03-26 06:52:05
E6252,{201},A89,export,2026-03-25 00:00:00.647984,2026-03-26 04:39:30
E6253,{201},A89,export,2026-03-25 00:00:00.211236,2026-03-25 06:49:39
E6254,{201},A89,api_call,2026-03-25 00:00:00.601154,2026-03-26 14:20:25
E6255,{202},A90,login,2025-04-14 10:08:24.000000,2025-04-15 22:17:23
E6256,{202},A90,feature_call,2025-02-28 07:15:54.000000,2025-02-28 22:59:33
E6257,{202},A90,export,2025-03-10 17:56:46.000000,2025-03-10 18:56:16
E6258,{202},A90,api_call,2025-06-17 22:07:21.000000,2025-06-19 08:17:40
E6259,{202},A90,api_call,2025-05-11 02:09:03.000000,2025-05-12 08:44:48
E6260,{202},A90,feature_call,2025-05-06 00:13:25.000000,2025-05-06 14:26:55
E6261,{202},A90,export,2025-05-01 09:08:42.000000,2025-05-03 03:22:36
E6262,{202},A90,export,2025-04-21 05:43:35.000000,2025-04-23 00:47:34
E6263,{202},A90,login,2025-03-30 02:27:21.000000,2025-03-30 10:48:54
E6264,{202},A90,feature_call,2025-06-15 15:08:36.000000,2025-06-16 04:41:29
E6265,{202},A90,login,2025-08-04 04:12:26.000000,2025-08-06 03:08:13
E6266,{202},A90,feature_call,2025-04-16 19:56:01.000000,2025-04-17 17:05:22
E6267,{202},A90,feature_call,2025-04-19 11:58:54.000000,2025-04-19 13:58:06
E6268,{202},A90,export,2025-06-04 15:32:58.000000,2025-06-05 05:22:25
E6269,{202},A90,login,2025-06-03 14:34:54.000000,2025-06-05 05:10:13
E6270,{203},A90,feature_call,2025-02-13 01:27:57.000000,2025-02-14 22:13:10
E6271,{203},A90,api_call,2025-07-23 07:58:05.000000,2025-07-24 18:46:24
E6272,{203},A90,export,2025-07-27 18:33:05.000000,2025-07-29 00:16:01
E6273,{203},A90,api_call,2025-03-14 03:51:37.000000,2025-03-15 23:53:46
E6274,{203},A90,export,2025-05-08 04:46:27.000000,2025-05-08 12:53:33
E6275,{203},A90,export,2025-06-18 21:47:19.000000,2025-06-19 15:48:48
E6276,{203},A90,export,2025-04-30 09:30:59.000000,2025-05-01 11:43:18
E6277,{203},A90,export,2025-06-28 18:36:42.000000,2025-06-30 12:31:50
E6278,{203},A90,api_call,2025-07-29 20:37:43.000000,2025-07-29 22:21:21
E6279,{203},A90,feature_call,2025-05-07 00:58:22.000000,2025-05-07 06:15:18
E6280,{203},A90,login,2025-07-01 12:37:53.000000,2025-07-01 14:58:20
E6281,{203},A90,feature_call,2025-07-29 22:59:04.000000,2025-07-31 15:07:10
E6282,{203},A90,export,2025-04-25 02:46:35.000000,2025-04-25 04:07:27
E6283,{203},A90,login,2025-03-28 20:22:48.000000,2025-03-30 06:18:28
E6284,{203},A90,api_call,2025-04-24 22:47:18.000000,2025-04-25 14:19:03
E6285,{203},A90,export,2025-06-28 10:50:39.000000,2025-06-28 20:54:09
E6286,{203},A90,login,2025-04-16 07:05:11.000000,2025-04-17 00:02:40
E6287,{203},A90,login,2025-07-11 15:14:51.000000,2025-07-12 09:40:54
E6288,{203},A90,api_call,2025-04-09 21:51:15.000000,2025-04-11 16:22:11
E6289,{203},A90,login,2025-06-29 06:27:09.000000,2025-07-01 04:00:19
E6290,{203},A90,api_call,2025-03-25 07:06:57.000000,2025-03-25 07:54:25
E6291,{203},A90,export,2025-04-26 13:17:24.000000,2025-04-28 10:00:13
E6292,{203},A90,feature_call,2025-07-18 21:37:05.000000,2025-07-19 09:01:17
E6293,{203},A90,export,2025-02-25 13:20:59.000000,2025-02-26 06:23:58
E6294,{203},A90,feature_call,2025-03-30 09:10:42.000000,2025-04-01 05:56:20
E6295,{203},A90,feature_call,2025-03-30 05:31:15.000000,2025-03-31 21:57:36
E6296,{203},A90,feature_call,2025-02-11 22:34:57.000000,2025-02-13 15:20:35
E6297,{203},A90,login,2025-03-10 18:31:32.000000,2025-03-11 12:57:11
E6298,{203},A90,api_call,2025-06-07 11:02:50.000000,2025-06-08 00:53:36
E6299,{204},A91,api_call,2025-07-20 23:41:26.000000,2025-07-21 15:17:17
E6300,{204},A91,export,2025-07-29 19:28:20.000000,2025-07-31 08:49:32
E6301,{204},A91,feature_call,2025-07-12 07:45:49.000000,2025-07-13 07:52:09
E6302,{204},A91,api_call,2025-07-02 11:55:47.000000,2025-07-03 13:05:43
E6303,{204},A91,feature_call,2025-07-28 18:56:19.000000,2025-07-30 05:14:21
E6304,{204},A91,login,2025-07-20 03:21:30.000000,2025-07-21 15:38:22
E6305,{204},A91,login,2025-07-05 02:05:31.000000,2025-07-06 02:13:36
E6306,{205},A91,export,2025-07-08 20:04:03.000000,2025-07-10 03:47:24
E6307,{205},A91,api_call,2025-07-27 15:19:17.000000,2025-07-29 12:37:14
E6308,{205},A91,export,2025-07-30 20:09:41.000000,2025-07-31 09:12:57
E6309,{205},A91,export,2025-07-26 03:53:56.000000,2025-07-26 11:37:42
E6310,{205},A91,feature_call,2025-07-28 23:08:40.000000,2025-07-29 01:55:49
E6311,{205},A91,feature_call,2025-07-25 18:11:42.000000,2025-07-26 03:43:10
E6312,{205},A91,feature_call,2025-07-21 08:16:14.000000,2025-07-22 10:11:26
E6313,{205},A91,export,2025-07-06 04:04:38.000000,2025-07-07 15:23:17
E6314,{204},A91,api_call,2025-09-07 07:41:40.000000,2025-09-09 07:35:25
E6315,{204},A91,login,2025-09-28 07:53:17.000000,2025-09-28 14:33:56
E6316,{204},A91,export,2026-01-16 14:24:37.000000,2026-01-17 15:11:19
E6317,{204},A91,login,2026-01-15 02:00:40.000000,2026-01-16 01:52:09
E6318,{204},A91,login,2025-08-20 23:17:49.000000,2025-08-21 10:09:56
E6319,{204},A91,api_call,2026-01-24 17:05:40.000000,2026-01-24 22:32:27
E6320,{204},A91,api_call,2025-11-18 03:34:28.000000,2025-11-19 16:28:59
E6321,{204},A91,api_call,2025-10-04 12:12:30.000000,2025-10-05 06:01:56
E6322,{204},A91,export,2026-01-30 03:37:46.000000,2026-01-30 22:47:49
E6323,{204},A91,feature_call,2025-11-02 13:07:35.000000,2025-11-03 02:23:20
E6324,{205},A91,api_call,2025-08-28 23:45:48.000000,2025-08-30 16:01:00
E6325,{205},A91,feature_call,2025-09-22 08:15:30.000000,2025-09-22 14:09:34
E6326,{205},A91,export,2025-09-22 04:32:45.000000,2025-09-23 04:53:16
E6327,{205},A91,login,2025-12-11 17:33:06.000000,2025-12-12 10:04:23
E6328,{205},A91,login,2025-08-03 03:22:07.000000,2025-08-03 11:15:22
E6329,{205},A91,api_call,2025-10-28 23:43:02.000000,2025-10-29 15:43:20
E6330,{205},A91,export,2025-12-20 20:55:43.000000,2025-12-21 01:19:27
E6331,{205},A91,api_call,2025-09-10 18:09:15.000000,2025-09-11 00:11:35
E6332,{205},A91,login,2026-01-07 21:30:52.000000,2026-01-09 12:04:22
E6333,{205},A91,login,2026-01-16 03:33:34.000000,2026-01-17 03:05:59
E6334,{205},A91,login,2025-09-24 13:24:01.000000,2025-09-25 12:29:04
E6335,{205},A91,login,2026-01-06 20:12:02.000000,2026-01-08 14:01:13
E6336,{205},A91,login,2025-11-04 18:16:22.000000,2025-11-05 14:04:24
E6337,{205},A91,api_call,2025-08-31 11:36:04.000000,2025-09-02 04:17:40
E6338,{205},A91,api_call,2026-01-21 08:23:13.000000,2026-01-23 05:23:40
E6339,{205},A91,export,2025-12-27 10:35:22.000000,2025-12-29 03:34:20
E6340,{205},A91,login,2025-12-06 14:44:03.000000,2025-12-06 16:52:44
E6341,{205},A91,feature_call,2025-08-05 16:27:14.000000,2025-08-07 14:58:38
E6342,{205},A91,feature_call,2025-08-10 11:00:14.000000,2025-08-12 10:49:26
E6343,{205},A91,export,2025-10-01 07:18:39.000000,2025-10-01 23:07:30
E6344,{205},A91,api_call,2026-01-27 08:41:08.000000,2026-01-27 21:04:24
E6345,{205},A91,feature_call,2025-10-27 02:30:05.000000,2025-10-27 03:48:00
E6346,{205},A91,login,2025-12-21 18:58:50.000000,2025-12-22 00:51:47
E6347,{205},A91,api_call,2025-11-03 00:13:13.000000,2025-11-04 22:05:35
E6348,{205},A91,feature_call,2025-11-12 13:05:14.000000,2025-11-13 09:13:40
E6349,{205},A91,feature_call,2025-11-18 18:42:38.000000,2025-11-20 06:04:12
E6350,{205},A91,api_call,2025-08-04 00:04:47.000000,2025-08-05 04:44:18
E6351,{205},A91,export,2025-09-14 07:12:42.000000,2025-09-15 11:08:24
E6352,{205},A91,api_call,2025-09-02 00:17:48.000000,2025-09-02 07:38:17
E6353,{205},A91,api_call,2025-08-15 18:34:21.000000,2025-08-16 06:17:16
E6354,{205},A91,login,2025-10-12 09:23:29.000000,2025-10-13 06:33:36
E6355,{205},A91,feature_call,2025-10-08 17:05:30.000000,2025-10-10 07:25:42
E6356,{205},A91,feature_call,2025-11-07 23:25:23.000000,2025-11-07 23:42:01
E6357,{205},A91,feature_call,2025-12-04 22:38:43.000000,2025-12-06 13:05:30
E6358,{205},A91,login,2025-12-01 01:26:34.000000,2025-12-02 10:50:07
E6359,{205},A91,export,2026-01-10 08:01:59.000000,2026-01-10 13:05:05
E6360,{205},A91,api_call,2025-09-25 04:58:47.000000,2025-09-26 14:23:58
E6361,{205},A91,login,2025-10-15 23:59:02.000000,2025-10-16 09:44:42
E6362,{205},A91,export,2025-10-17 09:49:44.000000,2025-10-19 08:25:38
E6363,{205},A91,api_call,2026-02-02 00:00:00.187698,2026-02-03 13:08:44
E6364,{206},A92,api_call,2026-01-22 11:19:27.000000,2026-01-22 16:23:41
E6365,{206},A92,export,2025-12-17 05:15:24.000000,2025-12-18 05:37:31
E6366,{206},A92,feature_call,2026-01-12 01:02:40.000000,2026-01-13 16:04:30
E6367,{206},A92,api_call,2025-09-20 01:49:11.000000,2025-09-21 05:59:34
E6368,{206},A92,login,2025-11-16 20:18:03.000000,2025-11-17 11:43:24
E6369,{206},A92,export,2025-11-28 09:31:29.000000,2025-11-29 02:56:19
E6370,{206},A92,feature_call,2025-09-20 07:51:29.000000,2025-09-22 07:41:20
E6371,{206},A92,login,2025-07-19 21:52:14.000000,2025-07-20 19:20:31
E6372,{206},A92,api_call,2025-11-28 03:40:45.000000,2025-11-29 02:35:01
E6373,{206},A92,api_call,2025-07-20 08:33:55.000000,2025-07-22 02:51:53
E6374,{207},A92,export,2025-08-11 08:21:02.000000,2025-08-11 19:30:38
E6375,{208},A93,export,2025-11-10 15:17:46.000000,2025-11-11 19:16:26
E6376,{208},A93,export,2025-08-09 22:56:15.000000,2025-08-10 15:44:05
E6377,{208},A93,export,2025-09-18 15:38:33.000000,2025-09-19 15:08:09
E6378,{208},A93,api_call,2026-01-09 09:37:36.000000,2026-01-10 01:13:01
E6379,{208},A93,feature_call,2025-12-12 22:06:39.000000,2025-12-13 17:02:43
E6380,{208},A93,login,2025-07-25 16:53:26.000000,2025-07-26 11:11:50
E6381,{209},A93,api_call,2025-10-29 03:09:49.000000,2025-10-30 12:57:09
E6382,{209},A93,api_call,2025-12-13 23:17:52.000000,2025-12-14 14:22:52
E6383,{209},A93,login,2025-07-09 05:48:55.000000,2025-07-09 21:59:47
E6384,{209},A93,login,2026-01-03 00:24:48.000000,2026-01-03 15:21:52
E6385,{209},A93,feature_call,2025-07-22 11:14:11.000000,2025-07-22 12:31:42
E6386,{209},A93,feature_call,2025-07-29 10:00:45.000000,2025-07-30 04:20:52
E6387,{209},A93,export,2025-11-13 02:04:59.000000,2025-11-13 21:19:46
E6388,{209},A93,export,2025-08-17 16:50:54.000000,2025-08-18 14:28:06
E6389,{210},A93,login,2025-08-09 07:14:42.000000,2025-08-10 23:19:47
E6390,{210},A93,login,2025-11-17 14:14:17.000000,2025-11-19 03:55:26
E6391,{210},A93,feature_call,2025-11-07 06:48:04.000000,2025-11-08 19:44:12
E6392,{210},A93,api_call,2025-10-22 02:23:34.000000,2025-10-22 15:56:24
E6393,{210},A93,export,2025-11-28 09:16:08.000000,2025-11-28 12:42:48
E6394,{210},A93,feature_call,2025-10-03 13:56:13.000000,2025-10-05 01:03:25
E6395,{210},A93,export,2025-08-23 19:58:54.000000,2025-08-25 18:48:13
E6396,{210},A93,export,2025-07-10 23:30:43.000000,2025-07-12 09:58:01
E6397,{210},A93,login,2025-09-06 04:32:22.000000,2025-09-06 17:56:26
E6398,{210},A93,api_call,2025-12-07 13:41:43.000000,2025-12-08 12:39:44
E6399,{210},A93,api_call,2026-01-10 06:17:52.000000,2026-01-10 19:47:46
E6400,{210},A93,login,2026-01-03 02:29:07.000000,2026-01-03 19:50:35
E6401,{210},A93,api_call,2026-01-03 20:37:26.000000,2026-01-05 07:53:22
E6402,{210},A93,login,2025-11-18 20:56:02.000000,2025-11-20 18:12:38
E6403,{209},A93,feature_call,2026-01-31 14:12:06.000000,2026-01-31 21:37:00
E6404,{209},A93,login,2026-03-20 23:07:31.000000,2026-03-22 06:24:49
E6405,{209},A93,export,2026-03-08 02:47:03.000000,2026-03-08 11:39:12
E6406,{209},A93,api_call,2026-03-25 17:05:14.000000,2026-03-25 17:20:21
E6407,{209},A93,feature_call,2026-02-20 13:44:58.000000,2026-02-22 02:15:14
E6408,{209},A93,export,2026-03-04 15:18:22.000000,2026-03-06 08:30:42
E6409,{209},A93,api_call,2026-03-02 14:41:28.000000,2026-03-04 13:04:34
E6410,{209},A93,api_call,2026-03-16 16:28:14.000000,2026-03-17 21:02:23
E6411,{209},A93,feature_call,2026-02-06 13:11:16.000000,2026-02-07 01:24:02
E6412,{209},A93,api_call,2026-03-20 05:35:46.000000,2026-03-21 06:12:16
E6413,{209},A93,feature_call,2026-02-03 21:12:34.000000,2026-02-04 07:56:13
E6414,{209},A93,export,2026-02-16 09:11:53.000000,2026-02-18 05:35:39
E6415,{209},A93,api_call,2026-03-31 12:22:50.000000,2026-04-01 07:06:53
E6416,{209},A93,feature_call,2026-02-04 19:25:48.000000,2026-02-04 22:10:42
E6417,{209},A93,login,2026-02-21 08:58:32.000000,2026-02-23 05:23:35
E6418,{209},A93,export,2026-02-05 15:50:14.000000,2026-02-06 23:54:49
E6419,{209},A93,login,2026-03-27 02:28:37.000000,2026-03-27 17:26:44
E6420,{209},A93,api_call,2026-03-24 01:51:25.000000,2026-03-25 16:22:45
E6421,{209},A93,api_call,2026-03-20 10:25:16.000000,2026-03-21 19:56:50
E6422,{209},A93,login,2026-02-25 14:37:26.000000,2026-02-26 03:52:34
E6423,{209},A93,feature_call,2026-02-04 02:45:06.000000,2026-02-04 19:59:29
E6424,{209},A93,api_call,2026-02-13 19:56:12.000000,2026-02-15 13:07:37
E6425,{211},A94,feature_call,2025-05-28 22:28:20.000000,2025-05-30 17:40:13
E6426,{211},A94,feature_call,2025-06-18 07:26:44.000000,2025-06-19 09:15:14
E6427,{211},A94,api_call,2025-05-30 13:38:46.000000,2025-05-31 03:54:45
E6428,{211},A94,login,2025-07-03 20:36:26.000000,2025-07-04 08:22:52
E6429,{211},A94,api_call,2025-08-01 02:40:44.000000,2025-08-01 11:43:26
E6430,{211},A94,login,2025-07-01 09:47:12.000000,2025-07-01 20:43:18
E6431,{211},A94,api_call,2025-06-05 14:06:02.000000,2025-06-06 10:45:12
E6432,{211},A94,api_call,2025-06-04 10:00:10.000000,2025-06-05 04:41:47
E6433,{211},A94,export,2025-07-02 07:44:28.000000,2025-07-04 04:50:35
E6434,{211},A94,login,2025-06-01 12:30:55.000000,2025-06-02 18:14:28
E6435,{211},A94,export,2025-07-12 10:05:35.000000,2025-07-14 03:35:11
E6436,{211},A94,api_call,2025-07-23 13:00:51.000000,2025-07-24 23:02:16
E6437,{211},A94,feature_call,2025-06-28 11:02:57.000000,2025-06-29 03:10:03
E6438,{211},A94,login,2025-05-25 05:41:50.000000,2025-05-26 21:16:03
E6439,{211},A94,api_call,2025-07-27 15:40:35.000000,2025-07-27 19:38:50
E6440,{211},A94,export,2025-07-08 10:31:36.000000,2025-07-08 18:16:17
E6441,{211},A94,feature_call,2025-07-06 23:49:30.000000,2025-07-08 17:59:10
E6442,{211},A94,api_call,2025-08-14 11:43:14.000000,2025-08-15 07:35:18
E6443,{211},A94,api_call,2025-06-14 09:18:49.000000,2025-06-15 11:23:05
E6444,{211},A94,login,2025-08-14 03:38:06.000000,2025-08-14 17:00:19
E6445,{211},A94,export,2025-06-30 14:06:18.000000,2025-07-02 05:05:53
E6446,{211},A94,feature_call,2025-06-19 10:57:49.000000,2025-06-19 16:27:52
E6447,{211},A94,feature_call,2025-06-08 21:58:13.000000,2025-06-10 09:04:36
E6448,{211},A94,login,2025-05-24 12:18:23.000000,2025-05-25 11:41:49
E6449,{211},A94,feature_call,2025-06-21 02:24:44.000000,2025-06-22 07:24:40
E6450,{211},A94,api_call,2025-06-11 00:18:39.000000,2025-06-12 08:15:53
E6451,{211},A94,login,2025-06-16 19:40:32.000000,2025-06-18 05:45:34
E6452,{211},A94,login,2025-07-23 01:58:00.000000,2025-07-23 03:00:16
E6453,{211},A94,export,2025-07-29 17:26:59.000000,2025-07-30 19:01:07
E6454,{211},A94,export,2025-07-19 23:05:27.000000,2025-07-21 06:56:20
E6455,{211},A94,login,2025-08-04 19:39:45.000000,2025-08-06 08:12:37
E6456,{211},A94,feature_call,2025-06-27 22:37:59.000000,2025-06-29 08:41:27
E6457,{211},A94,export,2025-07-24 18:52:42.000000,2025-07-25 20:14:06
E6458,{211},A94,api_call,2025-06-21 00:52:35.000000,2025-06-22 21:51:40
E6459,{212},A94,login,2025-05-31 16:23:49.000000,2025-06-01 03:27:35
E6460,{212},A94,login,2025-05-18 20:37:49.000000,2025-05-19 05:24:52
E6461,{212},A94,api_call,2025-07-29 12:27:03.000000,2025-07-30 15:15:13
E6462,{212},A94,api_call,2025-06-08 16:06:19.000000,2025-06-10 10:11:11
E6463,{212},A94,feature_call,2025-07-25 18:01:20.000000,2025-07-27 13:39:44
E6464,{212},A94,api_call,2025-06-16 13:18:12.000000,2025-06-16 22:26:26
E6465,{212},A94,export,2025-07-27 01:02:57.000000,2025-07-27 22:17:18
E6466,{212},A94,feature_call,2025-06-20 21:31:00.000000,2025-06-22 04:34:16
E6467,{212},A94,feature_call,2025-06-28 03:53:35.000000,2025-06-28 19:56:28
E6468,{212},A94,export,2025-07-15 19:09:30.000000,2025-07-16 04:23:39
E6469,{212},A94,export,2025-08-13 03:08:58.000000,2025-08-15 01:34:46
E6470,{212},A94,feature_call,2025-07-31 08:41:14.000000,2025-08-01 21:35:39
E6471,{212},A94,export,2025-05-28 07:23:39.000000,2025-05-28 17:20:35
E6472,{212},A94,feature_call,2025-06-16 10:25:03.000000,2025-06-16 14:39:28
E6473,{212},A94,login,2025-06-13 08:36:34.000000,2025-06-14 16:27:29
E6474,{212},A94,login,2025-06-14 08:43:03.000000,2025-06-14 13:06:04
E6475,{212},A94,login,2025-07-18 19:26:39.000000,2025-07-19 16:20:23
E6476,{212},A94,login,2025-07-24 07:28:40.000000,2025-07-25 07:51:49
E6477,{212},A94,api_call,2025-05-28 23:19:53.000000,2025-05-29 18:08:44
E6478,{212},A94,api_call,2025-07-22 10:03:24.000000,2025-07-23 21:23:47
E6479,{212},A94,feature_call,2025-05-18 06:20:26.000000,2025-05-19 08:16:23
E6480,{212},A94,feature_call,2025-07-12 07:19:50.000000,2025-07-13 15:57:38
E6481,{211},A94,export,2025-11-16 10:17:53.000000,2025-11-16 12:32:37
E6482,{211},A94,feature_call,2025-10-08 04:34:48.000000,2025-10-09 02:56:52
E6483,{211},A94,login,2025-09-13 08:16:25.000000,2025-09-14 06:33:29
E6484,{211},A94,export,2026-01-02 02:21:17.000000,2026-01-03 20:56:29
E6485,{211},A94,login,2025-08-24 02:56:51.000000,2025-08-24 18:57:07
E6486,{211},A94,feature_call,2025-08-31 06:48:21.000000,2025-09-01 03:24:49
E6487,{211},A94,login,2025-11-01 08:59:21.000000,2025-11-02 03:10:50
E6488,{211},A94,login,2025-09-12 04:38:22.000000,2025-09-12 23:45:31
E6489,{211},A94,export,2025-12-27 15:45:11.000000,2025-12-28 04:26:57
E6490,{211},A94,api_call,2025-09-15 02:28:41.000000,2025-09-15 13:50:50
E6491,{211},A94,login,2025-12-17 00:10:23.000000,2025-12-18 08:01:52
E6492,{211},A94,login,2025-12-07 12:37:28.000000,2025-12-07 19:50:50
E6493,{211},A94,feature_call,2025-09-20 01:47:19.000000,2025-09-22 01:25:47
E6494,{211},A94,api_call,2025-11-06 22:31:36.000000,2025-11-07 04:46:02
E6495,{211},A94,api_call,2025-11-03 19:27:54.000000,2025-11-04 16:43:14
E6496,{211},A94,login,2025-11-23 22:16:04.000000,2025-11-24 18:47:44
E6497,{211},A94,api_call,2025-08-31 15:57:55.000000,2025-09-02 04:28:31
E6498,{211},A94,export,2025-08-31 23:13:51.000000,2025-09-01 05:34:17
E6499,{211},A94,api_call,2025-10-03 03:01:48.000000,2025-10-03 08:21:16
E6500,{211},A94,login,2025-11-26 01:23:28.000000,2025-11-26 13:41:31
E6501,{211},A94,feature_call,2025-09-10 19:16:00.000000,2025-09-11 12:25:25
E6502,{211},A94,feature_call,2025-11-30 08:52:05.000000,2025-12-01 10:44:22
E6503,{211},A94,login,2025-09-27 14:27:38.000000,2025-09-28 19:11:12
E6504,{211},A94,export,2025-11-10 06:05:32.000000,2025-11-10 09:33:42
E6505,{211},A94,api_call,2025-10-21 15:28:05.000000,2025-10-22 14:49:51
E6506,{211},A94,api_call,2026-01-05 21:27:16.000000,2026-01-06 09:40:25
E6507,{211},A94,login,2025-09-23 13:51:22.000000,2025-09-23 20:19:28
E6508,{211},A94,api_call,2025-10-27 21:19:16.000000,2025-10-28 10:06:16
E6509,{211},A94,api_call,2025-11-16 12:29:46.000000,2025-11-17 09:47:29
E6510,{211},A94,export,2025-11-26 12:12:55.000000,2025-11-27 03:49:33
E6511,{211},A94,api_call,2025-11-16 04:04:09.000000,2025-11-17 08:05:12
E6512,{211},A94,feature_call,2025-12-03 02:08:25.000000,2025-12-03 16:06:54
E6513,{211},A94,export,2025-10-01 21:16:13.000000,2025-10-02 20:13:20
E6514,{211},A94,login,2025-11-10 13:58:34.000000,2025-11-11 10:07:46
E6515,{211},A94,login,2025-11-22 21:01:53.000000,2025-11-22 23:09:14
E6516,{211},A94,export,2025-09-29 09:03:10.000000,2025-10-01 00:56:33
E6517,{211},A94,api_call,2025-10-24 07:50:34.000000,2025-10-26 02:29:50
E6518,{211},A94,api_call,2025-12-04 01:56:09.000000,2025-12-04 04:08:56
E6519,{211},A94,feature_call,2025-12-24 10:54:50.000000,2025-12-26 01:09:14
E6520,{211},A94,feature_call,2025-11-12 22:33:33.000000,2025-11-13 17:21:47
E6521,{211},A94,login,2025-09-24 20:17:32.000000,2025-09-26 12:12:09
E6522,{212},A94,login,2025-11-08 04:19:57.000000,2025-11-09 15:45:59
E6523,{212},A94,login,2025-11-23 18:45:41.000000,2025-11-25 10:27:20
E6524,{212},A94,api_call,2025-11-26 13:05:59.000000,2025-11-26 19:46:01
E6525,{212},A94,feature_call,2025-11-03 14:07:10.000000,2025-11-03 15:20:29
E6526,{212},A94,feature_call,2025-12-01 21:19:52.000000,2025-12-02 00:08:45
E6527,{212},A94,feature_call,2025-09-26 19:02:58.000000,2025-09-28 14:37:43
E6528,{212},A94,export,2025-10-01 03:08:08.000000,2025-10-02 01:14:24
E6529,{212},A94,feature_call,2025-11-21 02:51:19.000000,2025-11-22 01:49:14
E6530,{212},A94,feature_call,2025-12-29 04:24:07.000000,2025-12-30 02:01:19
E6531,{212},A94,export,2025-08-31 03:58:09.000000,2025-08-31 04:04:36
E6532,{212},A94,export,2025-11-19 05:43:01.000000,2025-11-20 08:44:03
E6533,{212},A94,api_call,2025-09-04 11:33:16.000000,2025-09-04 15:46:36
E6534,{212},A94,login,2025-12-18 10:04:25.000000,2025-12-18 18:40:09
E6535,{212},A94,feature_call,2025-09-02 01:21:01.000000,2025-09-03 20:43:38
E6536,{212},A94,export,2025-10-12 19:24:59.000000,2025-10-13 15:53:00
E6537,{212},A94,api_call,2025-12-26 11:34:17.000000,2025-12-28 09:59:51
E6538,{212},A94,login,2025-09-19 11:55:34.000000,2025-09-21 10:18:23
E6539,{212},A94,feature_call,2025-08-23 06:07:13.000000,2025-08-23 10:55:28
E6540,{212},A94,export,2025-10-29 03:57:48.000000,2025-10-30 01:15:38
E6541,{212},A94,login,2025-08-27 04:05:10.000000,2025-08-28 21:13:56
E6542,{212},A94,login,2025-10-02 05:33:28.000000,2025-10-03 12:30:48
E6543,{212},A94,export,2025-11-05 06:08:13.000000,2025-11-06 08:52:24
E6544,{212},A94,export,2025-11-07 09:29:35.000000,2025-11-08 09:49:03
E6545,{212},A94,export,2025-08-25 11:15:34.000000,2025-08-26 18:59:50
E6546,{212},A94,api_call,2025-09-14 00:14:01.000000,2025-09-15 10:24:04
E6547,{212},A94,feature_call,2025-09-11 19:48:57.000000,2025-09-13 10:56:05
E6548,{212},A94,api_call,2025-09-17 01:58:22.000000,2025-09-17 05:26:47
E6549,{212},A94,login,2025-12-23 08:58:50.000000,2025-12-24 04:01:40
E6550,{212},A94,feature_call,2025-12-20 03:20:52.000000,2025-12-20 04:40:28
E6551,{212},A94,api_call,2025-11-10 09:37:49.000000,2025-11-11 06:53:26
E6552,{212},A94,feature_call,2025-12-03 07:20:28.000000,2025-12-04 16:35:59
E6553,{212},A94,login,2025-12-10 07:02:57.000000,2025-12-11 09:01:51
E6554,{212},A94,api_call,2025-12-08 04:28:19.000000,2025-12-08 16:24:34
E6555,{212},A94,api_call,2025-10-30 05:11:38.000000,2025-10-30 19:13:32
E6556,{212},A94,api_call,2025-12-13 02:57:39.000000,2025-12-14 22:36:53
E6557,{212},A94,api_call,2025-12-11 03:24:19.000000,2025-12-11 21:37:28
E6558,{212},A94,login,2025-10-09 05:35:01.000000,2025-10-09 15:42:32
E6559,{212},A94,api_call,2025-10-24 11:29:55.000000,2025-10-24 14:55:05
E6560,{212},A94,api_call,2025-11-27 02:28:08.000000,2025-11-27 06:26:11
E6561,{212},A94,api_call,2025-10-24 19:45:32.000000,2025-10-26 08:13:31
E6562,{212},A94,export,2025-10-24 10:40:31.000000,2025-10-26 06:52:02
E6563,{212},A94,export,2025-12-14 15:17:37.000000,2025-12-16 02:36:34
E6564,{212},A94,feature_call,2025-12-24 10:57:09.000000,2025-12-24 18:46:46
E6565,{212},A94,api_call,2025-12-25 19:00:41.000000,2025-12-27 00:05:21
E6566,{212},A94,feature_call,2025-10-30 08:58:58.000000,2025-10-31 19:50:20
E6567,{212},A94,login,2025-10-15 18:39:25.000000,2025-10-16 08:15:09
E6568,{212},A94,api_call,2025-11-05 09:38:37.000000,2025-11-06 06:56:50
E6569,{213},A95,feature_call,2025-04-14 06:43:06.000000,2025-04-14 20:42:05
E6570,{213},A95,login,2025-05-17 16:27:36.000000,2025-05-18 16:57:42
E6571,{213},A95,api_call,2025-04-15 13:56:47.000000,2025-04-16 01:03:25
E6572,{213},A95,feature_call,2025-06-01 20:44:40.000000,2025-06-02 11:45:29
E6573,{213},A95,api_call,2025-05-03 12:57:04.000000,2025-05-04 18:08:14
E6574,{213},A95,api_call,2025-05-31 10:50:10.000000,2025-06-01 17:11:29
E6575,{213},A95,api_call,2025-05-04 16:21:52.000000,2025-05-05 06:47:18
E6576,{213},A95,login,2025-05-18 07:54:00.000000,2025-05-18 09:14:39
E6577,{213},A95,login,2025-04-25 11:16:19.000000,2025-04-25 13:01:27
E6578,{213},A95,login,2025-05-31 01:12:22.000000,2025-05-31 08:47:21
E6579,{213},A95,export,2025-04-27 14:21:54.000000,2025-04-28 07:40:56
E6580,{213},A95,api_call,2025-05-19 12:10:33.000000,2025-05-20 21:57:56
E6581,{213},A95,api_call,2025-05-09 12:37:09.000000,2025-05-09 16:28:41
E6582,{213},A95,export,2025-05-02 02:18:31.000000,2025-05-02 18:50:50
E6583,{213},A95,api_call,2025-04-25 09:23:13.000000,2025-04-25 11:42:09
E6584,{213},A95,login,2025-06-08 00:53:13.000000,2025-06-09 21:26:07
E6585,{213},A95,api_call,2025-04-20 14:03:37.000000,2025-04-20 16:58:02
E6586,{213},A95,login,2025-06-10 15:15:18.000000,2025-06-11 02:05:38
E6587,{213},A95,export,2025-06-11 22:29:52.000000,2025-06-13 00:33:02
E6588,{213},A95,feature_call,2025-04-25 08:31:58.000000,2025-04-26 18:00:15
E6589,{213},A95,feature_call,2025-05-09 21:15:48.000000,2025-05-10 03:33:41
E6590,{213},A95,login,2025-04-18 08:18:45.000000,2025-04-18 08:21:11
E6591,{213},A95,api_call,2025-04-16 21:05:51.000000,2025-04-18 10:19:08
E6592,{213},A95,api_call,2025-05-28 06:57:40.000000,2025-05-28 13:01:57
E6593,{213},A95,export,2025-04-23 04:21:58.000000,2025-04-24 00:17:30
E6594,{213},A95,feature_call,2025-04-16 13:19:23.000000,2025-04-17 09:04:29
E6595,{213},A95,feature_call,2025-05-16 09:11:58.000000,2025-05-17 06:18:51
E6596,{213},A95,feature_call,2025-06-04 15:22:42.000000,2025-06-06 11:28:02
E6597,{213},A95,feature_call,2025-04-21 07:50:53.000000,2025-04-22 20:30:26
E6598,{213},A95,export,2025-04-17 08:45:49.000000,2025-04-17 22:04:53
E6599,{214},A95,login,2025-04-13 16:37:30.000000,2025-04-14 03:30:58
E6600,{214},A95,feature_call,2025-05-03 01:37:08.000000,2025-05-04 12:19:12
E6601,{214},A95,export,2025-05-08 06:36:33.000000,2025-05-09 23:49:03
E6602,{214},A95,feature_call,2025-05-03 06:39:42.000000,2025-05-03 10:17:21
E6603,{214},A95,login,2025-04-28 06:06:51.000000,2025-04-28 12:44:48
E6604,{214},A95,feature_call,2025-05-07 12:12:27.000000,2025-05-08 17:31:55
E6605,{214},A95,login,2025-05-28 19:39:50.000000,2025-05-29 11:11:05
E6606,{214},A95,api_call,2025-04-23 15:50:00.000000,2025-04-24 18:45:52
E6607,{214},A95,feature_call,2025-05-18 19:31:28.000000,2025-05-19 20:43:47
E6608,{214},A95,feature_call,2025-04-16 13:26:38.000000,2025-04-17 22:05:59
E6609,{214},A95,login,2025-04-13 00:27:57.000000,2025-04-13 12:29:31
E6610,{214},A95,feature_call,2025-05-14 19:06:55.000000,2025-05-15 12:35:15
E6611,{214},A95,login,2025-04-22 09:19:59.000000,2025-04-23 16:32:37
E6612,{214},A95,api_call,2025-05-12 02:06:20.000000,2025-05-12 05:35:00
E6613,{214},A95,api_call,2025-04-18 09:31:33.000000,2025-04-20 01:21:12
E6614,{214},A95,login,2025-05-28 10:34:49.000000,2025-05-29 08:51:43
E6615,{214},A95,export,2025-04-30 05:59:42.000000,2025-05-01 17:20:53
E6616,{214},A95,api_call,2025-04-22 03:35:37.000000,2025-04-23 15:57:32
E6617,{214},A95,login,2025-05-17 22:24:11.000000,2025-05-19 02:25:09
E6618,{214},A95,api_call,2025-05-10 12:04:07.000000,2025-05-12 08:08:29
E6619,{214},A95,export,2025-05-10 23:46:58.000000,2025-05-11 23:40:50
E6620,{214},A95,export,2025-04-19 05:30:51.000000,2025-04-21 03:18:32
E6621,{214},A95,feature_call,2025-05-12 14:48:21.000000,2025-05-13 14:48:29
E6622,{214},A95,export,2025-05-27 13:35:23.000000,2025-05-29 03:31:58
E6623,{214},A95,feature_call,2025-06-01 08:15:39.000000,2025-06-02 02:43:41
E6624,{214},A95,api_call,2025-05-26 04:38:55.000000,2025-05-27 07:14:49
E6625,{214},A95,login,2025-04-30 04:40:05.000000,2025-04-30 12:18:08
E6626,{214},A95,feature_call,2025-05-29 02:11:07.000000,2025-05-30 17:21:34
E6627,{214},A95,feature_call,2025-06-02 11:52:08.000000,2025-06-03 03:07:44
E6628,{214},A95,login,2025-05-27 19:31:27.000000,2025-05-28 08:07:33
E6629,{216},A96,feature_call,2025-08-07 10:33:13.000000,2025-08-07 21:31:17
E6630,{216},A96,export,2025-09-26 20:22:11.000000,2025-09-28 20:08:56
E6631,{216},A96,api_call,2025-09-25 07:53:38.000000,2025-09-26 10:55:32
E6632,{216},A96,api_call,2025-06-11 17:28:47.000000,2025-06-13 04:51:14
E6633,{216},A96,export,2025-11-01 13:06:43.000000,2025-11-02 18:32:34
E6634,{216},A96,login,2025-11-16 05:06:55.000000,2025-11-16 17:37:26
E6635,{216},A96,export,2025-12-07 06:40:28.000000,2025-12-08 09:29:06
E6636,{216},A96,login,2025-10-02 15:24:54.000000,2025-10-04 08:49:54
E6637,{216},A96,export,2025-05-11 11:42:30.000000,2025-05-13 09:06:08
E6638,{216},A96,login,2026-01-03 04:16:27.000000,2026-01-03 20:46:24
E6639,{216},A96,login,2025-05-04 19:28:24.000000,2025-05-06 18:30:53
E6640,{216},A96,api_call,2025-05-26 01:43:36.000000,2025-05-27 22:59:17
E6641,{216},A96,export,2025-09-21 09:23:29.000000,2025-09-21 20:53:00
E6642,{216},A96,api_call,2025-05-05 21:13:31.000000,2025-05-07 17:01:06
E6643,{216},A96,login,2025-05-17 00:12:34.000000,2025-05-18 12:18:47
E6644,{216},A96,login,2025-12-01 09:07:29.000000,2025-12-03 08:19:47
E6645,{216},A96,export,2025-08-12 05:22:53.000000,2025-08-13 15:20:23
E6646,{216},A96,login,2025-05-10 08:14:36.000000,2025-05-12 04:26:54
E6647,{216},A96,export,2025-05-29 10:36:10.000000,2025-05-29 18:58:03
E6648,{216},A96,api_call,2025-04-28 15:41:24.000000,2025-04-29 16:53:43
E6649,{216},A96,api_call,2025-12-23 09:18:52.000000,2025-12-23 19:21:35
E6650,{216},A96,login,2025-10-26 19:09:21.000000,2025-10-28 01:17:37
E6651,{216},A96,api_call,2025-12-22 09:20:46.000000,2025-12-22 18:56:01
E6652,{216},A96,api_call,2026-01-08 01:14:22.000000,2026-01-09 07:10:59
E6653,{216},A96,export,2025-08-29 19:36:52.000000,2025-08-30 08:55:45
E6654,{216},A96,login,2025-11-16 06:17:05.000000,2025-11-16 13:45:28
E6655,{216},A96,api_call,2025-11-23 17:30:46.000000,2025-11-24 07:11:24
E6656,{216},A96,login,2026-01-12 01:24:27.000000,2026-01-13 16:23:05
E6657,{216},A96,api_call,2025-08-16 01:36:41.000000,2025-08-17 22:19:42
E6658,{216},A96,export,2025-10-16 09:59:01.000000,2025-10-16 17:48:50
E6659,{217},A97,api_call,2026-01-08 18:50:47.000000,2026-01-10 14:06:24
E6660,{217},A97,login,2025-11-23 19:34:31.000000,2025-11-25 15:40:03
E6661,{217},A97,api_call,2025-07-31 09:38:14.000000,2025-08-01 04:36:00
E6662,{217},A97,export,2025-10-10 22:36:33.000000,2025-10-11 16:59:05
E6663,{217},A97,export,2025-07-20 01:28:19.000000,2025-07-21 15:13:56
E6664,{217},A97,login,2025-08-13 17:37:38.000000,2025-08-14 15:42:11
E6665,{217},A97,login,2025-07-13 15:19:22.000000,2025-07-14 04:39:06
E6666,{217},A97,login,2025-10-20 17:51:08.000000,2025-10-20 21:15:01
E6667,{217},A97,feature_call,2025-08-22 12:40:46.000000,2025-08-24 06:58:12
E6668,{218},A97,login,2025-10-11 16:15:52.000000,2025-10-13 07:27:22
E6669,{218},A97,feature_call,2025-09-03 05:22:22.000000,2025-09-04 21:12:32
E6670,{218},A97,feature_call,2025-12-09 16:22:57.000000,2025-12-10 07:58:33
E6671,{218},A97,feature_call,2025-07-07 17:39:33.000000,2025-07-09 11:46:30
E6672,{218},A97,export,2025-12-19 21:15:38.000000,2025-12-21 12:01:02
E6673,{219},A97,login,2025-08-29 20:20:48.000000,2025-08-31 03:30:53
E6674,{219},A97,export,2025-09-08 14:55:24.000000,2025-09-09 11:37:07
E6675,{219},A97,feature_call,2025-11-09 02:17:50.000000,2025-11-09 02:32:23
E6676,{219},A97,export,2025-09-22 10:09:06.000000,2025-09-22 15:00:14
E6677,{219},A97,feature_call,2026-01-08 07:00:57.000000,2026-01-08 18:52:28
E6678,{219},A97,login,2025-10-10 13:11:48.000000,2025-10-10 17:48:09
E6679,{219},A97,export,2026-01-01 21:04:51.000000,2026-01-02 15:35:24
E6680,{219},A97,feature_call,2025-10-21 01:14:43.000000,2025-10-22 19:24:59
E6681,{219},A97,login,2025-08-15 16:04:43.000000,2025-08-16 07:49:16
E6682,{219},A97,feature_call,2025-11-29 06:48:18.000000,2025-11-30 22:21:12
E6683,{220},A97,api_call,2025-11-06 23:38:43.000000,2025-11-08 02:27:07
E6684,{220},A97,login,2025-12-09 10:10:28.000000,2025-12-09 16:59:13
E6685,{220},A97,login,2025-08-07 09:46:20.000000,2025-08-08 05:20:39
E6686,{220},A97,api_call,2025-12-11 11:27:06.000000,2025-12-12 07:22:31
E6687,{220},A97,login,2025-07-20 04:39:45.000000,2025-07-21 01:56:26
E6688,{217},A97,api_call,2026-03-02 23:22:29.000000,2026-03-04 11:43:45
E6689,{217},A97,feature_call,2026-03-30 15:23:51.000000,2026-03-31 17:06:03
E6690,{218},A97,export,2026-03-10 23:28:43.000000,2026-03-12 00:01:51
E6691,{218},A97,login,2025-12-25 16:01:06.000000,2025-12-27 03:37:52
E6692,{218},A97,feature_call,2026-01-31 22:47:06.000000,2026-02-02 07:42:12
E6693,{218},A97,login,2025-11-01 08:49:13.000000,2025-11-02 11:22:46
E6694,{218},A97,feature_call,2026-01-29 01:30:45.000000,2026-01-29 10:50:12
E6695,{218},A97,login,2025-10-02 19:34:30.000000,2025-10-03 11:16:42
E6696,{218},A97,feature_call,2025-12-12 17:44:01.000000,2025-12-14 01:11:06
E6697,{218},A97,feature_call,2025-10-16 11:59:32.000000,2025-10-17 13:45:16
E6698,{218},A97,export,2026-01-10 08:55:41.000000,2026-01-11 07:20:05
E6699,{218},A97,api_call,2025-11-11 01:22:57.000000,2025-11-11 02:02:41
E6700,{219},A97,feature_call,2026-02-11 11:09:44.000000,2026-02-11 16:11:00
E6701,{219},A97,feature_call,2025-11-21 00:02:14.000000,2025-11-21 21:05:28
E6702,{219},A97,export,2025-12-24 02:28:44.000000,2025-12-26 02:13:27
E6703,{221},A98,export,2025-07-19 21:38:41.000000,2025-07-20 16:25:20
E6704,{221},A98,export,2025-07-29 16:57:25.000000,2025-07-30 23:05:30
E6705,{221},A98,login,2025-12-28 16:25:21.000000,2025-12-29 23:27:01
E6706,{221},A98,feature_call,2025-08-31 14:26:28.000000,2025-09-02 13:19:01
E6707,{221},A98,export,2025-10-13 08:14:04.000000,2025-10-14 00:00:35
E6708,{221},A98,feature_call,2025-06-13 17:29:09.000000,2025-06-14 12:14:03
E6709,{221},A98,api_call,2025-08-26 18:44:53.000000,2025-08-27 16:04:25
E6710,{221},A98,export,2025-10-09 00:26:19.000000,2025-10-10 08:31:45
E6711,{221},A98,export,2025-12-23 15:54:34.000000,2025-12-24 22:44:08
E6712,{221},A98,api_call,2025-10-02 23:24:26.000000,2025-10-03 16:31:33
E6713,{221},A98,login,2025-12-02 10:20:50.000000,2025-12-03 21:30:54
E6714,{223},A99,export,2025-06-28 20:59:01.000000,2025-06-29 12:31:26
E6715,{224},A99,feature_call,2025-06-23 05:57:10.000000,2025-06-23 20:01:11
E6716,{225},A99,api_call,2025-05-28 04:56:55.000000,2025-05-28 16:22:16
E6717,{225},A99,login,2025-06-25 16:54:02.000000,2025-06-25 20:15:22
E6718,{225},A99,api_call,2025-05-18 06:58:36.000000,2025-05-20 05:06:01
E6719,{225},A99,export,2025-06-22 18:51:45.000000,2025-06-23 07:45:21
E6720,{225},A99,feature_call,2025-06-24 00:45:47.000000,2025-06-24 10:53:57
E6721,{225},A99,feature_call,2025-07-07 10:56:25.000000,2025-07-08 09:21:21
E6722,{225},A99,feature_call,2025-06-18 05:36:36.000000,2025-06-18 20:09:30
E6723,{226},A100,login,2025-12-14 09:56:53.000000,2025-12-14 14:35:07
E6724,{89},A37,api_call,2026-02-09 09:13:10.000000,2026-02-11 06:39:40
E6725,{226},A92,feature_call,2026-02-15 18:23:11.000000,2026-02-17 13:22:23
E6726,{4},A83,feature_call,2026-02-06 14:26:21.000000,2026-02-08 10:51:59
E6727,{91},A62,login,2026-02-16 10:55:50.000000,2026-02-18 00:21:25
E6728,{139},A41,export,2026-02-11 16:34:52.000000,2026-02-11 17:00:09
E6729,{175},A59,api_call,2026-02-16 15:49:29.000000,2026-02-18 11:26:48
E6730,{11},A41,login,2026-02-04 02:32:15.000000,2026-02-05 00:52:00
E6731,{140},A10,api_call,2026-02-11 01:35:22.000000,2026-02-12 09:31:32
E6732,{160},A21,export,2026-02-13 08:15:25.000000,2026-02-13 11:06:40
E6733,{159},A12,feature_call,2026-02-12 11:57:42.000000,2026-02-13 20:17:08
E6734,{50},A69,export,2026-02-02 19:58:05.000000,2026-02-04 14:39:51
E6735,{28},A25,feature_call,2026-02-14 03:56:19.000000,2026-02-14 06:15:06
E6736,{128},A8,api_call,2026-02-12 13:53:19.000000,2026-02-13 20:31:46
E6737,{21},A44,feature_call,2026-02-14 21:56:49.000000,2026-02-16 21:27:39
E6738,{175},A34,login,2026-02-14 03:01:28.000000,2026-02-15 15:20:14
E6739,{143},A54,export,2026-02-06 04:30:27.000000,2026-02-06 21:03:11
E6740,{221},A74,feature_call,2026-02-03 23:57:17.000000,2026-02-04 18:34:47
E6741,{116},A99,api_call,2026-02-06 11:04:37.000000,2026-02-07 04:45:45
E6742,{98},A71,login,2026-02-05 03:53:44.000000,2026-02-06 21:23:40
E6743,{178},A67,export,2026-02-11 23:21:09.000000,2026-02-12 22:14:12
E6744,{225},A44,feature_call,2026-02-15 13:22:43.000000,2026-02-16 08:52:10
E6745,{215},A42,login,2026-02-13 23:12:39.000000,2026-02-14 08:42:49
E6746,{169},A35,api_call,2026-02-16 11:53:59.000000,2026-02-16 15:38:32
E6747,{91},A54,api_call,2026-02-07 23:38:36.000000,2026-02-08 03:51:49
E6748,{52},A28,login,2026-02-16 04:59:47.000000,2026-02-17 09:47:30
E6749,{37},A15,export,2026-02-11 14:39:46.000000,2026-02-12 22:43:58
E6750,{45},A61,login,2026-02-09 16:25:44.000000,2026-02-10 18:21:40
E6751,{105},A42,export,2026-02-07 22:34:15.000000,2026-02-09 05:01:27
E6752,{225},A22,api_call,2026-02-05 20:33:39.000000,2026-02-06 15:55:31
E6753,{50},A52,export,2026-02-12 13:50:56.000000,2026-02-14 07:37:26
E6754,{143},A29,api_call,2026-02-09 15:37:11.000000,2026-02-10 15:45:35
E6755,{121},A40,export,2026-02-04 13:42:45.000000,2026-02-04 19:12:41
E6756,{107},A10,feature_call,2026-02-03 19:48:17.000000,2026-02-05 12:56:40
E6757,{43},A38,login,2026-02-05 10:19:53.000000,2026-02-05 22:54:06
E6758,{125},A49,feature_call,2026-02-15 16:18:32.000000,2026-02-16 15:35:25
E6759,{150},A87,export,2026-02-03 23:53:44.000000,2026-02-05 06:52:59
E6760,{168},A38,login,2026-02-09 06:19:25.000000,2026-02-10 07:30:31
E6761,{187},A45,login,2026-02-13 19:38:34.000000,2026-02-15 18:40:49
E6762,{214},A34,api_call,2026-02-08 16:55:27.000000,2026-02-10 06:43:20
E6763,{164},A14,export,2026-02-07 12:29:37.000000,2026-02-07 20:36:42
E6764,{55},A53,login,2026-02-05 13:50:27.000000,2026-02-07 01:51:57
E6765,{153},A18,login,2026-02-12 05:53:36.000000,2026-02-12 20:11:26
E6766,{188},A58,login,2026-02-04 13:21:10.000000,2026-02-05 13:12:21
E6767,{85},A86,feature_call,2026-02-13 03:04:56.000000,2026-02-13 11:09:25
E6768,{93},A19,login,2026-02-03 20:54:31.000000,2026-02-05 19:31:47
E6769,{26},A36,api_call,2026-02-12 09:24:50.000000,2026-02-13 15:03:33
E6770,{60},A22,login,2026-02-07 14:00:38.000000,2026-02-07 17:38:30
E6771,{57},A46,api_call,2026-02-06 15:15:01.000000,2026-02-06 22:31:44
E6772,{30},A29,feature_call,2026-02-03 21:15:40.000000,2026-02-04 01:56:55
E6773,{57},A60,feature_call,2026-02-06 11:45:40.000000,2026-02-08 03:37:57
E6774,{162},A15,api_call,2026-02-11 10:12:13.000000,2026-02-12 02:48:30
E6775,{151},A38,export,2026-02-12 23:53:37.000000,2026-02-14 23:33:41
E6776,{79},A19,api_call,2026-02-05 14:12:39.000000,2026-02-05 14:33:36
E6777,{216},A42,export,2026-02-15 06:33:57.000000,2026-02-16 15:19:14
E6778,{168},A98,login,2026-02-04 06:08:27.000000,2026-02-05 15:19:35
E6779,{76},A16,feature_call,2026-02-10 01:07:05.000000,2026-02-11 20:33:25
E6780,{55},A75,feature_call,2026-02-10 21:40:42.000000,2026-02-11 00:12:46
E6781,{111},A7,export,2026-02-08 02:53:45.000000,2026-02-08 05:16:48
E6782,{96},A74,login,2026-02-03 02:54:41.000000,2026-02-04 16:43:30
E6783,{142},A2,export,2026-02-11 05:41:03.000000,2026-02-13 01:00:10
E6784,{95},A99,export,2026-02-16 16:52:08.000000,2026-02-17 13:49:24
E6785,{145},A62,feature_call,2026-02-12 00:50:39.000000,2026-02-13 01:44:31
E6786,{66},A80,export,2026-02-13 02:39:26.000000,2026-02-14 18:02:42
E6787,{88},A81,export,2026-02-05 00:32:48.000000,2026-02-06 14:11:04
E6788,{226},A82,feature_call,2026-02-09 12:34:18.000000,2026-02-10 12:11:56
E6789,{87},A62,feature_call,2026-02-06 12:24:52.000000,2026-02-07 11:51:20
E6790,{130},A48,api_call,2026-02-09 11:50:15.000000,2026-02-10 05:32:46
E6791,{126},A16,api_call,2026-02-09 01:55:02.000000,2026-02-09 23:39:43
E6792,{206},A85,feature_call,2026-02-09 15:10:13.000000,2026-02-11 12:49:26
E6793,{2},A15,export,2026-02-04 13:48:54.000000,2026-02-05 23:52:42
E6794,{114},A72,api_call,2026-02-03 11:25:41.000000,2026-02-03 19:30:15
E6795,{136},A3,login,2026-02-07 22:35:37.000000,2026-02-08 16:11:17
E6796,{155},A55,export,2026-02-06 05:07:11.000000,2026-02-07 13:36:23
E6797,{196},A31,export,2026-02-13 16:23:16.000000,2026-02-14 07:28:10
E6798,{218},A3,export,2026-02-06 13:55:08.000000,2026-02-07 14:52:47
E6799,{186},A34,login,2026-02-10 06:57:40.000000,2026-02-10 09:45:21
E6800,{155},A74,export,2026-02-15 10:52:20.000000,2026-02-15 12:24:51
E6801,{205},A18,login,2026-02-16 06:44:50.000000,2026-02-17 13:28:13
E6802,{51},A4,login,2026-02-14 16:24:36.000000,2026-02-15 21:02:24
E6803,{104},A53,api_call,2026-02-08 23:10:15.000000,2026-02-09 00:05:02
E6804,{68},A19,login,2026-02-14 00:48:37.000000,2026-02-14 18:26:43
E6805,{63},A23,feature_call,2026-02-04 12:30:08.000000,2026-02-06 10:04:37
E6806,{106},A87,api_call,2026-02-12 13:46:18.000000,2026-02-12 18:26:57
E6807,{115},A55,api_call,2026-02-10 10:35:28.000000,2026-02-10 18:26:40
E6808,{84},A100,login,2026-02-03 03:57:56.000000,2026-02-04 04:47:31
E6809,{107},A72,api_call,2026-02-10 03:39:55.000000,2026-02-11 22:13:15
E6810,{193},A44,api_call,2026-02-08 09:45:05.000000,2026-02-10 02:06:59
E6811,{173},A32,login,2026-02-10 15:04:28.000000,2026-02-11 08:10:54
E6812,{180},A62,login,2026-02-16 06:21:10.000000,2026-02-16 15:22:01
E6813,{51},A29,feature_call,2026-02-05 03:43:10.000000,2026-02-06 02:55:03
E6814,{154},A54,export,2026-02-10 13:44:03.000000,2026-02-12 03:56:24
E6815,{179},A41,export,2026-02-14 15:37:45.000000,2026-02-16 11:39:21
E6816,{77},A75,export,2026-02-09 02:23:59.000000,2026-02-09 21:31:53
E6817,{168},A70,export,2026-02-03 02:15:42.000000,2026-02-03 21:57:16
E6818,{137},A39,login,2026-02-09 13:42:57.000000,2026-02-11 01:54:49
E6819,{213},A64,feature_call,2026-02-08 13:59:04.000000,2026-02-09 23:09:00
E6820,{116},A99,login,2026-02-10 00:52:23.000000,2026-02-10 06:04:15
E6821,{134},A65,api_call,2026-02-04 08:10:10.000000,2026-02-04 16:04:07
E6822,{64},A92,api_call,2026-02-05 03:47:54.000000,2026-02-06 00:27:43
E6823,{190},A18,export,2026-02-13 14:17:12.000000,2026-02-14 06:28:13
E6824,{215},A68,api_call,2026-02-12 22:20:23.000000,2026-02-14 21:57:56
E6825,{102},A51,login,2026-02-04 09:33:37.000000,2026-02-05 02:02:07
E6826,{20},A2,login,2026-02-05 01:05:04.000000,2026-02-05 21:34:10
E6827,{187},A58,feature_call,2026-02-03 16:40:07.000000,2026-02-04 23:50:00
E6828,{174},A93,login,2026-02-12 12:37:39.000000,2026-02-13 10:50:53
E6829,{184},A17,feature_call,2026-02-15 00:49:22.000000,2026-02-16 05:16:52
E6830,{145},A44,export,2026-02-15 20:30:01.000000,2026-02-16 10:58:14
E6831,{98},A7,feature_call,2026-02-08 13:53:47.000000,2026-02-08 15:29:04
E6832,{196},A40,api_call,2026-02-07 13:09:41.000000,2026-02-07 23:32:50
E6833,{20},A82,feature_call,2026-02-12 19:46:13.000000,2026-02-13 03:51:52
E6834,{49},A1,feature_call,2026-02-06 14:38:57.000000,2026-02-07 02:17:18
E6835,{207},A48,login,2026-02-15 17:00:22.000000,2026-02-16 20:20:29
E6836,{144},A29,feature_call,2026-02-03 09:53:25.000000,2026-02-03 16:40:15
E6837,{33},A64,api_call,2026-02-02 22:49:20.000000,2026-02-03 07:28:33
E6838,{153},A25,export,2026-02-12 15:27:10.000000,2026-02-14 08:00:34
E6839,{218},A43,export,2026-02-08 01:08:04.000000,2026-02-09 17:15:01
E6840,{173},A42,export,2026-02-08 12:21:21.000000,2026-02-08 22:15:19
E6841,{160},A100,export,2026-02-05 12:10:15.000000,2026-02-05 12:42:11
E6842,{18},A58,export,2026-02-04 02:36:21.000000,2026-02-05 21:09:26
E6843,{147},A38,api_call,2026-02-08 18:01:02.000000,2026-02-09 08:37:51
E6844,{15},A15,login,2026-02-14 02:50:24.000000,2026-02-15 20:07:29
E6845,{146},A98,export,2026-02-15 08:19:04.000000,2026-02-15 14:05:31
E6846,{130},A51,api_call,2026-02-03 14:18:06.000000,2026-02-04 16:06:10
E6847,{95},A23,export,2026-02-15 06:04:57.000000,2026-02-16 17:48:47
E6848,{133},A67,login,2026-02-11 08:24:20.000000,2026-02-12 13:57:55
E6849,{202},A40,api_call,2026-02-14 04:03:13.000000,2026-02-16 03:05:03
E6850,{46},A80,feature_call,2026-02-08 05:32:02.000000,2026-02-09 06:09:03
E6851,{59},A24,api_call,2026-02-10 15:16:55.000000,2026-02-12 05:11:57
E6852,{107},A1,feature_call,2026-02-16 03:57:32.000000,2026-02-16 05:56:03
E6853,{162},A43,login,2026-02-06 01:07:44.000000,2026-02-07 11:58:06
E6854,{201},A72,feature_call,2026-02-13 14:02:20.000000,2026-02-13 14:05:25
E6855,{184},A41,api_call,2026-02-08 22:27:56.000000,2026-02-09 07:28:00
E6856,{62},A55,export,2026-02-14 19:05:42.000000,2026-02-16 13:11:45
E6857,{98},A83,export,2026-02-16 16:14:12.000000,2026-02-18 08:15:38
E6858,{7},A47,feature_call,2026-02-06 03:57:23.000000,2026-02-06 20:35:09
E6859,{144},A78,feature_call,2026-02-05 16:35:23.000000,2026-02-06 14:31:48
E6860,{180},A25,export,2026-02-07 06:51:08.000000,2026-02-09 02:22:56
E6861,{54},A83,api_call,2026-02-13 05:34:15.000000,2026-02-13 23:20:50
E6862,{221},A98,api_call,2026-02-05 04:57:14.000000,2026-02-05 08:55:40
E6863,{199},A33,export,2026-02-14 09:46:56.000000,2026-02-15 01:00:22
E6864,{120},A1,login,2026-02-06 11:03:10.000000,2026-02-08 02:24:52
E6865,{29},A62,feature_call,2026-02-13 20:33:46.000000,2026-02-15 11:27:02
E6866,{155},A94,feature_call,2026-02-03 08:22:19.000000,2026-02-05 02:23:18
E6867,{115},A96,login,2026-02-15 10:30:48.000000,2026-02-16 06:38:10
E6868,{116},A52,feature_call,2026-02-15 10:22:42.000000,2026-02-17 07:18:19
E6869,{85},A8,api_call,2026-02-15 23:56:57.000000,2026-02-16 13:16:16
E6870,{212},A48,export,2026-02-09 02:18:38.000000,2026-02-09 09:27:53
E6871,{127},A26,api_call,2026-02-04 22:41:47.000000,2026-02-05 21:27:24
E6872,{108},A27,export,2026-02-08 05:13:48.000000,2026-02-10 02:02:32
E6873,{111},A53,api_call,2026-02-05 04:35:52.000000,2026-02-05 20:43:02
E6874,{153},A87,login,2026-02-02 21:33:10.000000,2026-02-03 22:12:38
E6875,{85},A46,login,2026-02-11 23:06:12.000000,2026-02-13 15:41:20
E6876,{172},A30,api_call,2026-02-15 20:48:01.000000,2026-02-16 03:39:48
E6877,{155},A89,login,2026-02-09 10:43:56.000000,2026-02-10 15:23:17
E6878,{43},A82,api_call,2026-02-11 02:54:02.000000,2026-02-11 06:36:56
E6879,{95},A28,feature_call,2026-02-03 18:54:11.000000,2026-02-05 13:31:47
E6880,{158},A69,api_call,2026-02-13 09:17:23.000000,2026-02-14 21:58:09
E6881,{149},A15,feature_call,2026-02-10 14:45:29.000000,2026-02-11 09:00:51
E6882,{27},A15,login,2026-02-04 23:18:06.000000,2026-02-05 06:23:28
E6883,{109},A67,feature_call,2026-02-10 18:34:19.000000,2026-02-11 01:50:25
E6884,{124},A49,feature_call,2026-02-04 02:31:23.000000,2026-02-05 23:50:41
E6885,{132},A83,export,2026-02-11 10:38:54.000000,2026-02-11 13:13:27
E6886,{100},A3,api_call,2026-02-13 03:13:31.000000,2026-02-13 22:41:54
E6887,{121},A51,login,2026-02-14 00:16:40.000000,2026-02-14 14:15:48
E6888,{154},A74,api_call,2026-02-11 02:20:13.000000,2026-02-12 21:08:34
E6889,{93},A5,api_call,2026-02-10 12:35:04.000000,2026-02-11 19:48:27
E6890,{181},A66,export,2026-02-05 23:08:50.000000,2026-02-06 03:17:22
E6891,{99},A23,feature_call,2026-02-11 22:08:54.000000,2026-02-12 01:28:32
E6892,{180},A91,login,2026-02-03 15:06:44.000000,2026-02-03 21:00:53
E6893,{46},A10,api_call,2026-02-10 08:23:52.000000,2026-02-12 07:07:17
E6894,{154},A29,export,2026-02-12 03:21:48.000000,2026-02-13 10:10:57
E6895,{123},A86,feature_call,2026-02-13 03:57:26.000000,2026-02-13 08:17:45
E6896,{29},A55,feature_call,2026-02-09 00:52:38.000000,2026-02-10 10:31:41
E6897,{39},A50,api_call,2026-02-04 08:28:21.000000,2026-02-05 08:28:56
E6898,{203},A15,login,2026-02-12 15:35:28.000000,2026-02-13 23:00:59
E6899,{31},A28,api_call,2026-02-03 14:57:19.000000,2026-02-03 18:01:45
E6900,{74},A37,export,2026-02-16 10:19:52.000000,2026-02-17 13:36:12
E6901,{123},A8,export,2026-02-11 11:36:02.000000,2026-02-11 19:11:47
E6902,{154},A92,export,2026-02-04 12:40:01.000000,2026-02-05 20:58:20
E6903,{126},A33,api_call,2026-02-11 03:06:01.000000,2026-02-11 16:15:56
E6904,{12},A34,api_call,2026-02-09 18:05:50.000000,2026-02-10 02:31:23
E6905,{209},A94,export,2026-02-05 03:57:43.000000,2026-02-06 01:15:13
E6906,{16},A7,feature_call,2026-02-03 05:23:25.000000,2026-02-03 15:57:07
E6907,{60},A54,login,2026-02-07 09:43:34.000000,2026-02-08 16:24:48
E6908,{11},A45,export,2026-02-15 05:26:54.000000,2026-02-16 23:05:46
E6909,{188},A58,api_call,2026-02-06 07:58:20.000000,2026-02-06 18:08:45
E6910,{178},A56,export,2026-02-09 16:52:27.000000,2026-02-11 12:09:42
E6911,{57},A84,feature_call,2026-02-02 18:01:17.000000,2026-02-03 06:18:12
E6912,{158},A26,export,2026-02-15 01:58:17.000000,2026-02-16 02:33:07
E6913,{165},A14,api_call,2026-02-03 14:24:21.000000,2026-02-04 20:51:29
E6914,{36},A98,feature_call,2026-02-11 02:40:30.000000,2026-02-12 17:34:10
E6915,{127},A2,export,2026-02-15 23:26:00.000000,2026-02-17 13:03:46
E6916,{196},A63,api_call,2026-02-04 09:54:47.000000,2026-02-05 22:08:52
E6917,{125},A31,login,2026-02-08 16:55:13.000000,2026-02-09 12:39:43
E6918,{141},A97,api_call,2026-02-13 10:18:25.000000,2026-02-14 13:05:22
E6919,{126},A9,api_call,2026-02-05 23:15:44.000000,2026-02-06 15:22:00
E6920,{141},A84,login,2026-02-02 20:01:51.000000,2026-02-04 10:29:04
E6921,{226},A31,export,2026-02-09 05:11:18.000000,2026-02-10 21:30:25
E6922,{61},A22,export,2026-02-03 14:40:35.000000,2026-02-03 20:19:35
E6923,{213},A78,feature_call,2026-02-04 01:09:59.000000,2026-02-05 03:16:14
E6924,{139},A1,login,2026-02-16 12:32:17.000000,2026-02-17 07:14:04
